BCPG PCL | Price History                                          25-Sep-2024 16:41,,,,,,,,,,,,,,,
,,,,,,,,,,,,,,,
,,,,,,,,,,,,,,,
BCPG.BK,,,,,,,,,,,,,,,
Interval: Weekly,,,,,,,,,,,,,,,
History Period: 10 Years,,,,,,,,,,,,,,,
,,,,,,,,,,,,,,,
,,,,,,,,,,,,,,,
VAP: Total,"23,245,882,300",,,,,,,,,,,,,,
Price,Volume,%Volume,Count,%Count,,,,,,,,,,,
25.00 - 30.00,"824,828,447",3.55%,5,1.20%,,,,,,,,,,,
20.00 - 25.00,"3,323,476,195",14.30%,25,5.98%,,,,,,,,,,,
15.00 - 20.00,"5,327,322,829",22.92%,127,30.38%,,,,,,,,,,,
10.00 - 15.00,"11,987,186,029",51.57%,174,41.63%,,,,,,,,,,,
5.00 - 10.00,"1,783,068,800",7.67%,87,20.81%,,,,,,,,,,,
,,,,,,,,,,,,,,,
,,,,,,,,,,,,,,,
BCPG.BK Statistics     Weekly     10 Years,,,,,,,,,,,,,,,
Price,,,Volume,,,,,Up/Down,,Price Change (Close-Close),,,Turnover,,
High,27.62,19-ม.ค.-2018,Max,"1,095,136,599",14-ต.ค.-2016,Advancing,"12,088,950,602",Up,177,Up,+16.81%,07-ต.ค.-2016,Max,"13,684,685,220.00",14-ต.ค.-2016
Low,5.05,09-ส.ค.-2024,Min,"4,746,100",16-ส.ค.-2024,Declining,"8,224,588,145",Down,184,Down,-23.03%,13-มี.ค.-2020,Min,"25,710,505.00",16-ส.ค.-2024
Avg,13.83,,Avg,"55,612,159",,Total,"23,245,882,300",Unch,56,Period,-31.82%,10 Years,Avg,"858,988,259.69",
,,,,,,,,,,,,,,,
,,,,,,,,,,,,,,,
BCPG.BK History     Weekly     10 Years,,,,,,,,,,,,,,,
Exchange Date,Close,Net,%Chg,Open,Low,High,Volume,Turnover - THB,Flow,,,,,,
27-ก.ย.-2024,7.60,+0.15,+2.01%,7.45,7.30,7.80,"35,072,200","265,372,420.00","55,583,993,660.00",,,,,,
20-ก.ย.-2024,7.45,+0.35,+4.93%,7.15,7.05,7.50,"52,350,800","379,529,690.00","55,318,621,240.00",,,,,,
13-ก.ย.-2024,7.10,+0.05,+0.71%,7.05,6.90,7.25,"47,599,300","336,602,470.00","54,939,091,550.00",,,,,,
06-ก.ย.-2024,7.05,+0.95,+15.57%,5.95,5.85,7.15,"67,477,200","447,906,120.00","54,602,489,080.00",,,,,,
30-ส.ค.-2024,6.10,+0.10,+1.67%,6.05,5.90,6.20,"18,728,200","113,754,015.00","54,154,582,960.00",,,,,,
23-ส.ค.-2024,6.00,+0.45,+8.11%,5.55,5.50,6.10,"17,598,400","103,063,240.00","54,040,828,945.00",,,,,,
16-ส.ค.-2024,5.55,0.00,0.00%,5.50,5.35,5.55,"4,746,100","25,710,505.00","53,937,765,705.00",,,,,,
09-ส.ค.-2024,5.55,+0.05,+0.91%,5.50,5.05,5.70,"19,152,100","102,601,630.00","53,912,055,200.00",,,,,,
02-ส.ค.-2024,5.50,0.00,0.00%,5.50,5.45,5.65,"11,898,800","65,980,365.00","53,809,453,570.00",,,,,,
26-ก.ค.-2024,5.50,-0.50,-8.33%,6.00,5.45,6.05,"16,559,500","93,404,075.00","53,875,433,935.00",,,,,,
19-ก.ค.-2024,6.00,-0.50,-7.69%,6.45,6.00,6.50,"13,278,900","82,291,675.00","53,968,838,010.00",,,,,,
12-ก.ค.-2024,6.50,+0.25,+4.00%,6.25,6.15,6.85,"15,145,400","98,901,150.00","54,051,129,685.00",,,,,,
05-ก.ค.-2024,6.25,-0.05,-0.79%,6.30,6.10,6.35,"6,289,800","39,023,370.00","53,952,228,535.00",,,,,,
28-มิ.ย.-2024,6.30,+0.20,+3.28%,6.05,6.05,6.45,"13,528,300","84,814,830.00","53,991,251,905.00",,,,,,
21-มิ.ย.-2024,6.10,+0.15,+2.52%,6.10,5.70,6.15,"15,636,200","92,735,040.00","53,906,437,075.00",,,,,,
14-มิ.ย.-2024,5.95,-0.25,-4.03%,6.20,5.90,6.30,"12,748,100","77,589,590.00","53,813,702,035.00",,,,,,
07-มิ.ย.-2024,6.20,-0.45,-6.77%,6.65,6.15,6.65,"8,050,200","51,207,120.00","53,891,291,625.00",,,,,,
31-พ.ค.-2024,6.65,+0.15,+2.31%,6.50,6.50,6.65,"7,903,800","51,991,555.00","53,942,498,745.00",,,,,,
24-พ.ค.-2024,6.50,-0.10,-1.52%,6.55,6.40,6.70,"5,667,400","36,967,000.00","53,890,507,190.00",,,,,,
17-พ.ค.-2024,6.60,0.00,0.00%,6.60,6.40,6.65,"9,921,100","64,613,485.00","53,927,474,190.00",,,,,,
10-พ.ค.-2024,6.60,-0.15,-2.22%,6.75,6.60,6.85,"5,951,200","40,024,405.00","53,992,087,675.00",,,,,,
03-พ.ค.-2024,6.75,+0.20,+3.05%,6.70,6.60,6.85,"8,347,400","56,180,775.00","54,032,112,080.00",,,,,,
26-เม.ย.-2024,6.55,+0.30,+4.80%,6.30,6.30,6.70,"11,433,400","74,620,550.00","53,975,931,305.00",,,,,,
19-เม.ย.-2024,6.25,-0.80,-11.35%,6.80,6.20,6.90,"13,585,200","88,788,380.00","53,901,310,755.00",,,,,,
12-เม.ย.-2024,7.05,+0.25,+3.68%,6.80,6.80,7.15,"8,895,300","62,353,115.00","53,990,099,135.00",,,,,,
05-เม.ย.-2024,6.80,-0.15,-2.16%,6.95,6.75,7.00,"8,364,400","57,400,510.00","53,927,746,020.00",,,,,,
29-มี.ค.-2024,6.95,-0.15,-2.11%,7.10,6.55,7.15,"36,369,400","246,315,560.00","53,985,146,530.00",,,,,,
22-มี.ค.-2024,7.10,-0.15,-2.07%,7.25,7.05,7.25,"11,785,100","83,977,395.00","54,231,462,090.00",,,,,,
15-มี.ค.-2024,7.25,-0.10,-1.36%,7.35,7.20,7.40,"14,028,100","101,868,505.00","54,315,439,485.00",,,,,,
08-มี.ค.-2024,7.35,-0.55,-6.96%,7.70,7.25,7.70,"12,318,600","91,072,435.00","54,417,307,990.00",,,,,,
01-มี.ค.-2024,7.90,-0.25,-3.07%,8.15,7.75,8.15,"13,039,800","103,436,170.00","54,508,380,425.00",,,,,,
23-ก.พ.-2024,8.15,-0.10,-1.21%,8.25,8.00,8.30,"10,686,900","87,053,030.00","54,611,816,595.00",,,,,,
16-ก.พ.-2024,8.25,0.00,0.00%,8.30,8.20,8.45,"10,349,900","86,188,835.00","54,698,869,625.00",,,,,,
09-ก.พ.-2024,8.25,+0.05,+0.61%,8.20,8.15,8.35,"6,090,500","50,272,245.00","54,612,680,790.00",,,,,,
02-ก.พ.-2024,8.20,-0.05,-0.61%,8.30,8.15,8.45,"5,608,300","46,464,310.00","54,562,408,545.00",,,,,,
26-ม.ค.-2024,8.25,-0.10,-1.20%,8.35,8.05,8.35,"7,601,600","62,413,555.00","54,608,872,855.00",,,,,,
19-ม.ค.-2024,8.35,-0.10,-1.18%,8.45,8.15,8.50,"10,349,300","85,907,435.00","54,671,286,410.00",,,,,,
12-ม.ค.-2024,8.45,-0.25,-2.87%,8.70,8.30,8.70,"15,719,200","133,290,290.00","54,757,193,845.00",,,,,,
05-ม.ค.-2024,8.70,-0.10,-1.14%,8.80,8.65,8.95,"11,856,500","104,476,735.00","54,890,484,135.00",,,,,,
29-ธ.ค.-2023,8.80,+0.10,+1.15%,8.65,8.55,8.80,"5,902,200","51,233,300.00","54,994,960,870.00",,,,,,
22-ธ.ค.-2023,8.70,+0.05,+0.58%,8.65,8.45,8.75,"14,346,400","123,257,050.00","54,943,727,570.00",,,,,,
15-ธ.ค.-2023,8.65,-0.05,-0.57%,8.65,8.40,8.75,"11,310,700","97,498,270.00","54,820,470,520.00",,,,,,
08-ธ.ค.-2023,8.70,0.00,0.00%,8.75,8.70,9.00,"8,536,300","75,405,835.00","54,917,968,790.00",,,,,,
01-ธ.ค.-2023,8.70,-0.05,-0.57%,8.75,8.65,8.90,"7,230,300","63,308,315.00","54,993,374,625.00",,,,,,
24-พ.ย.-2023,8.75,+0.05,+0.57%,8.80,8.70,9.00,"11,657,600","103,036,885.00","55,056,682,940.00",,,,,,
17-พ.ย.-2023,8.70,-0.15,-1.69%,8.85,8.25,8.90,"25,293,900","216,501,300.00","54,953,646,055.00",,,,,,
10-พ.ย.-2023,8.85,-0.25,-2.75%,9.20,8.80,9.20,"8,717,500","78,261,275.00","55,170,147,355.00",,,,,,
03-พ.ย.-2023,9.10,+0.20,+2.25%,8.85,8.80,9.20,"13,387,300","120,449,650.00","55,248,408,630.00",,,,,,
27-ต.ค.-2023,8.90,+0.10,+1.14%,8.80,8.75,9.15,"10,951,200","97,572,340.00","55,127,958,980.00",,,,,,
20-ต.ค.-2023,8.80,-0.15,-1.68%,8.95,8.70,9.10,"22,990,800","204,321,940.00","55,030,386,640.00",,,,,,
13-ต.ค.-2023,8.95,-0.30,-3.24%,9.15,8.80,9.20,"28,620,900","256,061,130.00","55,234,708,580.00",,,,,,
06-ต.ค.-2023,9.25,-0.35,-3.65%,9.60,9.15,9.60,"15,655,000","146,133,640.00","55,490,769,710.00",,,,,,
29-ก.ย.-2023,9.60,-0.50,-4.95%,10.10,9.45,10.10,"23,263,700","226,146,690.00","55,636,903,350.00",,,,,,
22-ก.ย.-2023,10.10,0.00,0.00%,10.10,9.85,10.30,"16,803,300","168,711,485.00","55,863,050,040.00",,,,,,
15-ก.ย.-2023,10.10,+0.10,+1.00%,10.10,10.00,10.30,"15,924,800","160,481,540.00","55,694,338,555.00",,,,,,
08-ก.ย.-2023,10.00,-0.20,-1.96%,10.00,9.85,10.20,"21,123,100","211,139,205.00","55,533,857,015.00",,,,,,
01-ก.ย.-2023,10.20,0.00,0.00%,10.30,10.00,10.60,"33,941,900","348,584,810.00","55,744,996,220.00",,,,,,
25-ส.ค.-2023,10.20,+0.35,+3.55%,9.90,9.75,10.40,"39,539,200","399,702,580.00","55,396,411,410.00",,,,,,
18-ส.ค.-2023,9.85,+0.40,+4.23%,9.40,9.05,10.10,"31,857,400","305,236,105.00","54,996,708,830.00",,,,,,
11-ส.ค.-2023,9.45,0.00,0.00%,9.45,9.30,9.75,"21,565,400","204,871,430.00","54,691,472,725.00",,,,,,
04-ส.ค.-2023,9.45,-0.15,-1.56%,9.65,9.45,9.70,"11,759,600","112,659,320.00","54,896,344,155.00",,,,,,
28-ก.ค.-2023,9.60,0.00,0.00%,9.65,9.35,9.70,"12,329,700","117,271,335.00","55,009,003,475.00",,,,,,
21-ก.ค.-2023,9.60,+0.45,+4.92%,9.20,9.15,9.80,"31,325,900","300,628,550.00","54,891,732,140.00",,,,,,
14-ก.ค.-2023,9.15,+0.15,+1.67%,9.10,8.90,9.20,"10,743,100","96,982,425.00","54,591,103,590.00",,,,,,
07-ก.ค.-2023,9.00,-0.15,-1.64%,9.15,8.95,9.25,"15,127,800","137,387,335.00","54,494,121,165.00",,,,,,
30-มิ.ย.-2023,9.15,+0.15,+1.67%,9.00,8.85,9.20,"14,003,600","125,806,550.00","54,631,508,500.00",,,,,,
23-มิ.ย.-2023,9.00,-0.20,-2.17%,9.25,8.90,9.35,"14,969,000","136,111,425.00","54,505,701,950.00",,,,,,
16-มิ.ย.-2023,9.20,-0.10,-1.08%,9.30,9.10,9.65,"27,087,600","254,979,360.00","54,641,813,375.00",,,,,,
09-มิ.ย.-2023,9.30,+0.20,+2.20%,9.10,9.05,9.40,"12,574,100","115,892,555.00","54,896,792,735.00",,,,,,
02-มิ.ย.-2023,9.10,-0.10,-1.09%,9.20,9.00,9.25,"14,172,600","129,031,975.00","54,780,900,180.00",,,,,,
26-พ.ค.-2023,9.20,+0.35,+3.95%,8.85,8.70,9.40,"18,851,600","171,419,970.00","54,909,932,155.00",,,,,,
19-พ.ค.-2023,8.85,-0.55,-5.85%,9.45,8.80,9.50,"32,818,900","299,245,065.00","54,738,512,185.00",,,,,,
12-พ.ค.-2023,9.40,0.00,0.00%,9.45,9.30,9.80,"32,824,800","310,036,590.00","55,037,757,250.00",,,,,,
05-พ.ค.-2023,9.40,-0.35,-3.59%,9.75,9.30,9.85,"11,055,500","104,715,905.00","55,347,793,840.00",,,,,,
28-เม.ย.-2023,9.75,-0.55,-5.34%,10.30,9.70,10.30,"28,780,400","286,115,575.00","55,452,509,745.00",,,,,,
21-เม.ย.-2023,10.30,0.00,0.00%,10.20,10.10,10.60,"29,425,400","304,587,550.00","55,738,625,320.00",,,,,,
14-เม.ย.-2023,10.30,+0.20,+1.98%,10.10,10.00,10.40,"11,843,000","121,179,980.00","55,434,037,770.00",,,,,,
07-เม.ย.-2023,10.10,+0.15,+1.51%,10.00,9.95,10.30,"19,826,900","200,305,755.00","55,312,857,790.00",,,,,,
31-มี.ค.-2023,9.95,+0.10,+1.02%,9.90,9.80,10.10,"24,159,200","240,793,685.00","55,112,552,035.00",,,,,,
24-มี.ค.-2023,9.85,+0.85,+9.44%,8.95,8.90,9.90,"29,235,300","277,504,335.00","54,871,758,350.00",,,,,,
17-มี.ค.-2023,9.00,-0.30,-3.23%,9.25,8.70,9.40,"24,643,600","221,649,765.00","54,594,254,015.00",,,,,,
10-มี.ค.-2023,9.30,+0.05,+0.54%,9.30,9.25,9.50,"9,309,000","87,168,680.00","54,815,903,780.00",,,,,,
03-มี.ค.-2023,9.25,-0.50,-5.13%,9.80,9.20,9.85,"27,815,400","265,225,010.00","54,728,735,100.00",,,,,,
24-ก.พ.-2023,9.75,+0.10,+1.04%,9.70,9.70,10.20,"25,289,800","250,913,905.00","54,993,960,110.00",,,,,,
17-ก.พ.-2023,9.65,-0.20,-2.03%,9.90,9.60,9.95,"12,968,000","126,830,565.00","54,743,046,205.00",,,,,,
10-ก.พ.-2023,9.85,-0.15,-1.50%,10.00,9.85,10.10,"8,442,100","84,074,975.00","54,869,876,770.00",,,,,,
03-ก.พ.-2023,10.00,+0.10,+1.01%,9.90,9.80,10.10,"14,926,400","148,860,210.00","54,953,951,745.00",,,,,,
27-ม.ค.-2023,9.90,-0.20,-1.98%,10.20,9.75,10.20,"29,619,300","294,745,795.00","54,805,091,535.00",,,,,,
20-ม.ค.-2023,10.10,0.00,0.00%,10.10,10.10,10.70,"49,512,800","514,017,360.00","55,099,837,330.00",,,,,,
13-ม.ค.-2023,10.10,+0.10,+1.00%,10.00,9.95,10.20,"15,142,700","152,639,855.00","54,585,819,970.00",,,,,,
06-ม.ค.-2023,10.00,-0.20,-1.96%,10.20,10.00,10.50,"13,832,100","141,145,290.00","54,433,180,115.00",,,,,,
30-ธ.ค.-2022,10.20,+0.20,+2.00%,10.00,9.95,10.40,"11,568,300","117,598,065.00","54,574,325,405.00",,,,,,
23-ธ.ค.-2022,10.00,-0.10,-0.99%,10.20,9.90,10.40,"19,660,200","197,731,155.00","54,456,727,340.00",,,,,,
16-ธ.ค.-2022,10.10,0.00,0.00%,10.20,10.00,10.30,"20,011,000","203,255,120.00","54,654,458,495.00",,,,,,
09-ธ.ค.-2022,10.10,-0.10,-0.98%,10.20,10.00,10.30,"18,638,900","189,078,530.00","54,857,713,615.00",,,,,,
02-ธ.ค.-2022,10.20,+0.10,+0.99%,10.10,9.95,10.50,"41,971,200","428,720,710.00","55,046,792,145.00",,,,,,
25-พ.ย.-2022,10.10,+0.30,+3.06%,9.80,9.70,10.20,"26,123,200","257,645,100.00","54,618,071,435.00",,,,,,
18-พ.ย.-2022,9.80,+0.15,+1.55%,9.60,9.60,9.90,"27,071,000","263,245,085.00","54,360,426,335.00",,,,,,
11-พ.ย.-2022,9.65,-0.05,-0.52%,9.75,9.50,9.90,"30,140,400","293,382,145.00","54,097,181,250.00",,,,,,
04-พ.ย.-2022,9.70,+0.10,+1.04%,9.55,9.50,9.80,"26,271,900","253,194,430.00","54,390,563,395.00",,,,,,
28-ต.ค.-2022,9.60,+0.05,+0.52%,9.65,9.35,9.70,"35,338,400","337,398,350.00","54,137,368,965.00",,,,,,
21-ต.ค.-2022,9.55,+0.60,+6.70%,8.90,8.75,9.90,"114,875,600","1,082,892,350.00","53,799,970,615.00",,,,,,
14-ต.ค.-2022,8.95,-0.20,-2.19%,9.10,8.70,9.10,"40,865,900","361,084,440.00","52,717,078,265.00",,,,,,
07-ต.ค.-2022,9.15,-0.05,-0.54%,9.20,9.05,9.35,"37,670,800","346,522,560.00","53,078,162,705.00",,,,,,
30-ก.ย.-2022,9.20,-0.90,-8.91%,9.90,9.05,9.95,"107,910,400","1,025,117,415.00","53,424,685,265.00",,,,,,
23-ก.ย.-2022,10.10,-0.30,-2.88%,10.40,9.95,10.40,"58,734,600","596,861,185.00","54,449,802,680.00",,,,,,
16-ก.ย.-2022,10.40,-0.20,-1.89%,10.70,10.40,10.80,"14,916,500","158,253,440.00","55,046,663,865.00",,,,,,
09-ก.ย.-2022,10.60,-0.10,-0.93%,10.60,10.60,10.80,"11,840,300","126,554,340.00","55,204,917,305.00",,,,,,
02-ก.ย.-2022,10.70,-0.30,-2.73%,10.90,10.50,11.10,"29,634,200","318,794,100.00","55,331,471,645.00",,,,,,
26-ส.ค.-2022,11.00,+0.10,+0.92%,10.90,10.70,11.20,"25,960,800","283,735,860.00","55,650,265,745.00",,,,,,
19-ส.ค.-2022,10.90,+0.40,+3.81%,10.50,10.50,11.10,"25,881,500","281,398,570.00","55,366,529,885.00",,,,,,
12-ส.ค.-2022,10.50,+0.20,+1.94%,10.40,10.30,10.70,"21,266,000","224,165,130.00","55,085,131,315.00",,,,,,
05-ส.ค.-2022,10.30,+0.10,+0.98%,10.30,10.20,10.50,"20,938,000","217,541,840.00","54,860,966,185.00",,,,,,
29-ก.ค.-2022,10.20,-0.10,-0.97%,10.30,10.20,10.60,"15,615,200","161,209,230.00","54,643,424,345.00",,,,,,
22-ก.ค.-2022,10.30,+0.10,+0.98%,10.30,10.10,10.50,"23,959,400","246,422,100.00","54,804,633,575.00",,,,,,
15-ก.ค.-2022,10.20,-0.20,-1.92%,10.40,10.20,10.70,"25,318,900","263,627,840.00","54,558,211,475.00",,,,,,
08-ก.ค.-2022,10.40,-0.50,-4.59%,10.90,10.20,10.90,"26,581,400","279,299,870.00","54,821,839,315.00",,,,,,
01-ก.ค.-2022,10.90,+0.20,+1.87%,10.80,10.80,11.20,"20,621,800","225,765,680.00","55,101,139,185.00",,,,,,
24-มิ.ย.-2022,10.70,-0.50,-4.46%,11.10,10.50,11.40,"42,037,300","458,917,290.00","54,875,373,505.00",,,,,,
17-มิ.ย.-2022,11.20,-0.70,-5.88%,11.70,11.00,11.80,"48,134,500","548,833,680.00","55,334,290,795.00",,,,,,
10-มิ.ย.-2022,11.90,+0.20,+1.71%,11.70,11.50,11.90,"31,813,800","371,324,860.00","55,883,124,475.00",,,,,,
03-มิ.ย.-2022,11.70,-0.10,-0.85%,11.80,11.60,12.00,"43,636,400","513,009,400.00","55,511,799,615.00",,,,,,
27-พ.ค.-2022,11.80,-0.40,-3.28%,12.20,11.80,12.20,"31,825,600","380,801,610.00","56,024,809,015.00",,,,,,
20-พ.ค.-2022,12.20,+0.60,+5.17%,11.70,11.70,12.20,"22,874,200","274,401,060.00","56,405,610,625.00",,,,,,
13-พ.ค.-2022,11.60,-0.10,-0.85%,11.60,11.30,11.90,"42,487,500","492,620,760.00","56,131,209,565.00",,,,,,
06-พ.ค.-2022,11.70,-0.60,-4.88%,12.30,11.70,12.40,"14,525,000","173,455,190.00","56,623,830,325.00",,,,,,
29-เม.ย.-2022,12.30,+0.10,+0.82%,12.10,12.00,12.60,"34,273,500","423,081,000.00","56,797,285,515.00",,,,,,
22-เม.ย.-2022,12.20,+0.20,+1.67%,12.00,11.80,12.20,"53,166,800","641,770,180.00","56,374,204,515.00",,,,,,
15-เม.ย.-2022,12.00,0.00,0.00%,12.00,11.90,12.20,"10,223,200","122,847,320.00","55,732,434,335.00",,,,,,
08-เม.ย.-2022,12.00,0.00,0.00%,12.00,11.80,12.10,"11,557,400","138,359,880.00","55,855,281,655.00",,,,,,
01-เม.ย.-2022,12.00,0.00,0.00%,12.00,11.90,12.20,"16,457,600","198,548,770.00","55,993,641,535.00",,,,,,
25-มี.ค.-2022,12.00,0.00,0.00%,12.00,11.80,12.30,"32,456,100","390,068,610.00","56,192,190,305.00",,,,,,
18-มี.ค.-2022,12.00,-0.10,-0.83%,12.10,11.80,12.50,"38,346,400","461,941,380.00","56,582,258,915.00",,,,,,
11-มี.ค.-2022,12.10,+0.10,+0.83%,11.60,11.10,12.20,"55,372,600","645,329,640.00","57,044,200,295.00",,,,,,
04-มี.ค.-2022,12.00,-0.50,-4.00%,12.50,12.00,12.70,"47,204,100","584,943,080.00","56,398,870,655.00",,,,,,
25-ก.พ.-2022,12.50,-0.60,-4.58%,13.10,12.20,13.20,"75,391,600","954,551,700.00","56,983,813,735.00",,,,,,
18-ก.พ.-2022,13.10,+0.20,+1.55%,12.90,12.60,13.40,"67,580,400","880,832,260.00","57,938,365,435.00",,,,,,
11-ก.พ.-2022,12.90,0.00,0.00%,12.90,12.70,13.30,"82,791,800","1,072,404,560.00","57,057,533,175.00",,,,,,
04-ก.พ.-2022,12.90,+1.00,+8.40%,12.00,12.00,13.10,"116,509,600","1,476,393,890.00","55,985,128,615.00",,,,,,
28-ม.ค.-2022,11.90,0.00,0.00%,11.90,11.60,12.10,"46,549,400","549,956,090.00","54,508,734,725.00",,,,,,
21-ม.ค.-2022,11.90,-0.40,-3.25%,12.40,11.80,12.50,"40,547,200","491,114,050.00","55,058,690,815.00",,,,,,
14-ม.ค.-2022,12.30,+0.30,+2.50%,12.00,11.90,12.70,"88,273,100","1,082,832,920.00","55,549,804,865.00",,,,,,
07-ม.ค.-2022,12.00,0.00,0.00%,12.10,11.70,12.20,"54,091,500","647,639,380.00","54,466,971,945.00",,,,,,
31-ธ.ค.-2021,12.00,-0.10,-0.83%,12.10,11.70,12.30,"46,719,500","558,742,180.00","55,114,611,325.00",,,,,,
24-ธ.ค.-2021,12.10,-0.60,-4.72%,12.60,12.10,12.70,"52,367,500","644,866,210.00","55,673,353,505.00",,,,,,
17-ธ.ค.-2021,12.70,-0.10,-0.78%,12.90,12.60,13.00,"27,298,000","348,862,970.00","56,318,219,715.00",,,,,,
10-ธ.ค.-2021,12.80,+0.20,+1.59%,12.60,12.60,12.90,"16,966,200","216,684,690.00","56,667,082,685.00",,,,,,
03-ธ.ค.-2021,12.60,-0.10,-0.79%,12.80,12.20,12.90,"44,124,300","554,494,780.00","56,450,397,995.00",,,,,,
26-พ.ย.-2021,12.70,-0.50,-3.79%,13.30,12.70,13.50,"59,282,300","782,615,870.00","57,004,892,775.00",,,,,,
19-พ.ย.-2021,13.20,+0.30,+2.33%,12.90,12.80,13.40,"56,143,000","733,498,210.00","57,787,508,645.00",,,,,,
12-พ.ย.-2021,12.90,0.00,0.00%,12.90,12.60,13.10,"25,427,400","327,558,520.00","57,054,010,435.00",,,,,,
05-พ.ย.-2021,12.90,-0.20,-1.53%,13.00,12.60,13.20,"40,644,600","526,530,350.00","57,381,568,955.00",,,,,,
29-ต.ค.-2021,13.10,-0.50,-3.68%,13.70,12.90,13.90,"69,362,600","922,764,630.00","57,908,099,305.00",,,,,,
22-ต.ค.-2021,13.60,-0.20,-1.45%,13.80,13.60,14.00,"23,102,300","317,572,730.00","58,830,863,935.00",,,,,,
15-ต.ค.-2021,13.80,0.00,0.00%,13.90,13.70,14.00,"15,021,100","207,676,350.00","59,148,436,665.00",,,,,,
08-ต.ค.-2021,13.80,+0.20,+1.47%,13.70,13.60,14.00,"23,414,500","322,666,940.00","58,940,760,315.00",,,,,,
01-ต.ค.-2021,13.60,-0.10,-0.73%,13.70,13.60,14.00,"28,606,800","393,893,970.00","58,618,093,375.00",,,,,,
24-ก.ย.-2021,13.70,-0.30,-2.14%,14.00,13.60,14.10,"35,870,000","496,585,730.00","59,011,987,345.00",,,,,,
17-ก.ย.-2021,14.00,-0.10,-0.71%,14.10,13.80,14.40,"34,569,900","488,660,580.00","59,508,573,075.00",,,,,,
10-ก.ย.-2021,14.10,-0.50,-3.42%,14.60,13.90,14.80,"55,312,800","785,378,210.00","59,997,233,655.00",,,,,,
03-ก.ย.-2021,14.60,+0.10,+0.69%,14.60,14.50,15.10,"62,983,700","929,092,450.00","60,782,611,865.00",,,,,,
27-ส.ค.-2021,14.50,+0.30,+2.11%,14.40,14.10,14.90,"80,478,500","1,165,168,260.00","59,853,519,415.00",,,,,,
20-ส.ค.-2021,14.20,0.00,0.00%,14.20,14.00,14.30,"44,727,500","632,610,970.00","58,688,351,155.00",,,,,,
13-ส.ค.-2021,14.20,-0.50,-3.40%,14.70,14.00,15.10,"53,746,600","787,864,480.00","59,320,962,125.00",,,,,,
06-ส.ค.-2021,14.70,+0.10,+0.68%,14.50,14.50,15.40,"76,551,500","1,144,881,220.00","60,108,826,605.00",,,,,,
30-ก.ค.-2021,14.60,+0.20,+1.39%,14.50,14.30,15.00,"75,487,200","1,110,739,530.00","58,963,945,385.00",,,,,,
23-ก.ค.-2021,14.40,0.00,0.00%,14.10,13.70,14.70,"86,382,400","1,227,135,690.00","57,853,205,855.00",,,,,,
16-ก.ค.-2021,14.40,+0.70,+5.11%,13.90,13.50,14.60,"89,324,900","1,256,087,820.00","56,626,070,165.00",,,,,,
09-ก.ค.-2021,13.70,-0.30,-2.14%,14.20,13.60,14.90,"117,531,200","1,684,128,730.00","55,369,982,345.00",,,,,,
02-ก.ค.-2021,14.00,+0.80,+6.06%,13.10,13.00,14.00,"28,323,200","383,173,540.00","57,054,111,075.00",,,,,,
25-มิ.ย.-2021,13.20,-0.80,-5.71%,13.90,13.20,13.90,"26,752,300","362,405,380.00","56,670,937,535.00",,,,,,
18-มิ.ย.-2021,14.00,-0.20,-1.41%,14.40,13.80,14.50,"28,903,500","407,555,380.00","57,033,342,915.00",,,,,,
11-มิ.ย.-2021,14.20,0.00,0.00%,14.30,13.90,14.40,"26,577,700","375,068,760.00","57,440,898,295.00",,,,,,
04-มิ.ย.-2021,14.20,+0.20,+1.43%,14.00,13.90,14.60,"19,833,800","283,942,380.00","57,065,829,535.00",,,,,,
28-พ.ค.-2021,14.00,+0.20,+1.45%,13.80,13.60,14.40,"15,581,600","219,198,140.00","56,781,887,155.00",,,,,,
21-พ.ค.-2021,13.80,+0.10,+0.73%,13.70,13.60,14.00,"9,104,000","125,608,740.00","56,562,689,015.00",,,,,,
14-พ.ค.-2021,13.70,-0.30,-2.14%,14.00,13.50,14.40,"18,801,000","261,893,930.00","56,437,080,275.00",,,,,,
07-พ.ค.-2021,14.00,-0.20,-1.41%,14.20,13.90,14.30,"7,670,400","108,248,810.00","56,698,974,205.00",,,,,,
30-เม.ย.-2021,14.20,+0.20,+1.43%,14.00,13.90,14.40,"13,374,600","188,783,500.00","56,807,223,015.00",,,,,,
23-เม.ย.-2021,14.00,+0.10,+0.72%,13.90,13.90,14.50,"16,261,500","231,222,320.00","56,618,439,515.00",,,,,,
16-เม.ย.-2021,13.90,-0.30,-2.11%,14.20,13.60,14.30,"6,733,400","93,846,640.00","56,387,217,195.00",,,,,,
09-เม.ย.-2021,14.20,-0.50,-3.40%,14.70,13.90,14.80,"19,156,800","274,302,140.00","56,481,063,835.00",,,,,,
02-เม.ย.-2021,14.70,0.00,0.00%,14.80,14.70,15.00,"30,056,800","445,236,950.00","56,755,365,975.00",,,,,,
26-มี.ค.-2021,14.70,-0.10,-0.68%,14.80,14.70,15.30,"42,489,300","636,147,780.00","57,200,602,925.00",,,,,,
19-มี.ค.-2021,14.80,-0.20,-1.33%,15.00,14.60,15.20,"27,773,600","413,443,290.00","57,836,750,705.00",,,,,,
12-มี.ค.-2021,15.00,+0.20,+1.35%,14.90,14.60,15.30,"32,616,000","488,457,910.00","58,250,193,995.00",,,,,,
05-มี.ค.-2021,14.80,0.00,0.00%,14.70,14.70,15.20,"21,303,500","317,944,030.00","57,761,736,085.00",,,,,,
26-ก.พ.-2021,14.80,-0.40,-2.63%,15.20,14.50,15.20,"32,865,100","486,370,310.00","58,079,680,115.00",,,,,,
19-ก.พ.-2021,15.20,-0.30,-1.94%,15.30,14.90,15.60,"50,469,300","769,055,830.00","58,566,050,425.00",,,,,,
12-ก.พ.-2021,15.50,+0.50,+3.33%,15.10,15.10,15.70,"42,305,400","652,245,880.00","59,335,106,255.00",,,,,,
05-ก.พ.-2021,15.00,-0.10,-0.66%,15.30,14.80,15.40,"35,462,500","534,772,580.00","58,682,860,375.00",,,,,,
29-ม.ค.-2021,15.10,-0.50,-3.21%,15.60,14.70,15.90,"67,459,100","1,035,173,120.00","59,217,632,955.00",,,,,,
22-ม.ค.-2021,15.60,0.00,0.00%,15.60,15.30,16.40,"83,913,200","1,333,192,170.00","60,252,806,075.00",,,,,,
15-ม.ค.-2021,15.60,+0.30,+1.96%,15.40,15.20,16.60,"98,188,500","1,565,264,090.00","58,919,613,905.00",,,,,,
08-ม.ค.-2021,15.30,+1.10,+7.75%,13.90,13.80,16.40,"105,676,900","1,632,866,280.00","57,354,349,815.00",,,,,,
01-ม.ค.-2021,14.20,+0.50,+3.65%,13.70,13.50,14.40,"18,129,300","255,581,520.00","55,721,483,535.00",,,,,,
25-ธ.ค.-2020,13.70,-1.00,-6.80%,13.50,13.20,14.20,"30,473,400","416,587,300.00","55,465,902,015.00",,,,,,
18-ธ.ค.-2020,14.70,+0.20,+1.38%,14.60,14.30,14.90,"25,998,300","378,692,770.00","55,882,489,315.00",,,,,,
11-ธ.ค.-2020,14.50,-0.30,-2.03%,14.80,14.40,15.00,"15,400,500","226,238,590.00","55,503,796,545.00",,,,,,
04-ธ.ค.-2020,14.80,+0.30,+2.07%,14.60,14.30,15.20,"63,840,400","941,662,180.00","55,730,035,135.00",,,,,,
27-พ.ย.-2020,14.50,+0.50,+3.57%,14.10,13.80,14.60,"59,482,200","843,536,890.00","54,788,372,955.00",,,,,,
20-พ.ย.-2020,14.00,+1.20,+9.37%,13.00,12.80,14.00,"74,748,500","1,007,706,560.00","53,944,836,065.00",,,,,,
13-พ.ย.-2020,12.80,0.00,0.00%,13.10,12.60,13.40,"47,559,600","616,873,650.00","52,937,129,505.00",,,,,,
06-พ.ย.-2020,12.80,+1.30,+11.30%,11.60,11.60,13.00,"53,642,700","662,586,400.00","52,320,255,855.00",,,,,,
30-ต.ค.-2020,11.50,-0.20,-1.71%,11.70,11.40,11.80,"16,385,700","189,192,550.00","51,657,669,455.00",,,,,,
23-ต.ค.-2020,11.70,-0.10,-0.85%,11.80,11.40,11.90,"10,714,200","124,980,750.00","51,846,862,005.00",,,,,,
16-ต.ค.-2020,11.80,-0.92,-7.27%,12.82,11.70,13.02,"23,876,194","295,821,210.00","51,971,842,755.00",,,,,,
09-ต.ค.-2020,12.72,+0.99,+8.40%,11.84,11.84,13.12,"25,474,717","322,060,820.00","52,267,663,965.00",,,,,,
02-ต.ค.-2020,11.74,0.00,0.00%,11.74,11.64,12.03,"11,410,958","134,855,820.00","51,945,603,145.00",,,,,,
25-ก.ย.-2020,11.74,-0.49,-4.03%,12.33,11.64,12.33,"11,840,994","141,436,240.00","52,080,458,965.00",,,,,,
18-ก.ย.-2020,12.23,0.00,0.00%,12.23,11.64,12.33,"24,875,587","297,919,470.00","52,221,895,205.00",,,,,,
11-ก.ย.-2020,12.23,-0.59,-4.62%,12.92,12.23,13.12,"16,965,032","214,732,280.00","52,519,814,675.00",,,,,,
04-ก.ย.-2020,12.82,-0.39,-2.99%,12.82,12.43,13.02,"17,805,235","225,624,960.00","52,734,546,955.00",,,,,,
28-ส.ค.-2020,13.22,+0.59,+4.69%,12.72,12.03,13.32,"63,110,675","798,204,760.00","52,960,171,915.00",,,,,,
21-ส.ค.-2020,12.63,-2.66,-17.42%,15.19,12.33,15.29,"42,379,431","571,344,770.00","52,161,967,155.00",,,,,,
14-ส.ค.-2020,15.29,-0.10,-0.64%,15.39,15.19,15.68,"7,204,979","110,972,490.00","52,733,311,925.00",,,,,,
07-ส.ค.-2020,15.39,+0.20,+1.30%,15.19,14.99,15.59,"8,425,644","129,740,120.00","52,844,284,415.00",,,,,,
31-ก.ค.-2020,15.19,-0.20,-1.28%,15.39,14.90,15.78,"7,362,111","112,101,580.00","52,714,544,295.00",,,,,,
24-ก.ค.-2020,15.39,+0.10,+0.65%,15.19,14.99,16.08,"22,813,097","356,704,450.00","52,826,645,875.00",,,,,,
17-ก.ค.-2020,15.29,-0.20,-1.27%,15.68,14.80,15.68,"13,345,309","202,519,640.00","52,469,941,425.00",,,,,,
10-ก.ค.-2020,15.49,-0.20,-1.26%,15.88,15.49,16.28,"18,926,451","299,470,890.00","52,672,461,065.00",,,,,,
03-ก.ค.-2020,15.68,+0.20,+1.27%,15.49,15.19,15.88,"11,857,417","183,798,940.00","52,971,931,955.00",,,,,,
26-มิ.ย.-2020,15.49,-0.59,-3.68%,15.98,15.09,16.18,"13,141,443","205,179,280.00","52,788,133,015.00",,,,,,
19-มิ.ย.-2020,16.08,+0.10,+0.62%,15.98,15.49,16.18,"15,200,689","241,750,470.00","52,993,312,295.00",,,,,,
12-มิ.ย.-2020,15.98,-1.09,-6.36%,17.16,15.29,17.85,"41,681,560","702,405,200.00","52,751,561,825.00",,,,,,
05-มิ.ย.-2020,17.07,0.00,0.00%,16.97,16.77,17.26,"21,551,881","366,091,170.00","53,453,967,025.00",,,,,,
29-พ.ค.-2020,17.07,+0.79,+4.85%,16.28,16.28,17.07,"34,746,140","582,438,370.00","53,087,875,855.00",,,,,,
22-พ.ค.-2020,16.28,+0.49,+3.13%,15.78,15.59,16.67,"36,354,264","586,924,560.00","52,505,437,485.00",,,,,,
15-พ.ค.-2020,15.78,+0.20,+1.27%,15.68,15.49,16.28,"18,388,348","291,851,970.00","51,918,512,925.00",,,,,,
08-พ.ค.-2020,15.59,-0.39,-2.47%,15.88,15.19,15.98,"9,671,350","149,462,150.00","51,626,660,955.00",,,,,,
01-พ.ค.-2020,15.98,+0.39,+2.53%,15.98,15.59,16.08,"7,694,928","121,984,560.00","51,776,123,105.00",,,,,,
24-เม.ย.-2020,15.59,+0.89,+6.04%,14.80,14.60,16.18,"19,588,942","304,125,290.00","51,654,138,545.00",,,,,,
17-เม.ย.-2020,14.70,+0.59,+4.20%,14.20,13.81,14.90,"21,302,800","309,632,860.00","51,350,013,255.00",,,,,,
10-เม.ย.-2020,14.11,+1.48,+11.72%,13.02,12.92,14.11,"26,065,535","356,755,820.00","51,040,380,395.00",,,,,,
03-เม.ย.-2020,12.63,+0.89,+7.56%,11.54,11.44,13.02,"22,627,883","277,843,120.00","50,683,624,575.00",,,,,,
27-มี.ค.-2020,11.74,-0.20,-1.65%,11.15,10.75,12.23,"33,822,809","391,494,880.00","50,405,781,455.00",,,,,,
20-มี.ค.-2020,11.94,+0.39,+3.42%,10.36,9.86,12.03,"44,125,629","474,912,210.00","50,797,276,335.00",,,,,,
13-มี.ค.-2020,11.54,-3.45,-23.03%,14.60,9.32,14.80,"50,880,398","664,081,520.00","50,322,364,125.00",,,,,,
06-มี.ค.-2020,14.99,+0.69,+4.83%,14.30,13.51,15.39,"32,351,644","473,606,270.00","50,986,445,645.00",,,,,,
28-ก.พ.-2020,14.30,-1.87,-11.59%,16.18,14.01,16.18,"41,767,223","625,344,210.00","50,512,839,375.00",,,,,,
21-ก.พ.-2020,16.18,0.00,0.00%,16.18,15.78,16.67,"29,736,352","486,072,520.00","51,138,183,585.00",,,,,,
14-ก.พ.-2020,16.18,+0.99,+6.49%,15.29,15.09,16.28,"31,711,355","500,227,230.00","50,652,111,065.00",,,,,,
07-ก.พ.-2020,15.19,-0.49,-3.14%,15.68,14.11,15.78,"27,678,221","414,895,940.00","50,151,883,835.00",,,,,,
31-ม.ค.-2020,15.68,-0.79,-4.79%,16.47,15.49,16.47,"16,369,146","259,879,830.00","50,566,779,775.00",,,,,,
24-ม.ค.-2020,16.47,-0.79,-4.57%,17.26,16.47,17.26,"10,770,263","180,751,310.00","50,826,659,605.00",,,,,,
17-ม.ค.-2020,17.26,+0.49,+2.94%,16.97,16.57,17.36,"17,182,889","291,913,630.00","51,007,410,915.00",,,,,,
10-ม.ค.-2020,16.77,0.00,0.00%,16.47,16.08,16.97,"20,012,895","333,432,680.00","50,715,497,285.00",,,,,,
03-ม.ค.-2020,16.77,+0.59,+3.66%,16.28,15.98,16.97,"14,624,976","241,517,240.00","50,382,064,605.00",,,,,,
27-ธ.ค.-2019,16.18,+0.39,+2.50%,15.78,15.39,16.37,"16,510,565","261,524,350.00","50,140,547,365.00",,,,,,
20-ธ.ค.-2019,15.78,-0.69,-4.19%,16.47,15.49,16.57,"20,651,765","326,809,460.00","49,879,023,015.00",,,,,,
13-ธ.ค.-2019,16.47,0.00,0.00%,16.57,16.18,16.57,"7,718,143","126,329,670.00","50,205,832,475.00",,,,,,
06-ธ.ค.-2019,16.47,-0.30,-1.76%,16.87,16.37,17.07,"7,653,161","127,039,390.00","50,332,162,145.00",,,,,,
29-พ.ย.-2019,16.77,+0.39,+2.41%,16.47,16.47,17.07,"15,126,684","254,758,640.00","50,459,201,535.00",,,,,,
22-พ.ย.-2019,16.37,0.00,0.00%,16.37,15.59,16.67,"21,753,618","353,354,050.00","50,204,442,895.00",,,,,,
15-พ.ย.-2019,16.37,-1.38,-7.78%,17.76,16.28,17.76,"19,853,938","337,300,430.00","50,557,796,945.00",,,,,,
08-พ.ย.-2019,17.76,0.00,0.00%,17.85,17.26,18.15,"22,444,190","397,834,380.00","50,895,097,375.00",,,,,,
01-พ.ย.-2019,17.76,-0.20,-1.10%,17.95,17.46,18.05,"16,063,700","285,340,140.00","51,292,931,755.00",,,,,,
25-ต.ค.-2019,17.95,-0.49,-2.67%,18.35,17.85,19.33,"53,106,813","999,412,910.00","51,578,271,895.00",,,,,,
18-ต.ค.-2019,18.45,+0.20,+1.08%,18.35,18.15,18.64,"14,266,815","263,383,090.00","52,577,684,805.00",,,,,,
11-ต.ค.-2019,18.25,+0.49,+2.78%,17.76,17.66,18.35,"13,450,233","241,975,060.00","52,314,301,715.00",,,,,,
04-ต.ค.-2019,17.76,-0.49,-2.70%,18.35,17.46,18.35,"15,200,182","271,287,820.00","52,072,326,655.00",,,,,,
27-ก.ย.-2019,18.25,-0.10,-0.54%,18.35,17.95,18.45,"20,464,119","370,797,510.00","52,343,614,475.00",,,,,,
20-ก.ย.-2019,18.35,-0.59,-3.12%,18.94,18.25,19.14,"30,692,731","573,124,720.00","52,714,411,985.00",,,,,,
13-ก.ย.-2019,18.94,+0.20,+1.05%,18.84,18.74,19.43,"36,123,026","690,057,600.00","53,287,536,705.00",,,,,,
06-ก.ย.-2019,18.74,+0.30,+1.60%,18.45,18.25,19.04,"27,793,688","517,181,310.00","52,597,479,105.00",,,,,,
30-ส.ค.-2019,18.45,+0.30,+1.63%,17.66,17.56,18.64,"33,361,854","603,625,310.00","52,080,297,795.00",,,,,,
23-ส.ค.-2019,18.15,0.00,0.00%,18.25,17.95,18.35,"25,576,296","464,607,260.00","51,476,672,485.00",,,,,,
16-ส.ค.-2019,18.15,-0.39,-2.13%,18.25,17.56,18.64,"43,554,782","784,801,950.00","51,941,279,745.00",,,,,,
09-ส.ค.-2019,18.54,-0.99,-5.05%,19.43,18.45,20.02,"102,779,521","1,976,065,680.00","52,726,081,695.00",,,,,,
02-ส.ค.-2019,19.53,+0.10,+0.51%,19.43,19.24,19.93,"57,828,288","1,131,752,160.00","54,702,147,375.00",,,,,,
26-ก.ค.-2019,19.43,+0.69,+3.68%,18.74,18.54,19.63,"79,206,410","1,518,396,660.00","53,570,395,215.00",,,,,,
19-ก.ค.-2019,18.74,-0.20,-1.04%,18.94,18.35,18.94,"34,645,879","647,828,120.00","52,051,998,555.00",,,,,,
12-ก.ค.-2019,18.94,0.00,0.00%,18.74,18.64,19.33,"111,391,697","2,115,900,860.00","52,699,826,675.00",,,,,,
05-ก.ค.-2019,18.94,-1.28,-6.34%,20.52,18.35,21.21,"272,755,769","5,356,757,520.00","54,815,727,535.00",,,,,,
28-มิ.ย.-2019,20.22,+1.28,+6.77%,18.94,18.84,20.62,"100,299,363","1,993,016,040.00","60,172,485,055.00",,,,,,
21-มิ.ย.-2019,18.94,+0.49,+2.67%,18.45,18.45,19.63,"97,622,029","1,860,767,080.00","58,179,469,015.00",,,,,,
14-มิ.ย.-2019,18.45,+1.09,+6.25%,17.46,17.46,18.54,"65,627,531","1,185,526,660.00","56,318,701,935.00",,,,,,
07-มิ.ย.-2019,17.36,0.00,0.00%,17.16,17.07,17.66,"13,804,846","240,302,640.00","55,133,175,275.00",,,,,,
31-พ.ค.-2019,17.36,+0.59,+3.53%,16.87,16.77,17.56,"25,481,510","438,596,110.00","54,892,872,635.00",,,,,,
24-พ.ค.-2019,16.77,+0.39,+2.41%,16.28,16.18,16.97,"19,612,157","326,993,660.00","54,454,276,525.00",,,,,,
17-พ.ค.-2019,16.37,-0.99,-5.68%,17.36,16.28,17.46,"21,836,848","365,500,710.00","54,127,282,865.00",,,,,,
10-พ.ค.-2019,17.36,-0.79,-4.35%,17.95,16.87,18.05,"41,671,322","723,397,930.00","54,492,783,575.00",,,,,,
03-พ.ค.-2019,18.15,+0.59,+3.37%,17.56,17.56,18.45,"32,698,147","591,074,020.00","55,216,181,505.00",,,,,,
26-เม.ย.-2019,17.56,+0.49,+2.89%,17.16,17.07,17.95,"50,882,020","894,478,530.00","54,625,107,485.00",,,,,,
19-เม.ย.-2019,17.07,+0.49,+2.98%,16.77,16.67,17.16,"22,486,768","381,310,110.00","53,730,628,955.00",,,,,,
12-เม.ย.-2019,16.57,+0.49,+3.07%,16.18,16.08,16.77,"20,489,665","338,177,530.00","53,349,318,845.00",,,,,,
05-เม.ย.-2019,16.08,-0.10,-0.61%,16.18,16.08,16.57,"15,723,990","256,968,010.00","53,011,141,315.00",,,,,,
29-มี.ค.-2019,16.18,+0.10,+0.61%,15.98,15.88,16.37,"9,645,803","155,457,430.00","53,268,109,325.00",,,,,,
22-มี.ค.-2019,16.08,0.00,0.00%,16.08,15.88,16.37,"15,560,370","250,168,010.00","53,112,651,895.00",,,,,,
15-มี.ค.-2019,16.08,+0.39,+2.52%,15.78,15.68,16.67,"27,132,211","442,726,570.00","52,862,483,885.00",,,,,,
08-มี.ค.-2019,15.68,-0.49,-3.05%,16.08,15.39,16.18,"18,115,141","286,112,780.00","52,419,757,315.00",,,,,,
01-มี.ค.-2019,16.18,-0.20,-1.20%,16.47,16.08,16.87,"31,109,588","514,634,600.00","52,705,870,095.00",,,,,,
22-ก.พ.-2019,16.37,+0.20,+1.22%,16.28,16.18,16.57,"14,072,680","230,442,560.00","53,220,504,695.00",,,,,,
15-ก.พ.-2019,16.18,-0.30,-1.80%,16.47,16.08,16.87,"34,283,968","562,984,820.00","52,990,062,135.00",,,,,,
08-ก.พ.-2019,16.47,-0.10,-0.60%,16.67,16.37,17.07,"25,147,274","419,871,510.00","53,553,046,955.00",,,,,,
01-ก.พ.-2019,16.57,+0.39,+2.44%,16.37,16.08,16.87,"30,217,988","498,604,360.00","53,972,918,465.00",,,,,,
25-ม.ค.-2019,16.18,+1.18,+7.89%,15.09,15.09,16.37,"32,379,624","511,594,200.00","53,474,314,105.00",,,,,,
18-ม.ค.-2019,14.99,-0.89,-5.59%,15.78,14.60,15.88,"40,406,659","605,806,710.00","52,962,719,905.00",,,,,,
11-ม.ค.-2019,15.88,+0.49,+3.21%,15.59,15.49,16.18,"33,580,014","532,787,640.00","53,568,526,615.00",,,,,,
04-ม.ค.-2019,15.39,+0.39,+2.63%,14.99,14.99,15.68,"20,715,024","315,211,410.00","53,035,738,975.00",,,,,,
28-ธ.ค.-2018,14.99,-1.48,-8.98%,16.47,14.50,16.67,"36,373,322","559,841,010.00","52,720,527,565.00",,,,,,
21-ธ.ค.-2018,16.47,-0.30,-1.76%,16.77,16.28,16.97,"23,593,082","389,934,840.00","53,280,368,575.00",,,,,,
14-ธ.ค.-2018,16.77,-0.89,-5.03%,17.56,16.67,17.66,"13,264,411","226,515,750.00","53,670,303,415.00",,,,,,
07-ธ.ค.-2018,17.66,0.00,0.00%,17.95,17.56,18.15,"18,116,154","324,198,860.00","53,896,819,165.00",,,,,,
30-พ.ย.-2018,17.66,+0.49,+2.87%,17.16,16.97,17.85,"24,436,832","427,459,840.00","53,572,620,305.00",,,,,,
23-พ.ย.-2018,17.16,-0.39,-2.25%,17.56,16.67,17.66,"26,298,801","450,382,910.00","53,145,160,465.00",,,,,,
16-พ.ย.-2018,17.56,-0.49,-2.73%,18.15,17.56,18.25,"23,770,793","424,828,530.00","53,595,543,375.00",,,,,,
09-พ.ย.-2018,18.05,-0.49,-2.66%,18.45,17.85,18.54,"57,109,229","1,039,999,260.00","54,020,371,905.00",,,,,,
02-พ.ย.-2018,18.54,+0.69,+3.87%,17.95,17.85,18.84,"75,170,033","1,379,649,320.00","55,060,371,165.00",,,,,,
26-ต.ค.-2018,17.85,-1.28,-6.70%,19.14,17.46,19.14,"74,029,352","1,340,729,340.00","53,680,721,845.00",,,,,,
19-ต.ค.-2018,19.14,-0.99,-4.90%,20.12,18.94,20.32,"57,310,258","1,128,926,150.00","55,021,451,185.00",,,,,,
12-ต.ค.-2018,20.12,+0.39,+2.00%,19.63,19.24,20.72,"135,745,097","2,703,118,860.00","56,150,377,335.00",,,,,,
05-ต.ค.-2018,19.73,-2.66,-11.89%,22.19,19.53,22.49,"165,416,568","3,490,809,080.00","53,447,258,475.00",,,,,,
28-ก.ย.-2018,22.39,+1.87,+9.13%,20.42,20.32,22.39,"117,103,106","2,487,820,550.00","56,938,067,555.00",,,,,,
21-ก.ย.-2018,20.52,+1.28,+6.67%,19.24,19.14,21.21,"178,398,648","3,636,035,180.00","54,450,247,005.00",,,,,,
14-ก.ย.-2018,19.24,+1.48,+8.33%,17.76,17.66,19.24,"43,315,130","805,890,360.00","50,814,211,825.00",,,,,,
07-ก.ย.-2018,17.76,-1.28,-6.74%,18.84,17.66,18.94,"31,542,970","573,409,590.00","50,008,321,465.00",,,,,,
31-ส.ค.-2018,19.04,+0.89,+4.89%,18.25,18.15,19.04,"37,420,027","699,267,980.00","50,581,731,055.00",,,,,,
24-ส.ค.-2018,18.15,+0.59,+3.37%,17.66,17.46,18.25,"24,901,336","447,439,370.00","49,882,463,075.00",,,,,,
17-ส.ค.-2018,17.56,-0.79,-4.30%,17.95,17.07,18.15,"17,201,441","304,219,030.00","49,435,023,705.00",,,,,,
10-ส.ค.-2018,18.35,-0.30,-1.59%,18.64,17.95,19.04,"40,495,971","749,369,050.00","49,739,242,735.00",,,,,,
03-ส.ค.-2018,18.64,+0.99,+5.59%,17.76,17.46,18.84,"43,527,106","791,386,390.00","50,488,611,785.00",,,,,,
27-ก.ค.-2018,17.66,+0.30,+1.70%,17.36,17.26,17.95,"26,179,178","460,801,110.00","49,697,225,395.00",,,,,,
20-ก.ค.-2018,17.36,+0.79,+4.76%,16.57,16.28,17.36,"38,504,748","651,996,640.00","49,236,424,285.00",,,,,,
13-ก.ค.-2018,16.57,+0.59,+3.70%,16.18,16.08,16.87,"25,397,875","417,863,280.00","48,584,427,645.00",,,,,,
06-ก.ค.-2018,15.98,+0.39,+2.53%,15.59,15.39,16.47,"33,610,427","539,166,860.00","48,166,564,365.00",,,,,,
29-มิ.ย.-2018,15.59,-1.28,-7.60%,16.97,15.39,17.16,"26,441,538","430,974,500.00","47,627,397,505.00",,,,,,
22-มิ.ย.-2018,16.87,-1.68,-9.04%,18.54,16.77,18.64,"32,944,997","581,064,970.00","48,058,372,005.00",,,,,,
15-มิ.ย.-2018,18.54,-0.59,-3.09%,19.24,18.35,19.33,"20,425,596","382,959,760.00","48,639,436,975.00",,,,,,
08-มิ.ย.-2018,19.14,0.00,0.00%,19.14,18.94,19.53,"28,463,883","547,977,440.00","49,022,396,735.00",,,,,,
01-มิ.ย.-2018,19.14,-0.10,-0.51%,19.24,18.84,19.33,"16,534,794","316,017,270.00","49,570,374,175.00",,,,,,
25-พ.ค.-2018,19.24,+0.10,+0.52%,19.24,18.94,20.02,"70,151,222","1,373,190,980.00","49,886,391,445.00",,,,,,
18-พ.ค.-2018,19.14,-0.39,-2.02%,19.04,18.74,19.33,"34,880,260","664,039,990.00","48,513,200,465.00",,,,,,
11-พ.ค.-2018,19.53,0.00,0.00%,19.63,18.74,19.93,"42,798,215","825,969,480.00","49,177,240,455.00",,,,,,
04-พ.ค.-2018,19.53,+0.59,+3.13%,19.04,18.94,20.02,"59,427,085","1,163,123,970.00","48,351,270,975.00",,,,,,
27-เม.ย.-2018,18.94,-0.20,-1.03%,19.14,18.54,19.33,"51,026,784","966,776,230.00","47,188,147,005.00",,,,,,
20-เม.ย.-2018,19.14,-0.20,-1.02%,19.24,18.45,19.53,"88,994,950","1,697,985,990.00","48,154,923,235.00",,,,,,
13-เม.ย.-2018,19.33,+0.79,+4.26%,18.35,17.26,19.33,"116,431,390","2,151,023,940.00","49,852,909,225.00",,,,,,
06-เม.ย.-2018,18.54,-1.78,-8.74%,20.22,18.05,20.22,"123,081,235","2,334,646,610.00","47,701,885,285.00",,,,,,
30-มี.ค.-2018,20.32,-0.99,-4.63%,21.31,19.93,21.80,"77,292,132","1,607,971,300.00","50,036,531,895.00",,,,,,
23-มี.ค.-2018,21.31,-0.20,-0.92%,21.41,20.81,21.90,"65,342,158","1,393,520,700.00","51,644,503,195.00",,,,,,
16-มี.ค.-2018,21.50,+0.30,+1.40%,21.60,21.01,22.59,"114,338,183","2,487,748,250.00","53,038,023,895.00",,,,,,
09-มี.ค.-2018,21.21,-0.69,-3.15%,22.00,20.72,22.49,"170,675,842","3,677,476,710.00","50,550,275,645.00",,,,,,
02-มี.ค.-2018,21.90,-2.17,-9.02%,24.07,21.90,24.91,"181,226,728","4,212,677,940.00","54,227,752,355.00",,,,,,
23-ก.พ.-2018,24.07,-0.59,-2.40%,24.66,22.79,24.91,"102,761,172","2,443,950,325.00","58,440,430,295.00",,,,,,
16-ก.พ.-2018,24.66,0.00,0.00%,24.66,24.56,25.40,"61,805,867","1,541,123,390.00","60,884,380,620.00",,,,,,
09-ก.พ.-2018,24.66,-0.74,-2.91%,24.66,23.77,25.15,"126,624,623","3,108,757,345.00","62,425,504,010.00",,,,,,
02-ก.พ.-2018,25.40,-0.25,-0.96%,25.89,24.91,25.89,"55,202,554","1,404,312,225.00","65,534,261,355.00",,,,,,
26-ม.ค.-2018,25.65,-0.49,-1.89%,25.89,25.15,26.88,"136,013,337","3,546,366,950.00","66,938,573,580.00",,,,,,
19-ม.ค.-2018,26.14,-0.99,-3.64%,27.37,24.91,27.62,"222,083,698","5,779,590,450.00","70,484,940,530.00",,,,,,
12-ม.ค.-2018,27.13,+1.48,+5.77%,25.65,24.66,27.62,"213,210,581","5,510,652,525.00","76,264,530,980.00",,,,,,
05-ม.ค.-2018,25.65,+2.17,+9.24%,23.58,23.48,26.39,"198,318,277","4,937,017,065.00","70,753,878,455.00",,,,,,
29-ธ.ค.-2017,23.48,0.00,0.00%,23.48,22.69,24.36,"165,178,943","3,921,037,950.00","65,816,861,390.00",,,,,,
22-ธ.ค.-2017,23.48,+0.79,+3.48%,22.79,22.69,23.48,"94,383,782","2,183,421,680.00","61,895,823,440.00",,,,,,
15-ธ.ค.-2017,22.69,+0.99,+4.55%,21.70,21.60,22.69,"87,687,102","1,950,408,000.00","59,712,401,760.00",,,,,,
08-ธ.ค.-2017,21.70,+0.20,+0.92%,21.60,21.01,21.90,"60,719,626","1,299,783,260.00","57,761,993,760.00",,,,,,
01-ธ.ค.-2017,21.50,+0.39,+1.87%,21.01,20.91,22.19,"108,812,494","2,348,638,760.00","56,462,210,500.00",,,,,,
24-พ.ย.-2017,21.11,-0.59,-2.73%,21.80,20.81,22.59,"199,011,688","4,295,323,590.00","54,113,571,740.00",,,,,,
17-พ.ย.-2017,21.70,-1.97,-8.33%,23.58,21.50,23.58,"171,639,419","3,824,412,650.00","58,408,895,330.00",,,,,,
10-พ.ย.-2017,23.67,+0.49,+2.13%,23.18,22.59,24.91,"151,339,123","3,620,127,520.00","62,233,307,980.00",,,,,,
03-พ.ย.-2017,23.18,+0.79,+3.52%,22.39,22.19,24.27,"194,039,612","4,537,442,840.00","58,613,180,460.00",,,,,,
27-ต.ค.-2017,22.39,+1.97,+9.66%,20.42,20.22,22.59,"172,556,971","3,729,417,300.00","54,075,737,620.00",,,,,,
20-ต.ค.-2017,20.42,+0.10,+0.49%,20.32,19.83,21.70,"189,992,488","3,946,205,210.00","50,346,320,320.00",,,,,,
13-ต.ค.-2017,20.32,-0.30,-1.44%,20.72,19.83,22.00,"128,720,161","2,700,431,550.00","46,400,115,110.00",,,,,,
06-ต.ค.-2017,20.62,+1.58,+8.29%,19.04,19.04,20.62,"167,781,868","3,337,165,990.00","49,100,546,660.00",,,,,,
29-ก.ย.-2017,19.04,+1.09,+6.04%,17.95,17.95,19.53,"151,923,656","2,868,145,630.00","45,763,380,670.00",,,,,,
22-ก.ย.-2017,17.95,+2.17,+13.75%,15.78,15.68,18.05,"207,410,670","3,465,488,500.00","42,895,235,040.00",,,,,,
15-ก.ย.-2017,15.78,+0.20,+1.27%,15.59,15.39,16.08,"58,883,001","930,399,830.00","39,429,746,540.00",,,,,,
08-ก.ย.-2017,15.59,+0.20,+1.28%,15.49,15.39,16.08,"106,194,060","1,677,255,800.00","38,499,346,710.00",,,,,,
01-ก.ย.-2017,15.39,0.00,0.00%,15.39,15.29,15.59,"38,800,968","598,196,650.00","36,822,090,910.00",,,,,,
25-ส.ค.-2017,15.39,-0.10,-0.64%,15.59,15.09,15.88,"62,239,147","966,624,950.00","37,420,287,560.00",,,,,,
18-ส.ค.-2017,15.49,+0.59,+3.97%,14.90,14.80,15.49,"28,955,454","439,308,310.00","38,386,912,510.00",,,,,,
11-ส.ค.-2017,14.90,-0.69,-4.43%,15.59,14.50,15.68,"60,613,587","918,558,960.00","37,947,604,200.00",,,,,,
04-ส.ค.-2017,15.59,+0.39,+2.60%,15.19,15.19,15.78,"112,996,070","1,748,851,650.00","38,866,163,160.00",,,,,,
28-ก.ค.-2017,15.19,+0.49,+3.36%,14.90,14.90,15.39,"95,704,202","1,452,950,230.00","37,117,311,510.00",,,,,,
21-ก.ค.-2017,14.70,+0.10,+0.68%,14.60,14.20,14.90,"63,898,365","933,695,950.00","35,664,361,280.00",,,,,,
14-ก.ค.-2017,14.60,+0.39,+2.78%,14.20,14.20,14.70,"38,686,515","561,284,550.00","34,730,665,330.00",,,,,,
07-ก.ค.-2017,14.20,0.00,0.00%,14.20,14.11,14.60,"35,354,800","505,744,810.00","34,169,380,780.00",,,,,,
30-มิ.ย.-2017,14.20,-0.59,-4.00%,14.70,14.11,14.99,"62,119,119","898,864,040.00","34,675,125,590.00",,,,,,
23-มิ.ย.-2017,14.80,+0.10,+0.67%,14.70,14.50,14.99,"46,421,790","685,473,410.00","35,573,989,630.00",,,,,,
16-มิ.ย.-2017,14.70,0.00,0.00%,14.60,14.50,14.99,"54,082,757","797,310,030.00","34,888,516,220.00",,,,,,
09-มิ.ย.-2017,14.70,+0.20,+1.36%,14.50,14.11,14.70,"52,268,232","753,938,510.00","34,091,206,190.00",,,,,,
02-มิ.ย.-2017,14.50,+0.39,+2.80%,14.20,14.11,14.80,"66,509,602","967,098,880.00","33,337,267,680.00",,,,,,
26-พ.ค.-2017,14.11,0.00,0.00%,14.11,13.71,14.30,"48,223,035","679,349,370.00","32,370,168,800.00",,,,,,
19-พ.ค.-2017,14.11,+0.79,+5.93%,13.22,13.02,14.20,"86,741,671","1,196,090,120.00","31,690,819,430.00",,,,,,
12-พ.ค.-2017,13.32,0.00,0.00%,13.32,12.92,13.51,"37,204,300","492,692,430.00","30,494,729,310.00",,,,,,
05-พ.ค.-2017,13.32,+0.10,+0.75%,13.22,13.02,13.61,"50,632,433","675,882,850.00","30,002,036,880.00",,,,,,
28-เม.ย.-2017,13.22,+0.99,+8.06%,12.23,11.84,13.32,"80,436,098","1,032,566,860.00","29,326,154,030.00",,,,,,
21-เม.ย.-2017,12.23,-0.10,-0.80%,12.23,11.94,12.23,"17,452,650","211,597,600.00","28,293,587,170.00",,,,,,
14-เม.ย.-2017,12.33,0.00,0.00%,12.33,12.23,12.43,"8,904,341","109,803,160.00","28,505,184,770.00",,,,,,
07-เม.ย.-2017,12.33,0.00,0.00%,12.43,12.33,12.63,"33,583,867","418,880,560.00","28,614,987,930.00",,,,,,
31-มี.ค.-2017,12.33,0.00,0.00%,12.43,12.33,12.43,"13,741,790","169,582,760.00","29,033,868,490.00",,,,,,
24-มี.ค.-2017,12.33,-0.10,-0.79%,12.43,12.23,12.53,"16,919,413","210,713,660.00","29,203,451,250.00",,,,,,
17-มี.ค.-2017,12.43,+0.30,+2.44%,12.13,12.03,12.53,"24,840,105","306,679,730.00","29,414,164,910.00",,,,,,
10-มี.ค.-2017,12.13,-0.49,-3.91%,12.63,12.03,12.63,"31,503,332","388,450,970.00","29,107,485,180.00",,,,,,
03-มี.ค.-2017,12.63,+0.30,+2.40%,12.33,12.33,12.72,"33,380,608","418,433,140.00","29,495,936,150.00",,,,,,
24-ก.พ.-2017,12.33,-0.30,-2.34%,12.72,12.23,12.72,"54,361,845","679,514,300.00","29,077,503,010.00",,,,,,
17-ก.พ.-2017,12.63,-0.49,-3.76%,13.12,12.33,13.22,"68,236,031","870,303,490.00","29,757,017,310.00",,,,,,
10-ก.พ.-2017,13.12,-0.10,-0.75%,13.32,12.82,13.42,"61,084,477","801,691,260.00","30,627,320,800.00",,,,,,
03-ก.พ.-2017,13.22,-0.20,-1.47%,13.51,13.22,13.91,"78,965,541","1,073,541,710.00","31,429,012,060.00",,,,,,
27-ม.ค.-2017,13.42,-0.20,-1.45%,13.51,13.42,13.81,"41,990,250","569,791,000.00","32,502,553,770.00",,,,,,
20-ม.ค.-2017,13.61,0.00,0.00%,13.71,13.42,13.71,"29,458,380","399,068,270.00","33,072,344,770.00",,,,,,
13-ม.ค.-2017,13.61,-0.30,-2.13%,13.81,13.51,13.91,"43,498,012","596,755,520.00","33,471,413,040.00",,,,,,
06-ม.ค.-2017,13.91,+0.10,+0.71%,13.81,13.71,14.20,"70,529,151","987,167,280.00","34,068,168,560.00",,,,,,
30-ธ.ค.-2016,13.81,+0.20,+1.45%,13.51,13.51,13.81,"53,763,930","733,696,070.00","33,081,001,280.00",,,,,,
23-ธ.ค.-2016,13.61,-0.10,-0.72%,13.71,13.51,13.81,"46,035,650","626,387,830.00","32,347,305,210.00",,,,,,
16-ธ.ค.-2016,13.71,+0.20,+1.46%,13.61,13.51,14.01,"95,311,371","1,309,266,460.00","32,973,693,040.00",,,,,,
09-ธ.ค.-2016,13.51,-0.10,-0.72%,13.71,13.42,13.81,"38,083,025","516,919,170.00","31,664,426,580.00",,,,,,
02-ธ.ค.-2016,13.61,-0.39,-2.82%,14.01,13.51,14.30,"87,750,259","1,214,944,280.00","32,181,345,750.00",,,,,,
25-พ.ย.-2016,14.01,0.00,0.00%,14.20,13.91,14.50,"71,163,561","1,010,678,290.00","33,396,290,030.00",,,,,,
18-พ.ย.-2016,14.01,-0.30,-2.07%,14.20,13.71,14.40,"147,146,221","2,069,078,660.00","34,406,968,320.00",,,,,,
11-พ.ย.-2016,14.30,-0.59,-3.97%,15.19,14.11,15.68,"500,686,618","7,413,492,870.00","36,476,046,980.00",,,,,,
04-พ.ย.-2016,14.90,+1.38,+10.22%,13.61,13.51,15.59,"529,006,548","7,728,943,130.00","43,889,539,850.00",,,,,,
28-ต.ค.-2016,13.51,-0.59,-4.20%,14.20,13.32,14.20,"272,500,707","3,751,393,410.00","36,160,596,720.00",,,,,,
21-ต.ค.-2016,14.11,+0.39,+2.88%,13.61,13.42,14.40,"927,296,541","12,877,247,220.00","39,911,990,130.00",,,,,,
14-ต.ค.-2016,13.71,+0.69,+5.30%,12.23,11.54,13.91,"1,095,136,599","13,684,685,220.00","27,034,742,910.00",,,,,,
07-ต.ค.-2016,13.02,+1.87,+16.81%,11.25,11.25,13.91,"1,062,944,216","13,350,057,690.00","13,350,057,690.00",,,,,,
30-ก.ย.-2016,11.15,,,11.05,10.46,11.64,"1,022,663,162","11,292,824,050.00",0.00,,,,,,
