SPCG PCL | Price History                                          25-Sep-2024 16:31,,,,,,,,,,,,,,,
,,,,,,,,,,,,,,,
,,,,,,,,,,,,,,,
SPCG.BK,,,,,,,,,,,,,,,
Interval: Weekly,,,,,,,,,,,,,,,
History Period: 10 Years,,,,,,,,,,,,,,,
,,,,,,,,,,,,,,,
,,,,,,,,,,,,,,,
VAP: Total,"3,626,237,000",,,,,,,,,,,,,,
Price,Volume,%Volume,Count,%Count,,,,,,,,,,,
30.00 - 35.00,"50,457,100",1.39%,2,0.38%,,,,,,,,,,,
25.00 - 30.00,"367,440,200",10.13%,39,7.46%,,,,,,,,,,,
20.00 - 25.00,"1,956,785,400",53.96%,195,37.28%,,,,,,,,,,,
15.00 - 20.00,"1,002,899,300",27.66%,182,34.80%,,,,,,,,,,,
10.00 - 15.00,"164,579,100",4.54%,87,16.63%,,,,,,,,,,,
5.00 - 10.00,"84,075,900",2.32%,18,3.44%,,,,,,,,,,,
,,,,,,,,,,,,,,,
,,,,,,,,,,,,,,,
SPCG.BK Statistics     Weekly     10 Years,,,,,,,,,,,,,,,
Price,,,Volume,,,,,Up/Down,,Price Change (Close-Close),,,Turnover,,
High,31.25,28-พ.ย.-2014,Max,"94,204,600",26-ม.ค.-2018,Advancing,"1,722,232,500",Up,211,Up,+13.73%,06-ต.ค.-2017,Max,"2,286,842,855.00",26-ม.ค.-2018
Low,8.00,16-ส.ค.-2024,Min,"485,200",29-ธ.ค.-2023,Declining,"1,684,282,000",Down,256,Down,-11.54%,13-มี.ค.-2020,Min,"5,987,230.00",29-ธ.ค.-2023
Avg,18.96,,Avg,"6,933,532",,Total,"3,626,237,000",Unch,55,Period,-64.95%,10 Years,Avg,"145,120,049.88",
,,,,,,,,,,,,,,,
,,,,,,,,,,,,,,,
SPCG.BK History     Weekly     10 Years,,,,,,,,,,,,,,,
Exchange Date,Close,Net,%Chg,Open,Low,High,Volume,Turnover - THB,Flow,,,,,,
27-ก.ย.-2024,9.20,+0.10,+1.10%,9.15,9.05,9.30,"1,474,400","13,506,610.00","1,647,616,140.00",,,,,,
20-ก.ย.-2024,9.10,+0.25,+2.82%,8.95,8.95,9.25,"4,310,700","39,303,385.00","1,634,109,530.00",,,,,,
13-ก.ย.-2024,8.85,-0.10,-1.12%,9.00,8.75,9.20,"4,440,800","39,933,485.00","1,594,806,145.00",,,,,,
06-ก.ย.-2024,8.95,+0.50,+5.92%,8.45,8.30,8.95,"4,364,100","37,617,760.00","1,634,739,630.00",,,,,,
30-ส.ค.-2024,8.45,-0.90,-9.63%,9.35,8.45,9.40,"9,403,800","85,267,030.00","1,597,121,870.00",,,,,,
23-ส.ค.-2024,9.35,+0.90,+10.65%,8.45,8.45,9.35,"7,049,800","62,645,395.00","1,682,388,900.00",,,,,,
16-ส.ค.-2024,8.45,+0.35,+4.32%,8.10,8.00,8.50,"4,300,600","35,476,000.00","1,619,743,505.00",,,,,,
09-ส.ค.-2024,8.10,-0.10,-1.22%,8.05,8.00,8.25,"2,867,600","23,165,595.00","1,584,267,505.00",,,,,,
02-ส.ค.-2024,8.20,+0.10,+1.23%,8.10,8.05,8.50,"2,998,300","24,567,220.00","1,607,433,100.00",,,,,,
26-ก.ค.-2024,8.10,-0.15,-1.82%,8.25,8.05,8.25,"1,890,700","15,336,095.00","1,582,865,880.00",,,,,,
19-ก.ค.-2024,8.25,-0.35,-4.07%,8.55,8.10,8.55,"2,883,200","24,110,290.00","1,598,201,975.00",,,,,,
12-ก.ค.-2024,8.60,0.00,0.00%,8.65,8.50,8.85,"2,945,500","25,468,230.00","1,622,312,265.00",,,,,,
05-ก.ค.-2024,8.60,-0.05,-0.58%,8.70,8.40,8.70,"1,647,700","14,014,925.00","1,647,780,495.00",,,,,,
28-มิ.ย.-2024,8.65,+0.15,+1.76%,8.50,8.35,8.90,"4,419,700","37,981,125.00","1,661,795,420.00",,,,,,
21-มิ.ย.-2024,8.50,+0.20,+2.41%,8.30,8.05,8.55,"4,611,000","38,190,400.00","1,623,814,295.00",,,,,,
14-มิ.ย.-2024,8.30,-0.90,-9.78%,9.20,8.20,9.20,"7,395,700","63,120,780.00","1,585,623,895.00",,,,,,
07-มิ.ย.-2024,9.20,-0.50,-5.15%,9.60,8.80,9.75,"8,518,100","79,288,355.00","1,648,744,675.00",,,,,,
31-พ.ค.-2024,9.70,-1.10,-10.19%,10.80,9.70,10.90,"8,554,200","86,095,000.00","1,728,033,030.00",,,,,,
24-พ.ค.-2024,10.80,-0.20,-1.82%,11.00,10.50,11.00,"3,144,100","33,804,980.00","1,814,128,030.00",,,,,,
17-พ.ค.-2024,11.00,-0.20,-1.79%,11.20,10.90,11.40,"2,459,600","27,424,520.00","1,847,933,010.00",,,,,,
10-พ.ค.-2024,11.20,-0.10,-0.88%,11.30,11.20,11.40,"1,389,800","15,660,990.00","1,875,357,530.00",,,,,,
03-พ.ค.-2024,11.30,+0.10,+0.89%,11.20,11.10,11.30,"987,600","11,064,350.00","1,891,018,520.00",,,,,,
26-เม.ย.-2024,11.20,0.00,0.00%,11.10,11.00,11.20,"1,238,400","13,753,750.00","1,879,954,170.00",,,,,,
19-เม.ย.-2024,11.20,-0.20,-1.75%,11.40,11.00,11.40,"1,329,900","14,905,080.00","1,893,707,920.00",,,,,,
12-เม.ย.-2024,11.40,+0.20,+1.79%,11.20,11.10,11.50,"968,300","10,972,060.00","1,908,613,000.00",,,,,,
05-เม.ย.-2024,11.20,-0.20,-1.75%,11.30,11.10,11.40,"2,018,200","22,678,240.00","1,897,640,940.00",,,,,,
29-มี.ค.-2024,11.40,-0.50,-4.20%,11.90,11.40,11.90,"2,176,400","25,277,150.00","1,920,319,180.00",,,,,,
22-มี.ค.-2024,11.90,-0.20,-1.65%,12.10,11.80,12.10,"1,334,200","15,961,260.00","1,945,596,330.00",,,,,,
15-มี.ค.-2024,12.10,-0.50,-3.97%,11.90,11.90,12.20,"2,426,800","29,186,260.00","1,961,557,590.00",,,,,,
08-มี.ค.-2024,12.60,+0.20,+1.61%,12.30,12.20,12.60,"2,990,500","37,119,450.00","1,990,743,850.00",,,,,,
01-มี.ค.-2024,12.40,+0.20,+1.64%,12.50,12.30,12.70,"2,125,000","26,483,800.00","1,953,624,400.00",,,,,,
23-ก.พ.-2024,12.20,0.00,0.00%,12.20,12.10,12.40,"1,065,500","13,066,060.00","1,927,140,600.00",,,,,,
16-ก.พ.-2024,12.20,-0.10,-0.81%,12.30,12.10,12.30,"599,700","7,323,460.00","1,940,206,660.00",,,,,,
09-ก.พ.-2024,12.30,0.00,0.00%,12.20,12.10,12.40,"1,187,100","14,488,800.00","1,947,530,120.00",,,,,,
02-ก.พ.-2024,12.30,-0.10,-0.81%,12.30,12.10,12.40,"1,180,600","14,442,860.00","1,962,018,920.00",,,,,,
26-ม.ค.-2024,12.40,+0.10,+0.81%,12.40,12.20,12.40,"927,300","11,366,930.00","1,976,461,780.00",,,,,,
19-ม.ค.-2024,12.30,0.00,0.00%,12.40,12.30,12.80,"2,668,700","33,500,880.00","1,965,094,850.00",,,,,,
12-ม.ค.-2024,12.30,0.00,0.00%,12.30,12.20,12.40,"1,018,800","12,562,940.00","1,998,595,730.00",,,,,,
05-ม.ค.-2024,12.30,-0.10,-0.81%,12.30,12.30,12.50,"1,121,100","13,907,960.00","2,011,158,670.00",,,,,,
29-ธ.ค.-2023,12.40,+0.10,+0.81%,12.20,12.20,12.50,"485,200","5,987,230.00","2,025,066,630.00",,,,,,
22-ธ.ค.-2023,12.30,0.00,0.00%,12.30,12.20,12.50,"1,017,000","12,526,410.00","2,019,079,400.00",,,,,,
15-ธ.ค.-2023,12.30,-0.20,-1.60%,12.50,12.00,12.50,"1,524,800","18,607,110.00","2,031,605,810.00",,,,,,
08-ธ.ค.-2023,12.50,+0.30,+2.46%,12.20,12.10,12.60,"1,128,800","13,957,530.00","2,050,212,920.00",,,,,,
01-ธ.ค.-2023,12.20,0.00,0.00%,12.20,12.20,12.50,"1,608,800","19,860,770.00","2,036,255,390.00",,,,,,
24-พ.ย.-2023,12.20,-0.30,-2.40%,12.50,12.20,12.80,"1,944,500","24,201,630.00","2,056,116,160.00",,,,,,
17-พ.ย.-2023,12.50,-0.40,-3.10%,12.80,12.50,12.80,"1,354,500","17,167,230.00","2,080,317,790.00",,,,,,
10-พ.ย.-2023,12.90,+0.10,+0.78%,12.90,12.60,13.00,"1,636,200","20,960,800.00","2,097,485,020.00",,,,,,
03-พ.ย.-2023,12.80,+0.10,+0.79%,12.60,12.40,12.90,"1,988,900","25,309,000.00","2,076,524,220.00",,,,,,
27-ต.ค.-2023,12.70,0.00,0.00%,12.50,12.40,12.70,"1,117,400","14,060,080.00","2,051,215,220.00",,,,,,
20-ต.ค.-2023,12.70,+0.20,+1.60%,12.50,12.20,12.80,"1,943,800","24,354,590.00","2,037,155,140.00",,,,,,
13-ต.ค.-2023,12.50,+0.20,+1.63%,12.20,12.20,12.50,"579,100","7,165,820.00","2,012,800,550.00",,,,,,
06-ต.ค.-2023,12.30,0.00,0.00%,12.30,12.10,12.50,"1,171,800","14,412,120.00","2,005,634,730.00",,,,,,
29-ก.ย.-2023,12.30,-0.10,-0.81%,12.40,12.20,12.50,"679,500","8,350,260.00","2,020,046,850.00",,,,,,
22-ก.ย.-2023,12.40,-0.10,-0.80%,12.50,12.20,12.60,"1,001,800","12,400,150.00","2,028,397,110.00",,,,,,
15-ก.ย.-2023,12.50,0.00,0.00%,12.50,12.30,12.60,"1,051,900","13,075,820.00","2,040,797,260.00",,,,,,
08-ก.ย.-2023,12.50,-0.10,-0.79%,12.60,12.40,12.60,"1,330,000","16,614,690.00","2,053,873,080.00",,,,,,
01-ก.ย.-2023,12.60,0.00,0.00%,12.60,12.50,12.80,"1,625,700","20,467,800.00","2,070,487,770.00",,,,,,
25-ส.ค.-2023,12.60,-0.20,-1.56%,12.80,12.40,12.90,"3,697,900","46,956,670.00","2,090,955,570.00",,,,,,
18-ส.ค.-2023,12.80,+0.10,+0.79%,12.70,12.60,12.90,"1,724,100","21,950,880.00","2,137,912,240.00",,,,,,
11-ส.ค.-2023,12.70,+0.10,+0.79%,12.60,12.40,12.80,"1,189,700","14,996,050.00","2,115,961,360.00",,,,,,
04-ส.ค.-2023,12.60,+0.30,+2.44%,12.20,12.20,12.70,"1,727,200","21,724,700.00","2,100,965,310.00",,,,,,
28-ก.ค.-2023,12.30,-0.10,-0.81%,12.40,12.10,12.40,"1,669,400","20,497,730.00","2,079,240,610.00",,,,,,
21-ก.ค.-2023,12.40,0.00,0.00%,12.40,12.30,12.60,"3,338,300","41,334,710.00","2,099,738,340.00",,,,,,
14-ก.ค.-2023,12.40,-0.20,-1.59%,12.50,12.30,12.60,"2,038,900","25,300,500.00","2,141,073,050.00",,,,,,
07-ก.ค.-2023,12.60,-0.10,-0.79%,12.70,12.50,12.80,"952,600","11,994,270.00","2,166,373,550.00",,,,,,
30-มิ.ย.-2023,12.70,-0.10,-0.78%,12.90,12.50,12.90,"1,172,300","14,801,280.00","2,178,367,820.00",,,,,,
23-มิ.ย.-2023,12.80,-0.10,-0.78%,13.10,12.60,13.30,"2,084,600","26,975,310.00","2,193,169,100.00",,,,,,
16-มิ.ย.-2023,12.90,+0.10,+0.78%,12.90,12.80,13.20,"1,647,400","21,461,720.00","2,220,144,410.00",,,,,,
09-มิ.ย.-2023,12.80,0.00,0.00%,12.80,12.60,12.90,"1,151,200","14,675,840.00","2,198,682,690.00",,,,,,
02-มิ.ย.-2023,12.80,0.00,0.00%,12.80,12.50,12.90,"1,262,700","15,999,690.00","2,213,358,530.00",,,,,,
26-พ.ค.-2023,12.80,-0.10,-0.78%,12.90,12.30,12.90,"1,209,300","15,303,830.00","2,229,358,220.00",,,,,,
19-พ.ค.-2023,12.90,-0.10,-0.77%,13.00,12.70,13.10,"1,375,000","17,735,370.00","2,244,662,050.00",,,,,,
12-พ.ค.-2023,13.00,+0.30,+2.36%,12.80,12.50,13.20,"1,074,300","13,853,170.00","2,262,397,420.00",,,,,,
05-พ.ค.-2023,12.70,0.00,0.00%,12.70,12.50,13.00,"650,400","8,279,160.00","2,248,544,250.00",,,,,,
28-เม.ย.-2023,12.70,-0.80,-5.93%,13.50,12.70,13.50,"1,819,000","23,877,270.00","2,256,823,410.00",,,,,,
21-เม.ย.-2023,13.50,+0.10,+0.75%,13.40,13.30,13.60,"1,076,600","14,420,160.00","2,280,700,680.00",,,,,,
14-เม.ย.-2023,13.40,0.00,0.00%,13.40,13.30,13.50,"500,500","6,714,550.00","2,266,280,520.00",,,,,,
07-เม.ย.-2023,13.40,-0.40,-2.90%,13.70,13.40,13.80,"870,600","11,779,840.00","2,272,995,070.00",,,,,,
31-มี.ค.-2023,13.80,+0.20,+1.47%,13.60,13.50,13.80,"1,066,100","14,559,010.00","2,284,774,910.00",,,,,,
24-มี.ค.-2023,13.60,+0.20,+1.49%,13.40,13.40,13.80,"1,687,700","22,978,090.00","2,270,215,900.00",,,,,,
17-มี.ค.-2023,13.40,-1.10,-7.59%,14.40,13.30,14.60,"5,035,500","68,907,500.00","2,247,237,810.00",,,,,,
10-มี.ค.-2023,14.50,+0.20,+1.40%,14.40,14.30,15.00,"3,747,700","55,197,810.00","2,316,145,310.00",,,,,,
03-มี.ค.-2023,14.30,0.00,0.00%,14.40,14.20,14.70,"2,922,000","42,019,520.00","2,260,947,500.00",,,,,,
24-ก.พ.-2023,14.30,0.00,0.00%,14.30,14.20,14.50,"1,210,800","17,334,660.00","2,302,967,020.00",,,,,,
17-ก.พ.-2023,14.30,-0.20,-1.38%,14.40,14.10,14.50,"1,556,700","22,171,600.00","2,320,301,680.00",,,,,,
10-ก.พ.-2023,14.50,0.00,0.00%,14.60,14.20,14.60,"2,206,300","31,788,280.00","2,342,473,280.00",,,,,,
03-ก.พ.-2023,14.50,-0.20,-1.36%,14.70,14.50,14.80,"2,623,200","38,347,670.00","2,374,261,560.00",,,,,,
27-ม.ค.-2023,14.70,-0.30,-2.00%,14.90,14.60,15.10,"2,356,800","35,044,240.00","2,412,609,230.00",,,,,,
20-ม.ค.-2023,15.00,0.00,0.00%,15.10,14.90,15.20,"1,749,100","26,324,640.00","2,447,653,470.00",,,,,,
13-ม.ค.-2023,15.00,+0.10,+0.67%,15.00,14.80,15.40,"2,137,300","32,276,470.00","2,421,328,830.00",,,,,,
06-ม.ค.-2023,14.90,+0.40,+2.76%,14.40,14.30,15.10,"2,115,200","30,968,720.00","2,389,052,360.00",,,,,,
30-ธ.ค.-2022,14.50,+0.40,+2.84%,14.10,13.90,14.70,"3,884,100","55,368,270.00","2,358,083,640.00",,,,,,
23-ธ.ค.-2022,14.10,-0.30,-2.08%,14.50,14.00,14.50,"1,865,600","26,454,780.00","2,302,715,370.00",,,,,,
16-ธ.ค.-2022,14.40,+0.40,+2.86%,14.00,14.00,14.50,"2,354,300","33,541,130.00","2,329,170,150.00",,,,,,
09-ธ.ค.-2022,14.00,-0.30,-2.10%,14.30,13.90,14.30,"1,367,600","19,228,980.00","2,295,629,020.00",,,,,,
02-ธ.ค.-2022,14.30,+0.20,+1.42%,14.20,14.10,14.70,"2,591,600","37,115,730.00","2,314,858,000.00",,,,,,
25-พ.ย.-2022,14.10,+0.30,+2.17%,13.90,13.80,14.20,"1,634,600","22,811,230.00","2,277,742,270.00",,,,,,
18-พ.ย.-2022,13.80,-0.20,-1.43%,14.00,13.60,14.10,"1,709,500","23,771,830.00","2,254,931,040.00",,,,,,
11-พ.ย.-2022,14.00,+0.10,+0.72%,13.90,13.70,14.10,"2,460,200","34,170,560.00","2,278,702,870.00",,,,,,
04-พ.ย.-2022,13.90,+0.20,+1.46%,13.60,13.60,13.90,"2,211,500","30,434,420.00","2,244,532,310.00",,,,,,
28-ต.ค.-2022,13.70,-0.20,-1.44%,13.80,13.60,13.90,"2,503,500","34,351,530.00","2,214,097,890.00",,,,,,
21-ต.ค.-2022,13.90,-0.10,-0.71%,14.00,13.70,14.60,"8,811,100","122,366,470.00","2,248,449,420.00",,,,,,
14-ต.ค.-2022,14.00,-0.50,-3.45%,14.50,13.90,14.60,"2,325,000","32,882,260.00","2,370,815,890.00",,,,,,
07-ต.ค.-2022,14.50,-0.40,-2.68%,14.90,14.50,15.00,"2,029,800","29,933,280.00","2,403,698,150.00",,,,,,
30-ก.ย.-2022,14.90,-0.50,-3.25%,15.40,14.70,15.40,"2,988,400","44,966,880.00","2,433,631,430.00",,,,,,
23-ก.ย.-2022,15.40,-0.10,-0.65%,15.50,15.30,15.80,"3,260,100","50,584,850.00","2,478,598,310.00",,,,,,
16-ก.ย.-2022,15.50,-0.30,-1.90%,15.80,15.30,15.80,"3,044,300","47,211,330.00","2,529,183,160.00",,,,,,
09-ก.ย.-2022,15.80,+0.30,+1.94%,15.50,15.40,16.10,"4,202,100","66,133,690.00","2,576,394,490.00",,,,,,
02-ก.ย.-2022,15.50,-0.50,-3.13%,15.70,15.30,15.90,"2,872,900","44,843,050.00","2,510,260,800.00",,,,,,
26-ส.ค.-2022,16.00,0.00,0.00%,16.00,15.90,16.20,"1,877,800","30,105,310.00","2,555,103,850.00",,,,,,
19-ส.ค.-2022,16.00,-0.10,-0.62%,15.90,15.90,16.20,"1,555,600","24,937,690.00","2,585,209,160.00",,,,,,
12-ส.ค.-2022,16.10,+0.30,+1.90%,15.90,15.80,16.10,"1,406,800","22,474,840.00","2,610,146,850.00",,,,,,
05-ส.ค.-2022,15.80,+0.10,+0.64%,15.60,15.50,16.00,"2,164,500","34,005,000.00","2,587,672,010.00",,,,,,
29-ก.ค.-2022,15.70,-0.20,-1.26%,15.90,15.70,16.00,"839,600","13,292,870.00","2,553,667,010.00",,,,,,
22-ก.ค.-2022,15.90,-0.10,-0.62%,16.10,15.80,16.10,"1,199,700","19,092,270.00","2,566,959,880.00",,,,,,
15-ก.ค.-2022,16.00,0.00,0.00%,16.10,15.80,16.10,"956,200","15,273,230.00","2,586,052,150.00",,,,,,
08-ก.ค.-2022,16.00,0.00,0.00%,15.90,15.60,16.10,"1,745,300","27,691,530.00","2,570,778,920.00",,,,,,
01-ก.ค.-2022,16.00,+0.10,+0.63%,15.90,15.70,16.00,"2,232,100","35,371,250.00","2,543,087,390.00",,,,,,
24-มิ.ย.-2022,15.90,-0.30,-1.85%,16.00,15.60,16.20,"2,448,600","38,701,480.00","2,507,716,140.00",,,,,,
17-มิ.ย.-2022,16.20,-0.30,-1.82%,16.40,15.60,16.50,"5,582,700","89,459,440.00","2,546,417,620.00",,,,,,
10-มิ.ย.-2022,16.50,-0.30,-1.79%,16.70,16.40,17.40,"10,915,500","183,739,360.00","2,635,877,060.00",,,,,,
03-มิ.ย.-2022,16.80,+0.20,+1.20%,16.60,16.60,17.10,"2,310,500","38,815,400.00","2,819,616,420.00",,,,,,
27-พ.ค.-2022,16.60,0.00,0.00%,16.60,16.40,16.80,"1,990,100","32,958,190.00","2,780,801,020.00",,,,,,
20-พ.ค.-2022,16.60,+0.30,+1.84%,16.30,16.30,16.70,"1,639,700","26,972,140.00","2,747,842,830.00",,,,,,
13-พ.ค.-2022,16.30,-0.40,-2.40%,16.60,16.10,16.70,"3,906,400","63,818,940.00","2,720,870,690.00",,,,,,
06-พ.ค.-2022,16.70,-0.10,-0.60%,16.90,16.60,17.00,"2,460,000","41,202,520.00","2,784,689,630.00",,,,,,
29-เม.ย.-2022,16.80,-0.30,-1.75%,17.00,16.80,17.30,"3,115,800","52,817,030.00","2,825,892,150.00",,,,,,
22-เม.ย.-2022,17.10,+0.30,+1.79%,16.90,16.80,17.20,"1,864,100","31,788,210.00","2,878,709,180.00",,,,,,
15-เม.ย.-2022,16.80,-0.30,-1.75%,17.10,16.80,17.20,"1,826,900","30,958,930.00","2,846,920,970.00",,,,,,
08-เม.ย.-2022,17.10,-0.20,-1.16%,17.30,17.00,17.40,"1,888,800","32,468,400.00","2,877,879,900.00",,,,,,
01-เม.ย.-2022,17.30,-0.10,-0.57%,17.40,17.20,17.50,"3,102,100","53,728,560.00","2,910,348,300.00",,,,,,
25-มี.ค.-2022,17.40,-0.90,-4.92%,17.60,17.30,17.80,"4,594,000","80,698,600.00","2,964,076,860.00",,,,,,
18-มี.ค.-2022,18.30,+0.40,+2.23%,17.70,17.60,18.30,"4,599,200","82,696,640.00","3,044,775,460.00",,,,,,
11-มี.ค.-2022,17.90,+0.10,+0.56%,17.80,17.00,17.90,"6,695,900","116,973,910.00","2,962,078,820.00",,,,,,
04-มี.ค.-2022,17.80,-0.20,-1.11%,18.20,17.80,18.20,"4,356,400","78,271,580.00","2,845,104,910.00",,,,,,
25-ก.พ.-2022,18.00,-0.60,-3.23%,18.50,17.70,18.50,"5,616,200","101,159,180.00","2,923,376,490.00",,,,,,
18-ก.พ.-2022,18.60,+0.20,+1.09%,18.30,17.90,18.60,"3,282,500","59,905,010.00","3,024,535,670.00",,,,,,
11-ก.พ.-2022,18.40,-0.30,-1.60%,18.70,18.20,18.80,"4,167,400","77,150,570.00","2,964,630,660.00",,,,,,
04-ก.พ.-2022,18.70,-0.10,-0.53%,18.70,18.60,18.90,"1,830,300","34,356,520.00","3,041,781,230.00",,,,,,
28-ม.ค.-2022,18.80,+0.10,+0.53%,18.60,18.50,18.90,"5,219,200","97,528,560.00","3,076,137,750.00",,,,,,
21-ม.ค.-2022,18.70,+0.10,+0.54%,18.60,18.60,18.90,"4,365,100","81,787,060.00","2,978,609,190.00",,,,,,
14-ม.ค.-2022,18.60,0.00,0.00%,18.60,18.50,18.80,"2,547,300","47,515,670.00","2,896,822,130.00",,,,,,
07-ม.ค.-2022,18.60,+0.20,+1.09%,18.40,18.40,18.70,"3,603,600","66,996,980.00","2,849,306,460.00",,,,,,
31-ธ.ค.-2021,18.40,+0.10,+0.55%,18.40,18.20,18.60,"4,986,800","91,933,230.00","2,782,309,480.00",,,,,,
24-ธ.ค.-2021,18.30,+0.10,+0.55%,18.20,18.10,18.50,"4,535,700","82,949,150.00","2,690,376,250.00",,,,,,
17-ธ.ค.-2021,18.20,+0.20,+1.11%,18.10,17.90,18.30,"6,393,300","116,260,770.00","2,607,427,100.00",,,,,,
10-ธ.ค.-2021,18.00,+0.10,+0.56%,17.90,17.90,18.20,"2,747,800","49,558,610.00","2,491,166,330.00",,,,,,
03-ธ.ค.-2021,17.90,-0.30,-1.65%,18.10,17.80,18.30,"13,918,700","250,620,030.00","2,441,607,720.00",,,,,,
26-พ.ย.-2021,18.20,+0.30,+1.68%,18.00,17.90,18.30,"7,491,800","135,394,920.00","2,692,227,750.00",,,,,,
19-พ.ย.-2021,17.90,-0.20,-1.10%,17.90,17.70,18.10,"9,245,200","165,481,400.00","2,556,832,830.00",,,,,,
12-พ.ย.-2021,18.10,+0.20,+1.12%,17.90,17.60,18.20,"7,717,200","138,183,260.00","2,722,314,230.00",,,,,,
05-พ.ย.-2021,17.90,+0.10,+0.56%,17.80,17.40,17.90,"7,869,500","138,883,690.00","2,584,130,970.00",,,,,,
29-ต.ค.-2021,17.80,-0.20,-1.11%,17.90,17.60,17.90,"5,519,300","97,520,360.00","2,445,247,280.00",,,,,,
22-ต.ค.-2021,18.00,+0.40,+2.27%,17.70,17.40,18.00,"11,503,500","204,058,340.00","2,542,767,640.00",,,,,,
15-ต.ค.-2021,17.60,-0.10,-0.56%,17.80,17.40,17.80,"5,877,100","103,022,720.00","2,338,709,300.00",,,,,,
08-ต.ค.-2021,17.70,+0.40,+2.31%,17.30,17.30,18.20,"7,852,500","139,546,120.00","2,441,732,020.00",,,,,,
01-ต.ค.-2021,17.30,-0.10,-0.57%,17.30,17.20,17.50,"4,378,800","76,037,280.00","2,302,185,900.00",,,,,,
24-ก.ย.-2021,17.40,-0.40,-2.25%,17.70,16.90,17.80,"10,405,900","180,462,160.00","2,378,223,180.00",,,,,,
17-ก.ย.-2021,17.80,+0.30,+1.71%,17.50,17.40,17.90,"4,721,200","83,455,880.00","2,558,685,340.00",,,,,,
10-ก.ย.-2021,17.50,-0.30,-1.69%,17.80,17.40,17.90,"4,751,200","83,824,890.00","2,475,229,460.00",,,,,,
03-ก.ย.-2021,17.80,-0.10,-0.56%,18.00,17.60,18.20,"6,038,000","108,171,480.00","2,559,054,350.00",,,,,,
27-ส.ค.-2021,17.90,0.00,0.00%,18.00,17.60,18.10,"10,136,400","181,115,400.00","2,667,225,830.00",,,,,,
20-ส.ค.-2021,17.90,+0.10,+0.56%,17.80,17.60,18.10,"4,190,300","74,694,700.00","2,486,110,430.00",,,,,,
13-ส.ค.-2021,17.80,-0.70,-3.78%,18.60,17.80,18.70,"6,703,500","122,482,110.00","2,411,415,730.00",,,,,,
06-ส.ค.-2021,18.50,+1.10,+6.32%,17.50,17.40,19.20,"17,973,400","333,914,030.00","2,533,897,840.00",,,,,,
30-ก.ค.-2021,17.40,-0.10,-0.57%,17.50,17.40,17.70,"2,309,100","40,393,270.00","2,199,983,810.00",,,,,,
23-ก.ค.-2021,17.50,-0.20,-1.13%,17.60,17.30,17.70,"3,913,700","68,730,910.00","2,240,377,080.00",,,,,,
16-ก.ค.-2021,17.70,+0.20,+1.14%,17.60,16.90,17.70,"12,239,600","212,988,750.00","2,309,107,990.00",,,,,,
09-ก.ค.-2021,17.50,-1.30,-6.91%,18.70,17.30,18.90,"16,244,900","291,109,550.00","2,096,119,240.00",,,,,,
02-ก.ค.-2021,18.80,+0.20,+1.08%,18.60,18.50,18.90,"2,694,400","50,434,860.00","2,387,228,790.00",,,,,,
25-มิ.ย.-2021,18.60,-0.40,-2.11%,18.90,18.60,19.00,"6,325,400","118,643,820.00","2,336,793,930.00",,,,,,
18-มิ.ย.-2021,19.00,0.00,0.00%,19.00,18.60,19.10,"11,783,100","222,238,310.00","2,455,437,750.00",,,,,,
11-มิ.ย.-2021,19.00,0.00,0.00%,19.00,18.80,19.10,"9,891,500","187,656,960.00","2,677,676,060.00",,,,,,
04-มิ.ย.-2021,19.00,-0.60,-3.06%,19.70,18.90,19.80,"19,271,700","370,304,820.00","2,865,333,020.00",,,,,,
28-พ.ค.-2021,19.60,+0.60,+3.16%,19.00,18.80,19.80,"15,252,300","295,880,910.00","3,235,637,840.00",,,,,,
21-พ.ค.-2021,19.00,-0.10,-0.52%,18.70,18.60,19.10,"3,804,300","71,723,390.00","2,939,756,930.00",,,,,,
14-พ.ค.-2021,19.10,+0.10,+0.53%,19.00,18.70,19.30,"8,628,400","163,636,450.00","3,011,480,320.00",,,,,,
07-พ.ค.-2021,19.00,-0.10,-0.52%,19.20,18.80,19.20,"3,963,900","75,135,340.00","2,847,843,870.00",,,,,,
30-เม.ย.-2021,19.10,+0.20,+1.06%,18.90,18.80,19.30,"6,691,000","127,339,710.00","2,922,979,210.00",,,,,,
23-เม.ย.-2021,18.90,0.00,0.00%,19.20,18.90,19.30,"6,388,000","121,968,660.00","2,795,639,500.00",,,,,,
16-เม.ย.-2021,18.90,-0.40,-2.07%,19.30,18.60,19.40,"4,335,800","82,518,060.00","2,917,608,160.00",,,,,,
09-เม.ย.-2021,19.30,-0.30,-1.53%,19.60,19.20,19.70,"6,007,500","116,522,730.00","3,000,126,220.00",,,,,,
02-เม.ย.-2021,19.60,0.00,0.00%,19.60,19.50,19.70,"5,097,600","99,760,580.00","3,116,648,950.00",,,,,,
26-มี.ค.-2021,19.60,+0.10,+0.51%,19.50,19.30,19.80,"9,299,800","181,949,050.00","3,016,888,370.00",,,,,,
19-มี.ค.-2021,19.50,-0.70,-3.47%,20.30,19.40,20.50,"12,529,200","248,984,240.00","2,834,939,320.00",,,,,,
12-มี.ค.-2021,20.20,+0.20,+1.00%,20.10,19.70,20.50,"17,152,400","345,037,710.00","3,083,923,560.00",,,,,,
05-มี.ค.-2021,20.00,+0.20,+1.01%,19.80,19.70,20.20,"7,473,600","149,240,580.00","2,738,885,850.00",,,,,,
26-ก.พ.-2021,19.80,+0.20,+1.02%,19.60,19.40,20.00,"5,529,400","108,185,340.00","2,589,645,270.00",,,,,,
19-ก.พ.-2021,19.60,0.00,0.00%,19.60,19.50,19.80,"4,411,400","86,685,550.00","2,481,459,930.00",,,,,,
12-ก.พ.-2021,19.60,0.00,0.00%,19.70,19.40,19.80,"5,040,400","98,677,600.00","2,394,774,380.00",,,,,,
05-ก.พ.-2021,19.60,+0.10,+0.51%,19.50,19.20,19.70,"7,282,100","141,756,800.00","2,296,096,780.00",,,,,,
29-ม.ค.-2021,19.50,-0.30,-1.52%,19.80,19.30,20.10,"13,283,700","260,715,670.00","2,154,339,980.00",,,,,,
22-ม.ค.-2021,19.80,-0.20,-1.00%,20.00,19.70,20.10,"6,058,600","120,809,960.00","2,415,055,650.00",,,,,,
15-ม.ค.-2021,20.00,-0.30,-1.48%,20.50,19.90,20.80,"15,293,000","313,140,730.00","2,535,865,610.00",,,,,,
08-ม.ค.-2021,20.30,+0.20,+1.00%,19.90,19.70,21.00,"22,229,900","456,145,210.00","2,849,006,340.00",,,,,,
01-ม.ค.-2021,20.10,-0.10,-0.50%,20.20,19.90,20.40,"3,548,900","71,286,870.00","2,392,861,130.00",,,,,,
25-ธ.ค.-2020,20.20,-0.50,-2.42%,20.30,19.30,20.50,"12,114,700","242,024,030.00","2,464,148,000.00",,,,,,
18-ธ.ค.-2020,20.70,-0.40,-1.90%,21.20,20.60,21.80,"35,108,100","740,279,800.00","2,706,172,030.00",,,,,,
11-ธ.ค.-2020,21.10,+0.50,+2.43%,20.70,20.50,21.20,"14,292,400","298,282,290.00","3,446,451,830.00",,,,,,
04-ธ.ค.-2020,20.60,-1.20,-5.50%,21.80,20.60,21.90,"17,593,600","369,741,510.00","3,148,169,540.00",,,,,,
27-พ.ย.-2020,21.80,+1.00,+4.81%,20.90,20.50,22.30,"39,430,900","851,343,230.00","3,517,911,050.00",,,,,,
20-พ.ย.-2020,20.80,-0.50,-2.35%,21.50,20.30,21.50,"7,123,100","148,896,510.00","2,666,567,820.00",,,,,,
13-พ.ย.-2020,21.30,+1.30,+6.50%,20.20,20.20,21.80,"22,480,700","472,101,790.00","2,815,464,330.00",,,,,,
06-พ.ย.-2020,20.00,+0.20,+1.01%,20.00,19.70,20.30,"4,075,600","81,409,990.00","2,343,362,540.00",,,,,,
30-ต.ค.-2020,19.80,-0.10,-0.50%,20.00,19.40,20.40,"8,624,800","172,431,850.00","2,261,952,550.00",,,,,,
23-ต.ค.-2020,19.90,+0.70,+3.65%,19.30,18.70,19.90,"9,535,800","186,187,780.00","2,434,384,400.00",,,,,,
16-ต.ค.-2020,19.20,+0.20,+1.05%,19.00,18.40,19.20,"4,873,100","91,399,200.00","2,248,196,620.00",,,,,,
09-ต.ค.-2020,19.00,-0.80,-4.04%,19.80,18.90,19.80,"6,914,700","133,334,240.00","2,156,797,420.00",,,,,,
02-ต.ค.-2020,19.80,+0.80,+4.21%,19.00,18.80,20.00,"13,261,300","258,322,730.00","2,290,131,660.00",,,,,,
25-ก.ย.-2020,19.00,+1.50,+8.57%,17.70,17.50,19.10,"9,250,900","171,918,240.00","2,031,808,930.00",,,,,,
18-ก.ย.-2020,17.50,-0.30,-1.69%,17.70,17.40,17.80,"1,760,300","30,964,890.00","1,859,890,690.00",,,,,,
11-ก.ย.-2020,17.80,-0.20,-1.11%,18.00,17.60,18.10,"1,956,400","34,952,090.00","1,890,855,580.00",,,,,,
04-ก.ย.-2020,18.00,-0.10,-0.55%,18.10,17.70,18.20,"2,485,100","44,582,120.00","1,925,807,670.00",,,,,,
28-ส.ค.-2020,18.10,-1.00,-5.24%,18.50,18.10,18.60,"2,761,800","50,640,320.00","1,970,389,790.00",,,,,,
21-ส.ค.-2020,19.10,0.00,0.00%,19.20,18.60,19.40,"4,897,400","93,220,380.00","2,021,030,110.00",,,,,,
14-ส.ค.-2020,19.10,+0.70,+3.80%,18.70,18.70,19.90,"12,974,100","250,568,330.00","1,927,809,730.00",,,,,,
07-ส.ค.-2020,18.40,-0.10,-0.54%,18.40,18.00,18.90,"3,560,400","65,596,680.00","1,677,241,400.00",,,,,,
31-ก.ค.-2020,18.50,-0.80,-4.15%,19.50,17.30,19.90,"9,688,100","180,510,440.00","1,742,838,080.00",,,,,,
24-ก.ค.-2020,19.30,+1.70,+9.66%,17.70,17.40,20.30,"35,279,600","692,105,960.00","1,923,348,520.00",,,,,,
17-ก.ค.-2020,17.60,0.00,0.00%,17.70,17.10,17.90,"4,851,400","85,272,810.00","1,231,242,560.00",,,,,,
10-ก.ค.-2020,17.60,+0.80,+4.76%,17.00,17.00,18.30,"11,962,200","212,968,210.00","1,145,969,750.00",,,,,,
03-ก.ค.-2020,16.80,+0.40,+2.44%,16.40,16.10,17.00,"3,766,500","61,862,530.00","933,001,540.00",,,,,,
26-มิ.ย.-2020,16.40,-0.50,-2.96%,16.90,16.10,17.00,"6,778,200","112,343,860.00","871,139,010.00",,,,,,
19-มิ.ย.-2020,16.90,-0.50,-2.87%,17.40,16.90,17.40,"6,537,200","112,058,330.00","983,482,870.00",,,,,,
12-มิ.ย.-2020,17.40,-0.50,-2.79%,17.90,17.10,18.20,"6,998,500","124,475,630.00","1,095,541,200.00",,,,,,
05-มิ.ย.-2020,17.90,+0.40,+2.29%,17.50,17.50,18.20,"4,606,300","82,303,070.00","1,220,016,830.00",,,,,,
29-พ.ค.-2020,17.50,-0.20,-1.13%,17.70,17.50,18.30,"4,546,800","81,522,880.00","1,137,713,760.00",,,,,,
22-พ.ค.-2020,17.70,+0.40,+2.31%,17.30,17.30,17.80,"3,111,900","54,533,180.00","1,219,236,640.00",,,,,,
15-พ.ค.-2020,17.30,+0.30,+1.76%,17.00,16.80,17.80,"4,053,900","70,438,020.00","1,164,703,460.00",,,,,,
08-พ.ค.-2020,17.00,-0.40,-2.30%,17.30,16.50,17.30,"2,324,200","39,144,890.00","1,094,265,440.00",,,,,,
01-พ.ค.-2020,17.40,+0.80,+4.82%,16.70,16.30,17.60,"2,486,300","41,970,450.00","1,133,410,330.00",,,,,,
24-เม.ย.-2020,16.60,+0.50,+3.11%,16.20,15.90,17.00,"2,533,200","41,631,220.00","1,091,439,880.00",,,,,,
17-เม.ย.-2020,16.10,-0.10,-0.62%,16.10,15.80,16.60,"2,651,400","42,988,220.00","1,049,808,660.00",,,,,,
10-เม.ย.-2020,16.20,+1.80,+12.50%,14.70,14.70,16.50,"3,328,500","52,148,540.00","1,092,796,880.00",,,,,,
03-เม.ย.-2020,14.40,+0.20,+1.41%,14.00,13.70,14.50,"3,535,400","49,889,200.00","1,040,648,340.00",,,,,,
27-มี.ค.-2020,14.20,-1.30,-8.39%,14.40,13.00,14.40,"5,999,600","82,715,750.00","990,759,140.00",,,,,,
20-มี.ค.-2020,15.50,-0.60,-3.73%,14.20,12.00,15.50,"7,090,900","98,111,240.00","1,073,474,890.00",,,,,,
13-มี.ค.-2020,16.10,-2.10,-11.54%,17.50,14.10,18.10,"11,248,400","184,328,790.00","1,171,586,130.00",,,,,,
06-มี.ค.-2020,18.20,+0.70,+4.00%,17.70,17.00,18.40,"4,674,300","82,927,700.00","1,355,914,920.00",,,,,,
28-ก.พ.-2020,17.50,-1.90,-9.79%,19.40,17.40,19.40,"5,611,300","102,540,610.00","1,272,987,220.00",,,,,,
21-ก.พ.-2020,19.40,-0.40,-2.02%,19.70,19.30,20.10,"2,641,900","52,068,510.00","1,375,527,830.00",,,,,,
14-ก.พ.-2020,19.80,0.00,0.00%,19.80,19.50,19.90,"2,435,400","47,936,240.00","1,427,596,340.00",,,,,,
07-ก.พ.-2020,19.80,-0.20,-1.00%,19.80,19.80,20.60,"3,150,000","63,451,900.00","1,475,532,580.00",,,,,,
31-ม.ค.-2020,20.00,-0.60,-2.91%,20.60,19.80,20.60,"4,515,600","91,433,050.00","1,538,984,480.00",,,,,,
24-ม.ค.-2020,20.60,+0.40,+1.98%,20.20,20.10,21.20,"5,752,100","118,718,790.00","1,630,417,530.00",,,,,,
17-ม.ค.-2020,20.20,+0.30,+1.51%,20.00,19.60,20.40,"5,086,300","102,062,140.00","1,511,698,740.00",,,,,,
10-ม.ค.-2020,19.90,+0.70,+3.65%,19.20,19.20,19.90,"4,710,800","91,849,170.00","1,409,636,600.00",,,,,,
03-ม.ค.-2020,19.20,-0.10,-0.52%,19.30,19.20,19.70,"1,891,800","36,800,070.00","1,317,787,430.00",,,,,,
27-ธ.ค.-2019,19.30,+0.10,+0.52%,19.10,19.10,19.40,"1,275,700","24,549,220.00","1,354,587,500.00",,,,,,
20-ธ.ค.-2019,19.20,-0.60,-3.03%,19.80,19.00,19.90,"6,719,500","128,994,330.00","1,330,038,280.00",,,,,,
13-ธ.ค.-2019,19.80,+0.10,+0.51%,19.70,19.30,19.90,"2,542,200","49,797,700.00","1,459,032,610.00",,,,,,
06-ธ.ค.-2019,19.70,+0.20,+1.03%,19.40,19.40,19.90,"3,635,700","71,235,520.00","1,409,234,910.00",,,,,,
29-พ.ย.-2019,19.50,-0.10,-0.51%,19.60,19.40,19.90,"4,139,000","81,131,800.00","1,337,999,390.00",,,,,,
22-พ.ย.-2019,19.60,-0.80,-3.92%,20.40,19.40,20.50,"7,993,200","158,916,280.00","1,419,131,190.00",,,,,,
15-พ.ย.-2019,20.40,-1.10,-5.12%,21.30,20.20,21.50,"7,615,500","159,765,860.00","1,578,047,470.00",,,,,,
08-พ.ย.-2019,21.50,+0.60,+2.87%,21.00,20.40,21.60,"11,623,600","242,096,960.00","1,737,813,330.00",,,,,,
01-พ.ย.-2019,20.90,-0.70,-3.24%,21.50,20.60,21.70,"13,546,300","284,973,020.00","1,495,716,370.00",,,,,,
25-ต.ค.-2019,21.60,+0.20,+0.93%,21.40,21.20,22.70,"25,379,900","557,742,130.00","1,780,689,390.00",,,,,,
18-ต.ค.-2019,21.40,0.00,0.00%,21.40,21.10,21.80,"18,286,000","391,990,240.00","1,222,947,260.00",,,,,,
11-ต.ค.-2019,21.40,+1.40,+7.00%,19.90,19.80,21.60,"43,255,600","902,257,560.00","830,957,020.00",,,,,,
04-ต.ค.-2019,20.00,-0.30,-1.48%,20.30,19.80,20.60,"30,237,600","610,014,340.00","-71,300,540.00",,,,,,
27-ก.ย.-2019,20.30,+1.20,+6.28%,19.10,18.90,20.50,"22,588,000","448,289,040.00","538,713,800.00",,,,,,
20-ก.ย.-2019,19.10,+0.30,+1.60%,18.90,18.70,19.10,"4,926,800","93,437,710.00","90,424,760.00",,,,,,
13-ก.ย.-2019,18.80,-0.40,-2.08%,19.20,18.60,19.30,"2,539,500","47,995,510.00","-3,012,950.00",,,,,,
06-ก.ย.-2019,19.20,+0.60,+3.23%,18.70,18.60,19.40,"8,045,300","152,528,260.00","44,982,560.00",,,,,,
30-ส.ค.-2019,18.60,-0.60,-3.12%,18.90,18.40,19.10,"8,259,200","154,516,150.00","-107,545,700.00",,,,,,
23-ส.ค.-2019,19.20,+0.50,+2.67%,18.70,18.50,19.20,"4,808,000","90,905,830.00","46,970,450.00",,,,,,
16-ส.ค.-2019,18.70,+0.10,+0.54%,18.60,18.10,18.80,"4,539,600","83,597,480.00","-43,935,380.00",,,,,,
09-ส.ค.-2019,18.60,0.00,0.00%,18.60,18.30,18.80,"2,567,200","47,677,780.00","-127,532,860.00",,,,,,
02-ส.ค.-2019,18.60,-0.50,-2.62%,19.10,18.60,19.10,"3,349,300","63,085,740.00","-79,855,080.00",,,,,,
26-ก.ค.-2019,19.10,0.00,0.00%,19.20,19.00,19.50,"5,890,500","113,246,470.00","-16,769,340.00",,,,,,
19-ก.ค.-2019,19.10,-0.30,-1.55%,19.40,19.00,19.80,"5,598,600","108,105,050.00","96,477,130.00",,,,,,
12-ก.ค.-2019,19.40,+0.40,+2.11%,19.00,19.00,19.70,"5,290,600","102,670,070.00","204,582,180.00",,,,,,
05-ก.ค.-2019,19.00,-0.40,-2.06%,19.40,18.90,19.70,"5,439,500","105,240,490.00","101,912,110.00",,,,,,
28-มิ.ย.-2019,19.40,+0.70,+3.74%,18.80,18.60,19.80,"9,843,700","189,666,440.00","207,152,600.00",,,,,,
21-มิ.ย.-2019,18.70,-0.10,-0.53%,18.80,18.50,19.20,"6,691,600","125,802,950.00","17,486,160.00",,,,,,
14-มิ.ย.-2019,18.80,+0.10,+0.53%,18.70,18.60,18.90,"4,043,800","75,780,750.00","143,289,110.00",,,,,,
07-มิ.ย.-2019,18.70,+0.70,+3.89%,18.10,18.00,18.80,"4,430,500","81,716,690.00","67,508,360.00",,,,,,
31-พ.ค.-2019,18.00,+0.30,+1.69%,17.70,17.60,18.20,"6,289,500","113,061,060.00","-14,208,330.00",,,,,,
24-พ.ค.-2019,17.70,+0.20,+1.14%,17.60,17.20,17.90,"3,591,800","63,388,910.00","-127,269,390.00",,,,,,
17-พ.ค.-2019,17.50,-0.50,-2.78%,18.00,17.50,18.00,"9,998,400","176,948,930.00","-190,658,300.00",,,,,,
10-พ.ค.-2019,18.00,-0.10,-0.55%,18.00,17.90,18.40,"5,414,500","98,023,120.00","-13,709,370.00",,,,,,
03-พ.ค.-2019,18.10,+0.30,+1.69%,17.80,17.80,18.30,"7,189,400","129,819,710.00","84,313,750.00",,,,,,
26-เม.ย.-2019,17.80,-0.20,-1.11%,18.00,17.70,18.20,"9,498,400","170,668,750.00","-45,505,960.00",,,,,,
19-เม.ย.-2019,18.00,0.00,0.00%,18.00,17.80,18.20,"8,416,400","151,482,470.00","125,162,790.00",,,,,,
12-เม.ย.-2019,18.00,-0.10,-0.55%,18.10,17.80,18.30,"3,885,000","69,892,290.00","276,645,260.00",,,,,,
05-เม.ย.-2019,18.10,-0.30,-1.63%,18.60,17.90,18.60,"6,522,200","118,784,430.00","346,537,550.00",,,,,,
29-มี.ค.-2019,18.40,-0.30,-1.60%,18.60,18.40,18.70,"1,188,300","22,003,520.00","465,321,980.00",,,,,,
22-มี.ค.-2019,18.70,0.00,0.00%,18.80,18.40,18.80,"1,760,300","32,654,380.00","487,325,500.00",,,,,,
15-มี.ค.-2019,18.70,-0.40,-2.09%,18.50,18.50,18.90,"1,738,300","32,351,450.00","519,979,880.00",,,,,,
08-มี.ค.-2019,19.10,-0.10,-0.52%,19.20,19.00,19.30,"3,691,300","70,603,980.00","552,331,330.00",,,,,,
01-มี.ค.-2019,19.20,+0.40,+2.13%,19.00,18.90,19.90,"10,746,100","208,849,210.00","622,935,310.00",,,,,,
22-ก.พ.-2019,18.80,0.00,0.00%,18.90,18.50,18.90,"2,023,400","37,811,960.00","414,086,100.00",,,,,,
15-ก.พ.-2019,18.80,-0.20,-1.05%,19.00,18.80,19.10,"2,816,300","53,398,840.00","451,898,060.00",,,,,,
08-ก.พ.-2019,19.00,0.00,0.00%,19.10,18.80,19.20,"2,615,800","49,728,640.00","505,296,900.00",,,,,,
01-ก.พ.-2019,19.00,+0.10,+0.53%,19.00,18.70,19.30,"3,089,500","58,748,510.00","455,568,260.00",,,,,,
25-ม.ค.-2019,18.90,0.00,0.00%,18.90,18.80,19.30,"1,807,500","34,358,740.00","396,819,750.00",,,,,,
18-ม.ค.-2019,18.90,0.00,0.00%,18.60,18.50,18.90,"2,240,800","41,982,550.00","362,461,010.00",,,,,,
11-ม.ค.-2019,18.90,+0.70,+3.85%,18.20,18.20,19.10,"2,237,400","41,769,770.00","320,478,460.00",,,,,,
04-ม.ค.-2019,18.20,+0.10,+0.55%,17.90,17.90,18.40,"963,800","17,504,640.00","278,708,690.00",,,,,,
28-ธ.ค.-2018,18.10,-0.70,-3.72%,18.90,17.60,18.90,"4,598,600","83,809,710.00","261,204,050.00",,,,,,
21-ธ.ค.-2018,18.80,-0.20,-1.05%,19.00,18.50,19.10,"2,998,800","56,348,340.00","345,013,760.00",,,,,,
14-ธ.ค.-2018,19.00,-0.30,-1.55%,19.20,18.90,19.50,"1,887,300","36,163,190.00","401,362,100.00",,,,,,
07-ธ.ค.-2018,19.30,-0.30,-1.53%,19.70,19.20,19.70,"1,165,700","22,665,390.00","437,525,290.00",,,,,,
30-พ.ย.-2018,19.60,+0.40,+2.08%,19.20,19.00,19.60,"1,394,800","27,044,320.00","460,190,680.00",,,,,,
23-พ.ย.-2018,19.20,-0.70,-3.52%,20.00,18.90,20.00,"2,810,200","54,341,580.00","433,146,360.00",,,,,,
16-พ.ย.-2018,19.90,-0.60,-2.93%,20.30,19.80,20.30,"2,666,500","53,209,660.00","487,487,940.00",,,,,,
09-พ.ย.-2018,20.50,+0.20,+0.99%,20.30,20.20,20.70,"2,573,500","52,572,590.00","540,697,600.00",,,,,,
02-พ.ย.-2018,20.30,+0.50,+2.53%,19.80,19.80,20.50,"4,458,000","90,020,270.00","488,125,010.00",,,,,,
26-ต.ค.-2018,19.80,-0.20,-1.00%,19.90,19.60,20.00,"5,067,700","100,191,590.00","398,104,740.00",,,,,,
19-ต.ค.-2018,20.00,0.00,0.00%,20.00,19.70,20.50,"5,732,200","114,796,920.00","498,296,330.00",,,,,,
12-ต.ค.-2018,20.00,-0.60,-2.91%,20.80,19.70,20.80,"5,928,200","119,374,260.00","613,093,250.00",,,,,,
05-ต.ค.-2018,20.60,-0.60,-2.83%,21.10,20.60,21.20,"2,267,200","47,273,160.00","732,467,510.00",,,,,,
28-ก.ย.-2018,21.20,-0.40,-1.85%,21.60,20.90,21.70,"2,835,100","60,060,350.00","779,740,670.00",,,,,,
21-ก.ย.-2018,21.60,+0.90,+4.35%,20.70,20.60,21.60,"5,548,800","117,307,910.00","839,801,020.00",,,,,,
14-ก.ย.-2018,20.70,+0.30,+1.47%,20.40,20.20,20.80,"2,361,800","48,366,230.00","722,493,110.00",,,,,,
07-ก.ย.-2018,20.40,-0.40,-1.92%,20.80,20.40,21.00,"3,008,800","62,169,260.00","674,126,880.00",,,,,,
31-ส.ค.-2018,20.80,+0.20,+0.97%,20.60,20.60,21.40,"5,843,400","122,664,960.00","736,296,140.00",,,,,,
24-ส.ค.-2018,20.60,-0.50,-2.37%,21.00,20.40,21.20,"4,468,400","93,564,910.00","613,631,180.00",,,,,,
17-ส.ค.-2018,21.10,+0.50,+2.43%,20.80,20.60,21.20,"2,318,700","48,580,020.00","707,196,090.00",,,,,,
10-ส.ค.-2018,20.60,-0.70,-3.29%,21.50,20.50,21.70,"4,511,300","94,590,330.00","658,616,070.00",,,,,,
03-ส.ค.-2018,21.30,+0.40,+1.91%,20.90,20.70,21.30,"3,070,400","64,333,810.00","753,206,400.00",,,,,,
27-ก.ค.-2018,20.90,+0.20,+0.97%,20.70,20.40,21.00,"1,632,200","33,733,540.00","688,872,590.00",,,,,,
20-ก.ค.-2018,20.70,+0.10,+0.49%,20.50,20.00,20.80,"1,860,300","37,939,910.00","655,139,050.00",,,,,,
13-ก.ค.-2018,20.60,+0.60,+3.00%,20.00,19.80,20.70,"2,141,200","43,574,820.00","617,199,140.00",,,,,,
06-ก.ค.-2018,20.00,+0.70,+3.63%,19.30,19.00,20.00,"3,574,700","69,998,690.00","573,624,320.00",,,,,,
29-มิ.ย.-2018,19.30,-1.20,-5.85%,20.50,18.70,20.60,"7,927,200","154,202,800.00","503,625,630.00",,,,,,
22-มิ.ย.-2018,20.50,-0.80,-3.76%,21.40,20.30,21.40,"3,340,600","69,251,700.00","657,828,430.00",,,,,,
15-มิ.ย.-2018,21.30,-0.50,-2.29%,21.80,21.20,21.80,"2,293,700","49,274,190.00","727,080,130.00",,,,,,
08-มิ.ย.-2018,21.80,+0.10,+0.46%,21.70,21.40,22.10,"2,257,000","49,007,910.00","776,354,320.00",,,,,,
01-มิ.ย.-2018,21.70,+0.10,+0.46%,21.60,21.30,21.80,"2,992,400","64,296,180.00","727,346,410.00",,,,,,
25-พ.ค.-2018,21.60,-0.50,-2.26%,22.20,21.30,22.20,"2,693,700","58,473,750.00","663,050,230.00",,,,,,
18-พ.ค.-2018,22.10,+0.30,+1.38%,21.80,21.70,22.70,"6,728,300","149,785,060.00","721,523,980.00",,,,,,
11-พ.ค.-2018,21.80,+0.50,+2.35%,21.30,21.30,21.90,"3,181,600","68,634,170.00","571,738,920.00",,,,,,
04-พ.ค.-2018,21.30,-0.10,-0.47%,21.40,21.00,21.60,"2,406,800","51,249,400.00","503,104,750.00",,,,,,
27-เม.ย.-2018,21.40,+0.10,+0.47%,21.30,21.20,21.60,"1,652,200","35,405,830.00","554,354,150.00",,,,,,
20-เม.ย.-2018,21.30,-0.60,-2.74%,21.60,20.90,22.00,"6,659,400","141,898,980.00","518,948,320.00",,,,,,
13-เม.ย.-2018,21.90,+0.80,+3.79%,20.90,20.90,21.90,"3,928,900","84,127,330.00","660,847,300.00",,,,,,
06-เม.ย.-2018,21.10,-0.70,-3.21%,21.80,20.70,21.90,"4,831,600","103,214,840.00","576,719,970.00",,,,,,
30-มี.ค.-2018,21.80,-0.60,-2.68%,22.30,21.80,22.40,"5,327,900","117,400,710.00","679,934,810.00",,,,,,
23-มี.ค.-2018,22.40,-0.60,-2.61%,22.90,22.40,23.00,"4,401,200","99,900,440.00","797,335,520.00",,,,,,
16-มี.ค.-2018,23.00,+0.20,+0.88%,22.90,22.60,23.40,"6,091,800","140,135,080.00","897,235,960.00",,,,,,
09-มี.ค.-2018,22.80,-1.50,-6.17%,24.40,22.70,24.50,"11,416,000","269,573,290.00","757,100,880.00",,,,,,
02-มี.ค.-2018,24.30,+0.40,+1.67%,24.20,24.20,25.25,"27,603,500","681,971,995.00","1,026,674,170.00",,,,,,
23-ก.พ.-2018,23.90,-0.40,-1.65%,24.40,23.60,24.70,"10,549,500","255,123,540.00","344,702,175.00",,,,,,
16-ก.พ.-2018,24.30,+0.70,+2.97%,23.70,23.30,24.50,"16,663,300","398,447,340.00","599,825,715.00",,,,,,
09-ก.พ.-2018,23.60,-0.50,-2.07%,23.50,23.00,24.20,"28,282,400","666,710,760.00","201,378,375.00",,,,,,
02-ก.พ.-2018,24.10,-0.40,-1.63%,24.70,23.00,25.25,"53,184,600","1,281,772,290.00","868,089,135.00",,,,,,
26-ม.ค.-2018,24.50,+2.20,+9.87%,22.10,21.90,25.50,"94,204,600","2,286,842,855.00","2,149,861,425.00",,,,,,
19-ม.ค.-2018,22.30,-0.30,-1.33%,22.60,22.10,22.90,"9,748,200","219,620,090.00","-136,981,430.00",,,,,,
12-ม.ค.-2018,22.60,+0.40,+1.80%,22.20,22.00,23.00,"22,710,000","514,572,440.00","82,638,660.00",,,,,,
05-ม.ค.-2018,22.20,+0.30,+1.37%,21.90,21.90,22.60,"11,105,500","246,214,880.00","-431,933,780.00",,,,,,
29-ธ.ค.-2017,21.90,-0.20,-0.90%,22.00,21.80,22.60,"14,936,100","331,038,810.00","-678,148,660.00",,,,,,
22-ธ.ค.-2017,22.10,+0.70,+3.27%,21.40,21.20,22.30,"12,620,700","275,206,640.00","-347,109,850.00",,,,,,
15-ธ.ค.-2017,21.40,-0.20,-0.93%,21.50,21.30,21.90,"5,479,300","118,003,180.00","-622,316,490.00",,,,,,
08-ธ.ค.-2017,21.60,+0.10,+0.47%,21.60,21.10,21.80,"7,091,700","152,115,270.00","-504,313,310.00",,,,,,
01-ธ.ค.-2017,21.50,-1.50,-6.52%,23.00,21.50,23.20,"15,111,900","334,708,220.00","-656,428,580.00",,,,,,
24-พ.ย.-2017,23.00,-0.70,-2.95%,23.70,23.00,24.30,"9,585,400","228,041,290.00","-321,720,360.00",,,,,,
17-พ.ย.-2017,23.70,+0.10,+0.42%,23.40,22.80,23.90,"15,217,000","355,481,480.00","-93,679,070.00",,,,,,
10-พ.ย.-2017,23.60,-0.90,-3.67%,24.40,23.50,24.90,"19,923,400","481,101,390.00","-449,160,550.00",,,,,,
03-พ.ย.-2017,24.50,-0.20,-0.81%,24.80,24.20,25.50,"47,731,000","1,182,566,720.00","31,940,840.00",,,,,,
27-ต.ค.-2017,24.70,+1.60,+6.93%,23.10,23.10,24.70,"32,823,700","792,324,710.00","1,214,507,560.00",,,,,,
20-ต.ค.-2017,23.10,-0.20,-0.86%,23.40,23.00,24.90,"58,197,600","1,391,073,960.00","422,182,850.00",,,,,,
13-ต.ค.-2017,23.30,+0.10,+0.43%,23.30,22.40,23.90,"38,082,400","879,386,260.00","1,813,256,810.00",,,,,,
06-ต.ค.-2017,23.20,+2.80,+13.73%,20.50,20.40,23.50,"58,385,600","1,297,788,880.00","933,870,550.00",,,,,,
29-ก.ย.-2017,20.40,-0.20,-0.97%,20.50,20.40,20.60,"6,758,000","138,520,870.00","-363,918,330.00",,,,,,
22-ก.ย.-2017,20.60,0.00,0.00%,20.70,20.40,20.70,"4,771,000","98,213,470.00","-225,397,460.00",,,,,,
15-ก.ย.-2017,20.60,+0.30,+1.48%,20.50,20.20,20.80,"9,887,700","202,984,720.00","-323,610,930.00",,,,,,
08-ก.ย.-2017,20.30,-0.10,-0.49%,20.30,20.30,20.60,"4,412,900","90,080,070.00","-526,595,650.00",,,,,,
01-ก.ย.-2017,20.40,-0.50,-2.39%,20.50,20.30,20.70,"9,830,600","201,339,180.00","-436,515,580.00",,,,,,
25-ส.ค.-2017,20.90,+0.10,+0.48%,20.80,20.80,21.10,"8,629,300","180,669,570.00","-235,176,400.00",,,,,,
18-ส.ค.-2017,20.80,+0.40,+1.96%,20.70,20.60,20.90,"5,941,800","123,283,410.00","-415,845,970.00",,,,,,
11-ส.ค.-2017,20.40,-0.50,-2.39%,20.90,20.30,21.10,"4,784,700","98,807,990.00","-539,129,380.00",,,,,,
04-ส.ค.-2017,20.90,+0.60,+2.96%,20.30,20.20,21.10,"7,015,100","144,853,620.00","-440,321,390.00",,,,,,
28-ก.ค.-2017,20.30,-0.30,-1.46%,20.60,20.30,20.80,"3,446,400","70,844,860.00","-585,175,010.00",,,,,,
21-ก.ค.-2017,20.60,+0.10,+0.49%,20.60,20.10,20.70,"4,661,700","95,033,770.00","-514,330,150.00",,,,,,
14-ก.ค.-2017,20.50,+0.40,+1.99%,20.10,20.10,20.70,"3,799,800","77,293,790.00","-609,363,920.00",,,,,,
07-ก.ค.-2017,20.10,-0.60,-2.90%,20.80,19.90,20.90,"13,524,200","273,898,090.00","-686,657,710.00",,,,,,
30-มิ.ย.-2017,20.70,-0.20,-0.96%,20.90,20.70,21.00,"6,237,200","130,048,760.00","-412,759,620.00",,,,,,
23-มิ.ย.-2017,20.90,-0.40,-1.88%,21.30,20.80,21.30,"7,085,400","148,145,100.00","-282,710,860.00",,,,,,
16-มิ.ย.-2017,21.30,+0.30,+1.43%,21.00,20.80,21.30,"9,301,600","195,403,980.00","-134,565,760.00",,,,,,
09-มิ.ย.-2017,21.00,-0.20,-0.94%,21.20,20.80,21.20,"8,577,500","180,210,610.00","-329,969,740.00",,,,,,
02-มิ.ย.-2017,21.20,-0.20,-0.93%,21.40,21.10,21.40,"4,557,400","96,689,470.00","-149,759,130.00",,,,,,
26-พ.ค.-2017,21.40,0.00,0.00%,21.50,21.20,21.50,"3,784,300","80,727,950.00","-53,069,660.00",,,,,,
19-พ.ค.-2017,21.40,+0.80,+3.88%,21.00,20.70,21.60,"9,041,500","192,027,160.00","-133,797,610.00",,,,,,
12-พ.ค.-2017,20.60,-0.30,-1.44%,21.00,20.40,21.00,"4,181,300","86,941,490.00","-325,824,770.00",,,,,,
05-พ.ค.-2017,20.90,+0.10,+0.48%,20.80,20.80,21.20,"4,126,500","86,700,310.00","-238,883,280.00",,,,,,
28-เม.ย.-2017,20.80,-0.60,-2.80%,21.50,20.80,21.60,"11,892,300","252,985,570.00","-325,583,590.00",,,,,,
21-เม.ย.-2017,21.40,-0.20,-0.93%,21.60,21.30,21.70,"4,571,300","97,941,910.00","-72,598,020.00",,,,,,
14-เม.ย.-2017,21.60,+0.40,+1.89%,21.30,21.20,21.60,"3,418,400","73,305,370.00","25,343,890.00",,,,,,
07-เม.ย.-2017,21.20,-0.10,-0.47%,21.30,21.20,21.60,"4,971,600","106,379,300.00","-47,961,480.00",,,,,,
31-มี.ค.-2017,21.30,0.00,0.00%,21.30,21.00,21.60,"6,821,300","145,288,790.00","58,417,820.00",,,,,,
24-มี.ค.-2017,21.30,-0.30,-1.39%,21.60,21.30,21.60,"4,039,200","86,777,090.00","203,706,610.00",,,,,,
17-มี.ค.-2017,21.60,-0.70,-3.14%,22.30,21.20,22.50,"11,674,600","257,497,520.00","290,483,700.00",,,,,,
10-มี.ค.-2017,22.30,+0.20,+0.90%,22.10,22.00,22.40,"9,015,300","199,943,130.00","547,981,220.00",,,,,,
03-มี.ค.-2017,22.10,-0.50,-2.21%,22.50,21.90,22.60,"17,177,200","383,231,130.00","348,038,090.00",,,,,,
24-ก.พ.-2017,22.60,+0.40,+1.80%,22.10,22.00,22.60,"9,034,800","201,527,300.00","731,269,220.00",,,,,,
17-ก.พ.-2017,22.20,-0.30,-1.33%,22.40,21.80,22.50,"5,643,500","124,992,610.00","529,741,920.00",,,,,,
10-ก.พ.-2017,22.50,+0.60,+2.74%,22.00,21.90,22.50,"14,359,300","317,937,630.00","654,734,530.00",,,,,,
03-ก.พ.-2017,21.90,+0.70,+3.30%,21.30,21.20,22.00,"9,870,500","212,890,030.00","336,796,900.00",,,,,,
27-ม.ค.-2017,21.20,0.00,0.00%,21.20,21.00,21.30,"5,946,000","125,913,640.00","123,906,870.00",,,,,,
20-ม.ค.-2017,21.20,+0.10,+0.47%,21.10,20.90,21.30,"7,495,400","157,821,800.00","-2,006,770.00",,,,,,
13-ม.ค.-2017,21.10,-0.10,-0.47%,21.30,21.00,21.50,"7,990,100","170,180,270.00","-159,828,570.00",,,,,,
06-ม.ค.-2017,21.20,-0.20,-0.93%,21.40,21.10,21.70,"4,937,400","105,479,270.00","10,351,700.00",,,,,,
30-ธ.ค.-2016,21.40,-0.20,-0.93%,21.60,21.20,21.60,"1,923,700","41,188,570.00","115,830,970.00",,,,,,
23-ธ.ค.-2016,21.60,+0.20,+0.93%,21.40,21.30,21.60,"1,675,800","36,007,950.00","157,019,540.00",,,,,,
16-ธ.ค.-2016,21.40,-0.10,-0.47%,21.60,21.30,21.80,"3,120,400","67,236,530.00","121,011,590.00",,,,,,
09-ธ.ค.-2016,21.50,+0.10,+0.47%,21.50,21.20,21.70,"3,239,400","69,596,610.00","188,248,120.00",,,,,,
02-ธ.ค.-2016,21.40,+0.20,+0.94%,21.30,21.00,21.80,"6,432,600","137,634,570.00","118,651,510.00",,,,,,
25-พ.ย.-2016,21.20,+0.60,+2.91%,20.50,20.50,21.40,"7,036,400","148,694,290.00","-18,983,060.00",,,,,,
18-พ.ย.-2016,20.60,-0.30,-1.44%,20.70,20.40,21.00,"2,975,000","61,317,840.00","-167,677,350.00",,,,,,
11-พ.ย.-2016,20.90,-0.20,-0.95%,21.20,20.50,21.30,"6,579,400","137,971,020.00","-106,359,510.00",,,,,,
04-พ.ย.-2016,21.10,+0.40,+1.93%,20.60,20.40,21.20,"4,766,000","99,354,430.00","31,611,510.00",,,,,,
28-ต.ค.-2016,20.70,-0.80,-3.72%,21.30,20.60,21.30,"2,894,200","60,470,820.00","-67,742,920.00",,,,,,
21-ต.ค.-2016,21.50,+1.60,+8.04%,19.80,19.80,21.50,"7,616,000","158,783,020.00","-7,272,100.00",,,,,,
14-ต.ค.-2016,19.90,-0.80,-3.86%,20.40,18.70,20.50,"11,438,100","222,882,410.00","-166,055,120.00",,,,,,
07-ต.ค.-2016,20.70,+0.40,+1.97%,20.40,20.30,21.00,"4,154,300","86,140,730.00","56,827,290.00",,,,,,
30-ก.ย.-2016,20.30,-0.20,-0.98%,20.40,20.20,20.60,"3,383,900","69,142,110.00","-29,313,440.00",,,,,,
23-ก.ย.-2016,20.50,-0.70,-3.30%,21.10,20.20,21.10,"4,934,100","101,347,850.00","39,828,670.00",,,,,,
16-ก.ย.-2016,21.20,+1.40,+7.07%,19.40,19.30,21.20,"6,393,000","129,948,220.00","141,176,520.00",,,,,,
09-ก.ย.-2016,19.80,-0.80,-3.88%,20.70,19.60,20.70,"10,430,300","209,935,990.00","11,228,300.00",,,,,,
02-ก.ย.-2016,20.60,-0.30,-1.44%,21.00,20.50,21.00,"6,389,100","132,314,050.00","221,164,290.00",,,,,,
26-ส.ค.-2016,20.90,-0.20,-0.95%,21.00,20.80,21.20,"4,787,800","100,184,030.00","353,478,340.00",,,,,,
19-ส.ค.-2016,21.10,-0.80,-3.65%,21.90,21.00,22.00,"8,274,700","177,315,100.00","453,662,370.00",,,,,,
12-ส.ค.-2016,21.90,+0.20,+0.92%,21.80,21.70,22.20,"6,815,600","149,679,810.00","630,977,470.00",,,,,,
05-ส.ค.-2016,21.70,-0.50,-2.25%,22.10,21.30,22.50,"14,549,200","317,912,000.00","481,297,660.00",,,,,,
29-ก.ค.-2016,22.20,-0.20,-0.89%,22.50,22.20,22.80,"10,708,700","241,515,680.00","799,209,660.00",,,,,,
22-ก.ค.-2016,22.40,-0.10,-0.44%,22.70,22.20,23.00,"8,130,000","182,948,600.00","1,040,725,340.00",,,,,,
15-ก.ค.-2016,22.50,+1.40,+6.64%,21.30,21.00,22.90,"25,947,300","569,549,960.00","1,223,673,940.00",,,,,,
08-ก.ค.-2016,21.10,+0.70,+3.43%,20.50,20.40,21.30,"17,820,200","371,766,190.00","654,123,980.00",,,,,,
01-ก.ค.-2016,20.40,+0.20,+0.99%,20.30,20.10,20.60,"10,511,900","213,570,020.00","282,357,790.00",,,,,,
24-มิ.ย.-2016,20.20,-0.40,-1.94%,20.60,20.00,20.60,"8,711,400","177,158,070.00","68,787,770.00",,,,,,
17-มิ.ย.-2016,20.60,+0.10,+0.49%,20.50,20.40,20.70,"5,618,100","115,134,820.00","245,945,840.00",,,,,,
10-มิ.ย.-2016,20.50,-0.10,-0.49%,20.60,20.40,20.70,"7,311,400","150,201,630.00","130,811,020.00",,,,,,
03-มิ.ย.-2016,20.60,+0.20,+0.98%,20.50,20.40,20.80,"7,463,100","153,616,540.00","281,012,650.00",,,,,,
27-พ.ค.-2016,20.40,-0.40,-1.92%,20.80,20.40,20.80,"6,485,900","133,252,380.00","127,396,110.00",,,,,,
20-พ.ค.-2016,20.80,-0.50,-2.35%,21.30,20.60,21.40,"4,743,400","99,814,060.00","260,648,490.00",,,,,,
13-พ.ค.-2016,21.30,+0.60,+2.90%,20.60,20.60,21.60,"6,258,400","131,705,800.00","360,462,550.00",,,,,,
06-พ.ค.-2016,20.70,-0.20,-0.96%,20.80,20.50,20.90,"3,120,700","64,799,150.00","228,756,750.00",,,,,,
29-เม.ย.-2016,20.90,+0.20,+0.97%,20.70,20.30,21.30,"14,008,300","290,694,290.00","293,555,900.00",,,,,,
22-เม.ย.-2016,20.70,-0.10,-0.48%,20.80,20.50,21.20,"10,891,000","225,810,810.00","2,861,610.00",,,,,,
15-เม.ย.-2016,20.80,+0.60,+2.97%,20.20,20.20,20.80,"1,170,900","24,071,880.00","228,672,420.00",,,,,,
08-เม.ย.-2016,20.20,-0.70,-3.35%,20.90,20.10,20.90,"6,144,800","126,269,850.00","204,600,540.00",,,,,,
01-เม.ย.-2016,20.90,-0.20,-0.95%,21.10,20.70,21.20,"5,513,500","115,281,740.00","330,870,390.00",,,,,,
25-มี.ค.-2016,21.10,-0.10,-0.47%,21.30,20.90,21.40,"5,689,000","119,881,880.00","446,152,130.00",,,,,,
18-มี.ค.-2016,21.20,+0.10,+0.47%,21.20,20.90,21.40,"5,293,800","111,694,340.00","566,034,010.00",,,,,,
11-มี.ค.-2016,21.10,-1.10,-4.95%,22.30,21.00,22.50,"11,731,100","255,384,120.00","454,339,670.00",,,,,,
04-มี.ค.-2016,22.20,+1.30,+6.22%,21.10,20.90,22.50,"13,990,600","305,661,810.00","709,723,790.00",,,,,,
26-ก.พ.-2016,20.90,0.00,0.00%,20.90,20.70,21.30,"6,960,800","146,015,920.00","404,061,980.00",,,,,,
19-ก.พ.-2016,20.90,+0.60,+2.96%,20.40,20.10,20.90,"8,137,000","167,365,210.00","258,046,060.00",,,,,,
12-ก.พ.-2016,20.30,-0.50,-2.40%,20.90,20.00,21.00,"7,437,600","152,310,830.00","90,680,850.00",,,,,,
05-ก.พ.-2016,20.80,+0.40,+1.96%,20.40,19.80,20.90,"9,129,400","184,715,140.00","242,991,680.00",,,,,,
29-ม.ค.-2016,20.40,+0.10,+0.49%,20.50,20.10,20.50,"5,080,500","103,011,810.00","58,276,540.00",,,,,,
22-ม.ค.-2016,20.30,-0.60,-2.87%,20.90,19.70,21.10,"12,762,200","257,521,770.00","-44,735,270.00",,,,,,
15-ม.ค.-2016,20.90,+0.20,+0.97%,20.70,20.50,21.60,"7,166,900","150,615,000.00","212,786,500.00",,,,,,
08-ม.ค.-2016,20.70,-0.70,-3.27%,21.40,20.10,21.50,"6,870,400","141,338,300.00","62,171,500.00",,,,,,
01-ม.ค.-2016,21.40,+0.10,+0.47%,21.50,21.10,21.50,"1,002,700","21,382,740.00","203,509,800.00",,,,,,
25-ธ.ค.-2015,21.30,+0.20,+0.95%,20.60,20.40,21.70,"2,542,600","53,614,230.00","182,127,060.00",,,,,,
18-ธ.ค.-2015,21.10,+0.50,+2.43%,20.20,19.00,22.20,"22,735,500","456,809,970.00","128,512,830.00",,,,,,
11-ธ.ค.-2015,20.60,-2.10,-9.25%,22.70,20.50,22.70,"6,124,900","131,925,190.00","-328,297,140.00",,,,,,
04-ธ.ค.-2015,22.70,-0.90,-3.81%,23.70,22.40,24.10,"5,721,200","133,292,660.00","-196,371,950.00",,,,,,
27-พ.ย.-2015,23.60,-0.40,-1.67%,24.00,23.60,24.20,"2,782,600","66,598,150.00","-63,079,290.00",,,,,,
20-พ.ย.-2015,24.00,+0.20,+0.84%,23.80,23.30,24.10,"8,528,300","202,195,800.00","3,518,860.00",,,,,,
13-พ.ย.-2015,23.80,+0.20,+0.85%,23.80,23.70,24.20,"6,874,300","164,626,470.00","-198,676,940.00",,,,,,
06-พ.ย.-2015,23.60,-0.40,-1.67%,23.90,23.40,24.20,"6,696,800","158,313,410.00","-363,303,410.00",,,,,,
30-ต.ค.-2015,24.00,-0.20,-0.83%,24.30,23.70,24.50,"3,800,300","91,649,980.00","-204,990,000.00",,,,,,
23-ต.ค.-2015,24.20,-0.20,-0.82%,24.60,24.00,24.60,"2,985,100","72,168,490.00","-113,340,020.00",,,,,,
16-ต.ค.-2015,24.40,+0.20,+0.83%,24.30,23.90,24.40,"6,037,500","145,669,090.00","-41,171,530.00",,,,,,
09-ต.ค.-2015,24.20,+0.40,+1.68%,23.70,23.70,24.40,"3,703,000","89,222,540.00","-186,840,620.00",,,,,,
02-ต.ค.-2015,23.80,-0.60,-2.46%,24.40,23.70,24.50,"3,301,300","79,428,530.00","-276,063,160.00",,,,,,
25-ก.ย.-2015,24.40,-0.20,-0.81%,24.60,24.20,24.70,"2,463,200","60,160,660.00","-196,634,630.00",,,,,,
18-ก.ย.-2015,24.60,+0.20,+0.82%,24.50,24.00,25.00,"4,100,400","100,457,330.00","-136,473,970.00",,,,,,
11-ก.ย.-2015,24.40,+0.90,+3.83%,23.50,23.30,24.60,"5,532,600","132,902,390.00","-236,931,300.00",,,,,,
04-ก.ย.-2015,23.50,-0.20,-0.84%,23.80,23.30,24.10,"4,962,900","117,022,080.00","-369,833,690.00",,,,,,
28-ส.ค.-2015,23.70,-0.40,-1.66%,23.60,22.60,24.30,"6,381,300","150,487,840.00","-252,811,610.00",,,,,,
21-ส.ค.-2015,24.10,0.00,0.00%,24.20,23.20,24.30,"9,731,700","231,305,300.00","-102,323,770.00",,,,,,
14-ส.ค.-2015,24.10,-0.50,-2.03%,25.25,23.90,25.25,"12,191,300","299,632,130.00","128,981,530.00",,,,,,
07-ส.ค.-2015,24.60,+0.20,+0.82%,24.40,24.20,24.60,"4,507,300","109,977,840.00","428,613,660.00",,,,,,
31-ก.ค.-2015,24.40,-0.20,-0.81%,24.60,23.90,24.70,"5,563,400","135,290,350.00","318,635,820.00",,,,,,
24-ก.ค.-2015,24.60,-1.15,-4.47%,26.00,24.40,26.00,"5,638,600","139,626,250.00","453,926,170.00",,,,,,
17-ก.ค.-2015,25.75,-0.50,-1.90%,26.25,25.75,26.25,"2,107,900","54,818,050.00","593,552,420.00",,,,,,
10-ก.ค.-2015,26.25,+0.25,+0.96%,26.00,25.75,26.25,"3,256,900","84,579,675.00","648,370,470.00",,,,,,
03-ก.ค.-2015,26.00,-0.25,-0.95%,26.25,26.00,26.75,"3,200,700","83,891,650.00","563,790,795.00",,,,,,
26-มิ.ย.-2015,26.25,-0.25,-0.94%,26.50,26.25,27.00,"1,961,800","52,231,575.00","647,682,445.00",,,,,,
19-มิ.ย.-2015,26.50,0.00,0.00%,26.50,26.25,27.00,"2,628,600","70,239,375.00","699,914,020.00",,,,,,
12-มิ.ย.-2015,26.50,-0.25,-0.93%,26.75,26.25,27.00,"2,094,900","55,833,350.00","770,153,395.00",,,,,,
05-มิ.ย.-2015,26.75,-0.50,-1.83%,27.00,26.00,27.00,"4,932,200","130,770,175.00","825,986,745.00",,,,,,
29-พ.ค.-2015,27.25,+0.25,+0.93%,27.25,26.25,27.25,"3,424,900","91,762,525.00","956,756,920.00",,,,,,
22-พ.ค.-2015,27.00,+0.25,+0.93%,27.00,26.75,28.00,"8,578,300","233,786,800.00","864,994,395.00",,,,,,
15-พ.ค.-2015,26.75,+0.25,+0.94%,27.00,25.75,27.75,"10,937,000","292,008,925.00","631,207,595.00",,,,,,
08-พ.ค.-2015,26.50,-0.75,-2.75%,27.25,26.25,27.50,"1,988,600","53,269,500.00","339,198,670.00",,,,,,
01-พ.ค.-2015,27.25,-0.25,-0.91%,27.50,26.50,27.75,"4,303,200","116,366,675.00","392,468,170.00",,,,,,
24-เม.ย.-2015,27.50,-1.00,-3.51%,28.50,27.25,28.50,"3,461,500","97,030,150.00","508,834,845.00",,,,,,
17-เม.ย.-2015,28.50,+1.25,+4.59%,27.50,27.00,28.50,"3,027,300","84,429,900.00","605,864,995.00",,,,,,
10-เม.ย.-2015,27.25,0.00,0.00%,27.25,26.75,27.75,"5,075,300","138,048,075.00","521,435,095.00",,,,,,
03-เม.ย.-2015,27.25,+0.75,+2.83%,26.50,26.25,28.00,"3,775,400","102,664,150.00","383,387,020.00",,,,,,
27-มี.ค.-2015,26.50,-1.25,-4.50%,28.00,26.00,28.75,"9,598,200","261,195,675.00","280,722,870.00",,,,,,
20-มี.ค.-2015,27.75,-0.75,-2.63%,28.50,27.75,29.25,"6,773,200","191,938,825.00","541,918,545.00",,,,,,
13-มี.ค.-2015,28.50,-0.75,-2.56%,29.00,27.75,29.75,"10,581,800","304,492,675.00","733,857,370.00",,,,,,
06-มี.ค.-2015,29.25,-1.00,-3.31%,30.25,28.00,30.50,"10,503,900","307,796,350.00","1,038,350,045.00",,,,,,
27-ก.พ.-2015,30.25,+2.25,+8.04%,29.25,28.25,30.25,"12,600,600","370,224,975.00","1,346,146,395.00",,,,,,
20-ก.พ.-2015,28.00,-0.75,-2.61%,28.75,27.75,29.00,"2,903,700","81,705,375.00","975,921,420.00",,,,,,
13-ก.พ.-2015,28.75,-0.25,-0.86%,29.00,28.25,29.25,"9,484,000","272,301,300.00","1,057,626,795.00",,,,,,
06-ก.พ.-2015,29.00,+0.75,+2.65%,28.50,28.25,30.25,"14,620,000","427,211,075.00","1,329,928,095.00",,,,,,
30-ม.ค.-2015,28.25,+0.75,+2.73%,27.50,27.00,28.50,"9,975,300","275,609,050.00","902,717,020.00",,,,,,
23-ม.ค.-2015,27.50,+0.25,+0.92%,27.25,27.00,28.25,"4,859,700","133,014,400.00","627,107,970.00",,,,,,
16-ม.ค.-2015,27.25,-0.75,-2.68%,28.00,26.50,28.00,"9,804,100","266,051,425.00","494,093,570.00",,,,,,
09-ม.ค.-2015,28.00,+1.00,+3.70%,27.00,26.25,28.75,"8,451,600","235,406,000.00","760,144,995.00",,,,,,
02-ม.ค.-2015,27.00,0.00,0.00%,27.00,26.50,27.25,"2,986,700","80,380,700.00","524,738,995.00",,,,,,
26-ธ.ค.-2014,27.00,+0.25,+0.93%,27.00,26.75,27.25,"5,627,900","152,075,025.00","444,358,295.00",,,,,,
19-ธ.ค.-2014,26.75,+0.25,+0.94%,25.75,24.70,27.50,"19,351,400","506,146,285.00","292,283,270.00",,,,,,
12-ธ.ค.-2014,26.50,-0.25,-0.93%,26.75,25.00,27.75,"30,425,300","799,727,375.00","-213,863,015.00",,,,,,
05-ธ.ค.-2014,26.75,-2.00,-6.96%,28.75,26.00,28.75,"18,513,400","502,387,225.00","585,864,360.00",,,,,,
28-พ.ย.-2014,28.75,-1.75,-5.74%,30.75,28.25,31.25,"24,921,000","739,353,500.00","1,088,251,585.00",,,,,,
21-พ.ย.-2014,30.50,+3.25,+11.93%,27.25,26.75,31.00,"37,856,500","1,087,929,675.00","1,827,605,085.00",,,,,,
14-พ.ย.-2014,27.25,+2.45,+9.88%,25.25,24.90,28.00,"55,074,200","1,471,927,135.00","739,675,410.00",,,,,,
07-พ.ย.-2014,24.80,-0.45,-1.78%,25.25,24.70,25.50,"5,937,900","148,219,055.00","-732,251,725.00",,,,,,
31-ต.ค.-2014,25.25,-0.50,-1.94%,25.75,24.80,26.00,"7,309,300","183,581,490.00","-584,032,670.00",,,,,,
24-ต.ค.-2014,25.75,+1.05,+4.25%,24.80,24.80,26.00,"8,750,400","222,088,420.00","-400,451,180.00",,,,,,
17-ต.ค.-2014,24.70,-0.30,-1.20%,24.90,24.40,25.00,"5,597,600","138,326,670.00","-622,539,600.00",,,,,,
10-ต.ค.-2014,25.00,-0.25,-0.99%,25.25,24.80,25.25,"9,900,000","247,072,400.00","-484,212,930.00",,,,,,
03-ต.ค.-2014,25.25,-1.00,-3.81%,26.25,24.90,26.25,"9,351,100","237,140,530.00","-237,140,530.00",,,,,,
26-ก.ย.-2014,26.25,,,26.50,25.75,26.75,"12,919,500","338,808,875.00",0.00,,,,,,
