Stark Corporation Ord Shs | Price History                                          12-Sep-2024 14:25,,,,,,,,,,,,,,,
,,,,,,,,,,,,,,,
,,,,,,,,,,,,,,,
STARK.BK^I24,,,,,,,,,,,,,,,
Interval: Weekly,,,,,,,,,,,,,,,
History Period: 10 Years,,,,,,,,,,,,,,,
,,,,,,,,,,,,,,,
,,,,,,,,,,,,,,,
VAP: Total,"59,983,159,327",,,,,,,,,,,,,,
Price,Volume,%Volume,Count,%Count,,,,,,,,,,,
5.00 - 6.00,"1,511,575,430",2.52%,14,3.10%,,,,,,,,,,,
4.00 - 5.00,"25,668,519,917",42.79%,148,32.82%,,,,,,,,,,,
3.00 - 4.00,"9,535,852,003",15.90%,135,29.93%,,,,,,,,,,,
2.00 - 3.00,"4,552,664,382",7.59%,100,22.17%,,,,,,,,,,,
1.00 - 2.00,"61,460,294",0.10%,46,10.20%,,,,,,,,,,,
0.00 - 1.00,"18,653,087,300",31.10%,8,1.77%,,,,,,,,,,,
,,,,,,,,,,,,,,,
,,,,,,,,,,,,,,,
STARK.BK^I24 Statistics     Weekly     10 Years,,,,,,,,,,,,,,,
Price,,,Volume,,,,,Up/Down,,Price Change (Close-Close),,,Turnover,,
High,6.58,25-ม.ค.-2019,Max,"7,206,607,100",02-มิ.ย.-2023,Advancing,"21,182,418,266",Up,179,Up,+118.49%,28-ธ.ค.-2018,Max,"7,743,489,838.00",09-เม.ย.-2021
Low,0.01,06-ก.ย.-2024,Min,"8,320",15-เม.ย.-2016,Declining,"34,354,059,882",Down,230,Down,-90.76%,02-มิ.ย.-2023,Min,"25,538.00",15-เม.ย.-2016
Avg,3.39,,Avg,"131,831,119",,Total,"59,983,159,327",Unch,41,Period,-99.69%,10 Years,Avg,"374,130,899.41",
,,,,,,,,,,,,,,,
,,,,,,,,,,,,,,,
STARK.BK^I24 History     Weekly     10 Years,,,,,,,,,,,,,,,
Exchange Date,Close,Net,%Chg,Open,Low,High,Volume,Turnover,Flow,,,,,,
06-ก.ย.-2024,0.01,0.00,0.00%,0.01,0.01,0.01,"25,336,200","253,362.00","13,572,761,545.00",,,,,,
30-ส.ค.-2024,0.01,0.00,0.00%,0.01,0.01,0.01,"191,163,100","1,911,631.00","13,573,014,907.00",,,,,,
23-ส.ค.-2024,0.01,-0.01,-50.00%,0.01,0.01,0.02,"1,289,972,900","13,223,613.00","13,574,926,538.00",,,,,,
28-ก.ค.-2023,,,,,,,,,,,,,,,
21-ก.ค.-2023,,,,,,,,,,,,,,,
14-ก.ค.-2023,,,,,,,,,,,,,,,
07-ก.ค.-2023,,,,,,,,,,,,,,,
30-มิ.ย.-2023,0.02,0.00,0.00%,0.02,0.01,0.03,"2,066,390,300","44,122,080.00","13,588,150,151.00",,,,,,
23-มิ.ย.-2023,0.02,-0.06,-75.00%,0.05,0.01,0.06,"2,049,577,300","43,328,061.00","13,632,272,231.00",,,,,,
16-มิ.ย.-2023,0.08,-0.03,-27.27%,0.11,0.07,0.12,"1,992,456,400","193,671,272.00","13,675,600,292.00",,,,,,
09-มิ.ย.-2023,0.11,-0.11,-50.00%,0.18,0.11,0.21,"3,831,584,000","600,176,542.00","13,869,271,564.00",,,,,,
02-มิ.ย.-2023,0.22,-2.16,-90.76%,0.25,0.13,0.34,"7,206,607,100","1,549,517,520.00","14,469,448,106.00",,,,,,
03-มี.ค.-2023,2.38,-0.02,-0.83%,2.40,2.32,2.44,"73,061,500","174,536,150.00","16,018,965,626.00",,,,,,
24-ก.พ.-2023,2.40,-0.20,-7.69%,2.60,2.36,2.74,"347,847,300","884,711,454.00","16,193,501,776.00",,,,,,
17-ก.พ.-2023,2.60,-0.18,-6.47%,2.78,2.52,2.84,"340,425,300","897,654,822.00","17,078,213,230.00",,,,,,
10-ก.พ.-2023,2.78,-0.18,-6.08%,2.98,2.74,3.02,"308,331,300","888,700,464.00","17,975,868,052.00",,,,,,
03-ก.พ.-2023,2.96,-0.04,-1.33%,3.02,2.94,3.08,"273,511,300","821,764,108.00","18,864,568,516.00",,,,,,
27-ม.ค.-2023,3.00,-0.04,-1.32%,3.06,2.94,3.14,"646,813,400","1,956,952,592.00","19,686,332,624.00",,,,,,
20-ม.ค.-2023,3.04,+0.36,+13.43%,2.70,2.64,3.14,"659,690,400","1,909,818,634.00","21,643,285,216.00",,,,,,
13-ม.ค.-2023,2.68,+0.18,+7.20%,2.52,2.48,2.74,"338,413,300","883,361,384.00","19,733,466,582.00",,,,,,
06-ม.ค.-2023,2.50,0.00,0.00%,2.50,2.42,2.62,"279,699,700","701,906,894.00","18,850,105,198.00",,,,,,
30-ธ.ค.-2022,2.50,+0.20,+8.70%,2.30,2.30,2.56,"344,272,200","839,374,532.00","18,148,198,304.00",,,,,,
23-ธ.ค.-2022,2.30,-0.18,-7.26%,2.48,2.16,2.56,"992,293,100","2,318,908,488.00","17,308,823,772.00",,,,,,
16-ธ.ค.-2022,2.48,-0.78,-23.93%,3.26,2.26,3.28,"971,059,500","2,608,718,212.00","19,627,732,260.00",,,,,,
09-ธ.ค.-2022,3.26,-0.02,-0.61%,3.28,3.26,3.38,"121,915,500","403,625,078.00","22,236,450,472.00",,,,,,
02-ธ.ค.-2022,3.28,0.00,0.00%,3.26,3.18,3.34,"159,737,200","520,827,950.00","22,640,075,550.00",,,,,,
25-พ.ย.-2022,3.28,+0.12,+3.80%,3.18,3.18,3.34,"174,880,800","572,656,412.00","22,119,247,600.00",,,,,,
18-พ.ย.-2022,3.16,-0.24,-7.06%,3.32,3.16,3.40,"125,536,000","413,302,284.00","21,546,591,188.00",,,,,,
11-พ.ย.-2022,3.40,-0.02,-0.58%,3.42,3.26,3.44,"126,773,800","425,791,686.00","21,959,893,472.00",,,,,,
04-พ.ย.-2022,3.42,+0.22,+6.87%,3.22,3.16,3.48,"300,976,100","994,304,844.00","22,385,685,158.00",,,,,,
28-ต.ค.-2022,3.20,-0.06,-1.84%,3.30,3.18,3.40,"212,694,400","699,477,950.00","21,391,380,314.00",,,,,,
21-ต.ค.-2022,3.26,-0.50,-13.30%,3.78,3.22,3.80,"457,549,500","1,617,651,658.00","22,090,858,264.00",,,,,,
14-ต.ค.-2022,3.76,+0.08,+2.17%,3.64,3.60,3.92,"191,195,300","715,807,548.00","23,708,509,922.00",,,,,,
07-ต.ค.-2022,3.68,-0.40,-9.80%,4.06,3.66,4.06,"227,061,600","870,952,900.00","22,992,702,374.00",,,,,,
30-ก.ย.-2022,4.08,0.00,0.00%,4.06,3.80,4.08,"200,099,100","795,052,064.00","23,863,655,274.00",,,,,,
23-ก.ย.-2022,4.08,-0.02,-0.49%,4.10,4.04,4.14,"41,222,300","168,164,528.00","24,658,707,338.00",,,,,,
16-ก.ย.-2022,4.10,-0.04,-0.97%,4.16,4.08,4.28,"89,273,200","372,454,886.00","24,826,871,866.00",,,,,,
09-ก.ย.-2022,4.14,+0.06,+1.47%,4.06,4.06,4.16,"44,965,300","185,082,168.00","25,199,326,752.00",,,,,,
02-ก.ย.-2022,4.08,+0.04,+0.99%,4.02,4.00,4.18,"113,003,500","463,698,492.00","25,014,244,584.00",,,,,,
26-ส.ค.-2022,4.04,-0.06,-1.46%,4.08,3.96,4.18,"143,862,500","583,650,216.00","24,550,546,092.00",,,,,,
19-ส.ค.-2022,4.10,-0.20,-4.65%,4.30,4.06,4.34,"111,357,500","465,293,742.00","25,134,196,308.00",,,,,,
12-ส.ค.-2022,4.30,+0.04,+0.94%,4.26,4.24,4.44,"42,468,000","184,144,044.00","25,599,490,050.00",,,,,,
05-ส.ค.-2022,4.26,-0.06,-1.39%,4.36,4.24,4.52,"112,487,300","496,372,474.00","25,415,346,006.00",,,,,,
29-ก.ค.-2022,4.32,+0.12,+2.86%,4.18,4.18,4.40,"38,114,300","164,447,608.00","25,911,718,480.00",,,,,,
22-ก.ค.-2022,4.20,+0.20,+5.00%,4.02,4.00,4.22,"45,868,400","190,110,190.00","25,747,270,872.00",,,,,,
15-ก.ค.-2022,4.00,-0.16,-3.85%,4.14,3.90,4.20,"51,383,600","208,754,102.00","25,557,160,682.00",,,,,,
08-ก.ค.-2022,4.16,-0.10,-2.35%,4.26,4.06,4.28,"63,564,200","264,793,096.00","25,765,914,784.00",,,,,,
01-ก.ค.-2022,4.26,-0.06,-1.39%,4.34,4.24,4.42,"50,159,300","217,561,924.00","26,030,707,880.00",,,,,,
24-มิ.ย.-2022,4.32,-0.14,-3.14%,4.44,4.26,4.46,"65,811,500","286,688,284.00","26,248,269,804.00",,,,,,
17-มิ.ย.-2022,4.46,-0.20,-4.29%,4.58,4.34,4.64,"90,142,500","405,250,336.00","26,534,958,088.00",,,,,,
10-มิ.ย.-2022,4.66,-0.16,-3.32%,4.86,4.66,4.92,"96,948,100","464,668,438.00","26,940,208,424.00",,,,,,
03-มิ.ย.-2022,4.82,-0.08,-1.63%,4.90,4.80,5.05,"193,072,000","954,334,552.00","27,404,876,862.00",,,,,,
27-พ.ค.-2022,4.90,+0.20,+4.26%,4.76,4.72,5.10,"451,787,000","2,217,805,737.00","28,359,211,414.00",,,,,,
20-พ.ค.-2022,4.70,+0.62,+15.20%,4.10,4.08,4.76,"217,746,200","975,717,050.00","26,141,405,677.00",,,,,,
13-พ.ค.-2022,4.08,-0.62,-13.19%,4.68,4.04,4.74,"244,289,600","1,059,886,120.00","25,165,688,627.00",,,,,,
06-พ.ค.-2022,4.70,0.00,0.00%,4.68,4.56,4.74,"75,076,500","350,149,136.00","26,225,574,747.00",,,,,,
29-เม.ย.-2022,4.70,+0.10,+2.17%,4.54,4.50,4.76,"111,117,800","515,961,756.00","25,875,425,611.00",,,,,,
22-เม.ย.-2022,4.60,+0.16,+3.60%,4.42,4.42,4.70,"78,101,400","358,274,844.00","25,359,463,855.00",,,,,,
15-เม.ย.-2022,4.44,-0.06,-1.33%,4.50,4.38,4.50,"33,675,500","149,386,184.00","25,001,189,011.00",,,,,,
08-เม.ย.-2022,4.50,-0.16,-3.43%,4.70,4.44,4.72,"64,900,800","297,072,796.00","25,150,575,195.00",,,,,,
01-เม.ย.-2022,4.66,+0.04,+0.87%,4.60,4.56,4.74,"86,450,200","404,663,256.00","25,447,647,991.00",,,,,,
25-มี.ค.-2022,4.62,+0.06,+1.32%,4.56,4.52,4.78,"173,639,700","811,230,376.00","25,042,984,735.00",,,,,,
18-มี.ค.-2022,4.56,+0.10,+2.24%,4.46,4.36,4.58,"79,769,100","354,801,416.00","24,231,754,359.00",,,,,,
11-มี.ค.-2022,4.46,-0.04,-0.89%,4.48,4.24,4.62,"128,183,800","570,004,112.00","23,876,952,943.00",,,,,,
04-มี.ค.-2022,4.50,-0.10,-2.17%,4.60,4.50,4.70,"164,295,500","758,832,804.00","24,446,957,055.00",,,,,,
25-ก.พ.-2022,4.60,+0.28,+6.48%,4.32,4.20,4.66,"290,445,300","1,290,937,446.00","25,205,789,859.00",,,,,,
18-ก.พ.-2022,4.32,0.00,0.00%,4.30,4.22,4.42,"96,996,900","420,568,100.00","23,914,852,413.00",,,,,,
11-ก.พ.-2022,4.32,-0.10,-2.26%,4.44,4.30,4.44,"117,231,900","513,421,750.00","24,335,420,513.00",,,,,,
04-ก.พ.-2022,4.42,-0.04,-0.90%,4.46,4.42,4.58,"109,733,400","493,935,268.00","24,848,842,263.00",,,,,,
28-ม.ค.-2022,4.46,-0.12,-2.62%,4.54,4.40,4.56,"104,183,700","465,316,138.00","25,342,777,531.00",,,,,,
21-ม.ค.-2022,4.58,+0.06,+1.33%,4.52,4.36,4.60,"247,992,700","1,119,078,608.00","25,808,093,669.00",,,,,,
14-ม.ค.-2022,4.52,-0.12,-2.59%,4.66,4.48,4.68,"258,042,400","1,176,738,900.00","24,689,015,061.00",,,,,,
07-ม.ค.-2022,4.64,-0.10,-2.11%,4.74,4.52,4.78,"294,694,200","1,359,656,560.00","25,865,753,961.00",,,,,,
31-ธ.ค.-2021,4.74,-0.18,-3.66%,4.90,4.70,4.90,"172,092,700","821,121,488.00","27,225,410,521.00",,,,,,
24-ธ.ค.-2021,4.92,+0.14,+2.93%,4.78,4.70,5.05,"356,786,200","1,733,341,060.00","28,046,532,009.00",,,,,,
17-ธ.ค.-2021,4.78,-0.16,-3.24%,4.96,4.72,4.98,"148,271,300","718,461,990.00","26,313,190,949.00",,,,,,
10-ธ.ค.-2021,4.94,-0.04,-0.80%,5.00,4.76,5.05,"98,497,800","483,644,600.00","27,031,652,939.00",,,,,,
03-ธ.ค.-2021,4.98,+0.08,+1.63%,4.86,4.66,5.15,"292,349,800","1,419,956,759.00","27,515,297,539.00",,,,,,
26-พ.ย.-2021,4.90,+0.10,+2.08%,4.78,4.68,5.05,"264,245,500","1,292,243,620.00","26,095,340,780.00",,,,,,
19-พ.ย.-2021,4.80,+0.08,+1.69%,4.76,4.60,4.84,"221,809,200","1,051,023,386.00","24,803,097,160.00",,,,,,
12-พ.ย.-2021,4.72,+0.26,+5.83%,4.44,4.44,4.76,"336,783,500","1,552,372,858.00","23,752,073,774.00",,,,,,
05-พ.ย.-2021,4.46,+0.06,+1.36%,4.40,4.26,4.46,"114,188,200","499,319,426.00","22,199,700,916.00",,,,,,
29-ต.ค.-2021,4.40,-0.06,-1.35%,4.40,4.22,4.44,"217,849,500","945,850,814.00","21,700,381,490.00",,,,,,
22-ต.ค.-2021,4.46,0.00,0.00%,4.48,4.38,4.54,"246,184,100","1,093,999,094.00","22,646,232,304.00",,,,,,
15-ต.ค.-2021,4.46,-0.84,-15.85%,5.30,4.36,5.30,"1,421,076,000","6,570,394,333.00","23,740,231,398.00",,,,,,
08-ต.ค.-2021,5.30,+0.34,+6.85%,5.00,4.98,5.45,"477,627,200","2,472,032,186.00","30,310,625,731.00",,,,,,
01-ต.ค.-2021,4.96,+0.30,+6.44%,4.66,4.62,5.05,"706,716,200","3,471,796,323.00","27,838,593,545.00",,,,,,
24-ก.ย.-2021,4.66,+0.28,+6.39%,4.34,4.34,4.72,"327,327,000","1,497,573,154.00","24,366,797,222.00",,,,,,
17-ก.ย.-2021,4.38,+0.10,+2.34%,4.30,4.30,4.60,"744,301,900","3,304,595,802.00","22,869,224,068.00",,,,,,
10-ก.ย.-2021,4.28,-0.02,-0.47%,4.30,4.24,4.36,"90,243,300","388,104,818.00","19,564,628,266.00",,,,,,
03-ก.ย.-2021,4.30,0.00,0.00%,4.30,4.28,4.42,"152,894,000","661,341,766.00","19,952,733,084.00",,,,,,
27-ส.ค.-2021,4.30,-0.08,-1.83%,4.46,4.26,4.46,"189,216,700","820,380,182.00","20,614,074,850.00",,,,,,
20-ส.ค.-2021,4.38,+0.02,+0.46%,4.32,4.10,4.46,"274,856,300","1,191,368,956.00","21,434,455,032.00",,,,,,
13-ส.ค.-2021,4.36,+0.06,+1.40%,4.34,4.30,4.44,"260,976,300","1,141,603,720.00","20,243,086,076.00",,,,,,
06-ส.ค.-2021,4.30,+0.02,+0.47%,4.24,4.20,4.36,"158,686,500","680,999,648.00","19,101,482,356.00",,,,,,
30-ก.ค.-2021,4.28,+0.04,+0.94%,4.26,4.18,4.38,"320,756,700","1,383,081,920.00","18,420,482,708.00",,,,,,
23-ก.ค.-2021,4.24,+0.04,+0.95%,4.12,4.02,4.28,"423,319,600","1,764,574,336.00","17,037,400,788.00",,,,,,
16-ก.ค.-2021,4.20,+0.34,+8.81%,3.86,3.84,4.28,"616,116,800","2,545,844,618.00","15,272,826,452.00",,,,,,
09-ก.ค.-2021,3.86,-0.04,-1.03%,3.90,3.78,4.10,"305,997,600","1,215,997,294.00","12,726,981,834.00",,,,,,
02-ก.ค.-2021,3.90,+0.10,+2.63%,3.76,3.68,4.04,"236,466,100","920,680,566.00","13,942,979,128.00",,,,,,
25-มิ.ย.-2021,3.80,0.00,0.00%,3.78,3.76,4.04,"371,212,400","1,452,867,426.00","13,022,298,562.00",,,,,,
18-มิ.ย.-2021,3.80,-0.30,-7.32%,4.12,3.76,4.12,"465,343,800","1,833,731,498.00","14,475,165,988.00",,,,,,
11-มิ.ย.-2021,4.10,-0.02,-0.49%,4.14,4.08,4.22,"254,159,100","1,050,321,416.00","16,308,897,486.00",,,,,,
04-มิ.ย.-2021,4.12,+0.04,+0.98%,4.08,4.08,4.18,"184,005,100","758,814,554.00","17,359,218,902.00",,,,,,
28-พ.ค.-2021,4.08,0.00,0.00%,4.10,4.08,4.18,"163,423,800","672,684,866.00","16,600,404,348.00",,,,,,
21-พ.ค.-2021,4.08,-0.10,-2.39%,4.08,4.04,4.24,"244,570,700","1,011,385,636.00","17,273,089,214.00",,,,,,
14-พ.ค.-2021,4.18,-0.22,-5.00%,4.42,3.92,4.46,"381,557,000","1,633,921,320.00","18,284,474,850.00",,,,,,
07-พ.ค.-2021,4.40,+0.08,+1.85%,4.36,4.32,4.54,"324,834,700","1,440,247,506.00","19,918,396,170.00",,,,,,
30-เม.ย.-2021,4.32,-0.22,-4.85%,4.54,4.32,4.56,"344,586,300","1,520,148,550.00","18,478,148,664.00",,,,,,
23-เม.ย.-2021,4.54,+0.10,+2.25%,4.46,4.38,4.58,"712,977,700","3,199,992,626.00","19,998,297,214.00",,,,,,
16-เม.ย.-2021,4.44,-0.10,-2.20%,4.52,4.28,4.56,"278,535,300","1,231,908,922.00","16,798,304,588.00",,,,,,
09-เม.ย.-2021,4.54,+0.36,+8.61%,4.20,4.16,4.76,"1,735,424,100","7,743,489,838.00","18,030,213,510.00",,,,,,
02-เม.ย.-2021,4.18,+0.02,+0.48%,4.18,4.14,4.30,"389,343,900","1,640,533,450.00","10,286,723,672.00",,,,,,
26-มี.ค.-2021,4.16,-0.04,-0.95%,4.20,4.12,4.28,"257,314,500","1,078,156,274.00","8,646,190,222.00",,,,,,
19-มี.ค.-2021,4.20,-0.06,-1.41%,4.26,4.04,4.28,"660,948,000","2,758,831,542.00","9,724,346,496.00",,,,,,
12-มี.ค.-2021,4.26,+0.10,+2.40%,4.18,4.06,4.48,"461,823,100","1,981,566,740.00","12,483,178,038.00",,,,,,
05-มี.ค.-2021,4.16,0.00,0.00%,4.12,4.00,4.26,"236,604,400","976,442,038.00","10,501,611,298.00",,,,,,
26-ก.พ.-2021,4.16,-0.06,-1.42%,4.24,4.06,4.32,"220,183,400","924,069,126.00","11,478,053,336.00",,,,,,
19-ก.พ.-2021,4.22,-0.06,-1.40%,4.30,4.12,4.36,"238,736,900","1,015,052,908.00","12,402,122,462.00",,,,,,
12-ก.พ.-2021,4.28,-0.06,-1.38%,4.36,4.20,4.58,"198,844,500","878,777,648.00","13,417,175,370.00",,,,,,
05-ก.พ.-2021,4.34,-0.08,-1.81%,4.42,4.32,4.52,"195,235,900","862,000,528.00","14,295,953,018.00",,,,,,
29-ม.ค.-2021,4.42,-0.20,-4.33%,4.68,4.34,4.72,"178,364,500","810,194,720.00","15,157,953,546.00",,,,,,
22-ม.ค.-2021,4.62,-0.04,-0.86%,4.66,4.44,4.82,"322,164,800","1,503,559,758.00","15,968,148,266.00",,,,,,
15-ม.ค.-2021,4.66,+0.04,+0.87%,4.70,4.56,5.05,"649,234,200","3,142,123,665.00","17,471,708,024.00",,,,,,
08-ม.ค.-2021,4.62,+0.36,+8.45%,4.18,4.16,4.84,"514,265,700","2,352,035,164.00","14,329,584,359.00",,,,,,
01-ม.ค.-2021,4.26,-0.84,-16.45%,5.22,4.00,5.43,"854,148,250","4,067,172,061.00","11,977,549,195.00",,,,,,
25-ธ.ค.-2020,5.10,+0.47,+10.26%,4.51,4.27,5.34,"786,381,950","3,813,358,694.00","16,044,721,256.00",,,,,,
18-ธ.ค.-2020,4.62,+0.55,+13.59%,4.15,4.11,4.62,"589,764,750","2,609,257,970.00","12,231,362,562.00",,,,,,
11-ธ.ค.-2020,4.07,+0.28,+7.29%,3.79,3.75,4.07,"291,416,050","1,151,916,296.00","9,622,104,592.00",,,,,,
04-ธ.ค.-2020,3.79,+0.20,+5.49%,3.62,3.60,3.87,"391,789,000","1,480,127,638.00","8,470,188,296.00",,,,,,
27-พ.ย.-2020,3.60,+0.04,+1.11%,3.62,3.52,3.72,"325,929,000","1,191,430,278.00","6,990,060,658.00",,,,,,
20-พ.ย.-2020,3.56,-0.10,-2.70%,3.64,3.48,3.70,"386,661,400","1,407,842,461.00","5,798,630,380.00",,,,,,
13-พ.ย.-2020,3.66,+0.16,+4.52%,3.58,3.34,3.77,"679,062,750","2,473,519,876.00","7,206,472,841.00",,,,,,
06-พ.ย.-2020,3.50,+0.45,+14.94%,3.06,3.04,3.58,"1,068,099,100","3,588,766,415.00","4,732,952,965.00",,,,,,
30-ต.ค.-2020,3.04,-0.85,-21.83%,3.89,2.81,3.93,"783,537,400","2,371,966,802.00","1,144,186,550.00",,,,,,
23-ต.ค.-2020,3.89,-0.06,-1.50%,3.99,3.87,3.99,"10,964,000","43,368,858.00","3,516,153,352.00",,,,,,
16-ต.ค.-2020,3.95,-0.08,-1.96%,4.07,3.95,4.07,"5,080,150","20,557,242.00","3,559,522,210.00",,,,,,
09-ต.ค.-2020,4.03,-0.08,-1.92%,4.15,4.03,4.15,"5,318,850","21,931,866.00","3,580,079,452.00",,,,,,
02-ต.ค.-2020,4.11,0.00,0.00%,4.15,4.07,4.19,"11,609,750","48,440,410.00","3,602,011,318.00",,,,,,
25-ก.ย.-2020,4.11,+0.08,+1.96%,4.03,3.99,4.15,"13,280,350","54,648,240.00","3,553,570,908.00",,,,,,
18-ก.ย.-2020,4.03,+0.04,+0.99%,3.99,3.91,4.07,"19,673,650","79,283,919.00","3,498,922,668.00",,,,,,
11-ก.ย.-2020,3.99,-0.12,-2.88%,4.15,3.99,4.15,"6,916,750","28,328,190.00","3,419,638,749.00",,,,,,
04-ก.ย.-2020,4.11,+0.04,+0.97%,4.11,4.03,4.19,"13,843,600","57,736,764.00","3,447,966,939.00",,,,,,
28-ส.ค.-2020,4.07,+0.04,+0.98%,4.03,3.99,4.15,"19,948,600","82,543,942.00","3,390,230,175.00",,,,,,
21-ส.ค.-2020,4.03,-0.08,-1.92%,4.11,3.93,4.15,"27,417,600","111,509,150.00","3,307,686,233.00",,,,,,
14-ส.ค.-2020,4.11,-0.08,-1.89%,4.23,4.07,4.27,"26,003,450","110,079,410.00","3,419,195,383.00",,,,,,
07-ส.ค.-2020,4.19,-0.16,-3.64%,4.35,4.15,4.55,"99,081,300","439,006,354.00","3,529,274,793.00",,,,,,
31-ก.ค.-2020,4.35,-0.08,-1.79%,4.43,4.27,4.47,"43,587,700","192,694,022.00","3,968,281,147.00",,,,,,
24-ก.ค.-2020,4.43,+0.12,+2.75%,4.31,4.23,4.51,"75,419,250","333,886,834.00","4,160,975,169.00",,,,,,
17-ก.ค.-2020,4.31,0.00,0.00%,4.31,4.11,4.43,"92,853,900","403,779,654.00","3,827,088,335.00",,,,,,
10-ก.ค.-2020,4.31,+0.08,+1.87%,4.31,4.15,4.31,"52,365,850","224,711,430.00","3,423,308,681.00",,,,,,
03-ก.ค.-2020,4.23,+0.16,+3.88%,4.03,3.99,4.27,"74,123,600","310,086,110.00","3,198,597,251.00",,,,,,
26-มิ.ย.-2020,4.07,-0.20,-4.63%,4.27,4.03,4.27,"54,466,150","228,841,888.00","2,888,511,141.00",,,,,,
19-มิ.ย.-2020,4.27,+0.28,+6.93%,4.07,4.07,4.51,"154,331,150","667,355,798.00","3,117,353,029.00",,,,,,
12-มิ.ย.-2020,3.99,-0.08,-1.94%,4.07,3.91,4.11,"35,779,350","144,794,193.00","2,449,997,231.00",,,,,,
05-มิ.ย.-2020,4.07,+0.12,+3.00%,4.15,3.99,4.27,"77,832,150","324,662,434.00","2,594,791,424.00",,,,,,
29-พ.ค.-2020,3.95,-0.59,-13.04%,4.66,3.83,5.02,"246,821,700","1,041,910,319.00","2,270,128,990.00",,,,,,
22-พ.ค.-2020,4.55,+0.04,+0.88%,4.55,4.39,4.62,"13,315,800","60,597,756.00","3,312,039,309.00",,,,,,
15-พ.ค.-2020,4.51,+0.12,+2.70%,4.58,4.39,4.78,"23,570,500","109,253,650.00","3,251,441,553.00",,,,,,
08-พ.ค.-2020,4.39,+0.08,+1.83%,4.35,4.35,4.55,"5,131,550","23,022,920.00","3,142,187,903.00",,,,,,
01-พ.ค.-2020,4.31,-0.04,-0.91%,4.39,4.27,4.78,"11,457,950","51,718,312.00","3,119,164,983.00",,,,,,
24-เม.ย.-2020,4.35,+0.04,+0.92%,4.35,4.27,4.51,"9,278,050","40,998,860.00","3,170,883,295.00",,,,,,
17-เม.ย.-2020,4.31,+0.63,+17.20%,3.70,3.62,4.58,"27,863,700","121,397,533.00","3,129,884,435.00",,,,,,
10-เม.ย.-2020,3.68,+0.02,+0.54%,3.68,3.62,3.79,"1,656,200","6,206,263.00","3,008,486,902.00",,,,,,
03-เม.ย.-2020,3.66,0.00,0.00%,3.68,3.50,3.70,"1,736,850","6,335,472.00","3,002,280,639.00",,,,,,
27-มี.ค.-2020,3.66,-0.22,-5.61%,3.77,3.54,3.77,"1,890,650","6,984,002.00","3,008,616,111.00",,,,,,
20-มี.ค.-2020,3.87,+0.04,+1.03%,3.81,3.48,3.91,"2,670,350","9,912,423.00","3,015,600,113.00",,,,,,
13-มี.ค.-2020,3.83,-0.12,-3.00%,3.95,3.68,3.99,"2,257,100","8,770,923.00","3,005,687,690.00",,,,,,
06-มี.ค.-2020,3.95,-0.04,-0.99%,4.03,3.87,4.15,"2,011,850","8,091,027.00","3,014,458,613.00",,,,,,
28-ก.พ.-2020,3.99,-0.36,-8.18%,4.31,3.89,4.31,"4,524,700","18,768,981.00","3,022,549,640.00",,,,,,
21-ก.พ.-2020,4.35,+0.04,+0.92%,4.35,4.27,4.39,"1,610,400","7,023,752.00","3,041,318,621.00",,,,,,
14-ก.พ.-2020,4.31,-0.04,-0.91%,4.35,4.23,4.55,"7,295,900","32,630,516.00","3,034,294,869.00",,,,,,
07-ก.พ.-2020,4.35,+0.08,+1.85%,4.31,4.15,4.43,"3,535,350","15,263,278.00","3,066,925,385.00",,,,,,
31-ม.ค.-2020,4.27,-0.16,-3.57%,4.39,4.11,4.43,"5,348,650","23,237,564.00","3,051,662,107.00",,,,,,
24-ม.ค.-2020,4.43,-0.04,-0.88%,4.51,4.27,4.51,"4,655,750","20,581,702.00","3,074,899,671.00",,,,,,
17-ม.ค.-2020,4.47,0.00,0.00%,4.47,4.27,4.62,"9,292,150","41,956,046.00","3,095,481,373.00",,,,,,
10-ม.ค.-2020,4.47,+0.16,+3.67%,4.23,4.03,4.47,"12,239,050","52,961,772.00","3,053,525,327.00",,,,,,
03-ม.ค.-2020,4.31,+0.32,+7.92%,4.03,4.03,4.31,"7,770,300","32,925,580.00","3,000,563,555.00",,,,,,
27-ธ.ค.-2019,3.99,+0.10,+2.54%,3.91,3.91,4.07,"2,776,500","11,153,380.00","2,967,637,975.00",,,,,,
20-ธ.ค.-2019,3.89,-0.02,-0.51%,3.95,3.87,3.95,"1,214,550","4,795,050.00","2,956,484,595.00",,,,,,
13-ธ.ค.-2019,3.91,+0.02,+0.51%,3.99,3.87,3.99,"1,745,200","6,941,490.00","2,961,279,645.00",,,,,,
06-ธ.ค.-2019,3.89,+0.04,+1.03%,3.87,3.79,3.93,"1,668,250","6,478,980.00","2,954,338,155.00",,,,,,
29-พ.ย.-2019,3.85,-0.18,-4.41%,4.03,3.81,4.07,"5,584,200","21,996,630.00","2,947,859,175.00",,,,,,
22-พ.ย.-2019,4.03,+0.16,+4.08%,3.87,3.81,4.27,"8,626,000","35,420,560.00","2,969,855,805.00",,,,,,
15-พ.ย.-2019,3.87,-0.12,-2.97%,4.03,3.62,4.11,"8,867,850","34,588,150.00","2,934,435,245.00",,,,,,
08-พ.ย.-2019,3.99,+0.43,+12.22%,3.58,3.56,4.11,"9,399,800","36,694,640.00","2,969,023,395.00",,,,,,
01-พ.ย.-2019,3.56,+0.22,+6.51%,3.34,3.32,3.58,"4,990,450","17,422,800.00","2,932,328,755.00",,,,,,
25-ต.ค.-2019,3.34,-0.04,-1.17%,3.40,3.30,3.40,"3,373,650","11,481,850.00","2,914,905,955.00",,,,,,
18-ต.ค.-2019,3.38,+0.02,+0.59%,3.36,3.36,3.42,"6,196,200","21,231,670.00","2,926,387,805.00",,,,,,
11-ต.ค.-2019,3.36,-0.47,-12.37%,3.66,3.22,3.66,"22,226,650","77,633,080.00","2,905,156,135.00",,,,,,
04-ต.ค.-2019,3.83,-0.24,-5.83%,4.07,3.75,4.07,"4,549,500","17,992,050.00","2,982,789,215.00",,,,,,
27-ก.ย.-2019,4.07,+0.16,+4.04%,3.91,3.87,4.27,"5,093,500","20,766,680.00","3,000,781,265.00",,,,,,
20-ก.ย.-2019,3.91,0.00,0.00%,3.93,3.83,4.11,"3,598,000","14,337,480.00","2,980,014,585.00",,,,,,
13-ก.ย.-2019,3.91,-0.29,-6.99%,4.36,3.70,4.59,"6,091,275","24,776,460.00","2,994,352,065.00",,,,,,
06-ก.ย.-2019,4.21,-0.38,-8.33%,4.67,3.98,4.67,"4,481,275","19,654,210.00","3,019,128,525.00",,,,,,
30-ส.ค.-2019,4.59,+0.04,+0.84%,4.55,4.44,4.70,"1,786,237","8,246,370.00","3,038,782,735.00",,,,,,
23-ส.ค.-2019,4.55,+0.23,+5.31%,4.40,4.40,4.67,"1,784,118","8,213,190.00","3,030,536,365.00",,,,,,
16-ส.ค.-2019,4.32,0.00,0.00%,4.36,4.21,4.44,"1,556,026","6,772,350.00","3,022,323,175.00",,,,,,
09-ส.ค.-2019,4.32,-0.27,-5.83%,4.59,4.28,4.59,"3,493,618","15,614,590.00","3,029,095,525.00",,,,,,
02-ส.ค.-2019,4.59,-0.34,-6.98%,4.86,4.44,4.86,"4,472,490","21,027,050.00","3,044,710,115.00",,,,,,
26-ก.ค.-2019,4.93,+0.08,+1.57%,4.97,4.40,5.35,"13,837,171","69,218,760.00","3,065,737,165.00",,,,,,
19-ก.ค.-2019,4.86,+0.31,+6.72%,4.47,4.44,4.90,"4,191,535","19,795,050.00","2,996,518,405.00",,,,,,
12-ก.ค.-2019,4.55,+0.54,+13.33%,4.02,4.02,4.97,"16,958,835","77,361,230.00","2,976,723,355.00",,,,,,
05-ก.ค.-2019,4.02,+0.52,+14.75%,3.50,3.44,4.17,"6,633,109","26,204,710.00","2,899,362,125.00",,,,,,
28-มิ.ย.-2019,3.50,-0.10,-2.66%,3.61,3.40,3.61,"1,846,076","6,496,990.00","2,873,157,415.00",,,,,,
21-มิ.ย.-2019,3.59,+0.42,+13.25%,3.21,3.21,3.90,"8,249,233","30,515,040.00","2,879,654,405.00",,,,,,
14-มิ.ย.-2019,3.17,+0.15,+5.06%,3.04,3.00,3.17,"566,302","1,769,140.00","2,849,139,365.00",,,,,,
07-มิ.ย.-2019,3.02,-0.19,-5.95%,3.16,2.94,3.16,"1,332,637","4,081,936.00","2,847,370,225.00",,,,,,
31-พ.ค.-2019,3.21,+0.08,+2.44%,3.19,3.10,3.25,"993,600","3,190,159.00","2,851,452,161.00",,,,,,
24-พ.ค.-2019,3.14,-0.06,-1.80%,3.19,3.00,3.21,"1,227,841","3,855,172.00","2,848,262,002.00",,,,,,
17-พ.ค.-2019,3.19,-0.55,-14.80%,3.82,2.87,3.82,"3,700,678","11,871,138.00","2,852,117,174.00",,,,,,
10-พ.ค.-2019,3.75,-0.08,-2.00%,3.82,3.73,4.44,"2,371,762","9,681,358.00","2,863,988,312.00",,,,,,
03-พ.ค.-2019,3.82,-0.73,-15.97%,4.63,3.73,4.67,"1,522,179","6,387,783.00","2,873,669,670.00",,,,,,
26-เม.ย.-2019,4.55,-0.73,-13.77%,5.28,4.55,5.32,"1,764,172","8,812,288.00","2,880,057,453.00",,,,,,
19-เม.ย.-2019,5.28,+0.11,+2.22%,5.32,5.16,5.51,"1,772,646","9,528,596.00","2,888,869,741.00",,,,,,
12-เม.ย.-2019,5.16,+0.34,+7.14%,5.01,4.59,5.24,"1,272,384","6,433,518.00","2,879,341,145.00",,,,,,
05-เม.ย.-2019,4.82,-0.31,-5.97%,5.24,4.82,5.28,"797,753","4,131,316.00","2,872,907,627.00",,,,,,
29-มี.ค.-2019,5.12,+0.57,+12.61%,4.36,4.36,5.32,"823,487","3,998,866.00","2,877,038,943.00",,,,,,
22-มี.ค.-2019,4.55,-0.23,-4.80%,4.67,4.40,4.67,"1,116,378","5,124,084.00","2,873,040,077.00",,,,,,
15-มี.ค.-2019,4.78,-0.76,-13.79%,5.43,4.17,5.51,"4,638,159","22,101,834.00","2,878,164,161.00",,,,,,
08-มี.ค.-2019,5.55,+0.11,+2.11%,4.82,4.82,5.66,"3,011,338","16,135,192.00","2,900,265,995.00",,,,,,
01-มี.ค.-2019,5.43,-0.34,-5.96%,5.77,3.90,5.77,"7,114,148","37,030,474.00","2,884,130,803.00",,,,,,
22-ก.พ.-2019,5.77,+0.04,+0.67%,5.77,5.58,5.93,"2,751,673","16,028,000.00","2,921,161,277.00",,,,,,
15-ก.พ.-2019,5.74,-0.15,-2.60%,5.89,5.62,6.12,"5,092,740","30,343,682.00","2,905,133,277.00",,,,,,
08-ก.พ.-2019,5.89,+0.08,+1.32%,5.85,5.74,6.27,"10,604,407","63,891,260.00","2,935,476,959.00",,,,,,
01-ก.พ.-2019,5.81,+0.31,+5.56%,5.24,4.93,5.97,"13,771,803","77,849,798.00","2,871,585,699.00",,,,,,
25-ม.ค.-2019,5.51,-0.11,-2.04%,5.62,5.35,6.58,"80,907,675","491,585,426.00","2,793,735,901.00",,,,,,
18-ม.ค.-2019,5.62,+1.11,+24.58%,4.55,4.47,5.77,"59,299,726","315,691,432.00","3,285,321,327.00",,,,,,
11-ม.ค.-2019,4.51,-0.54,-10.61%,5.12,4.32,5.20,"35,457,780","170,407,084.00","2,969,629,895.00",,,,,,
04-ม.ค.-2019,5.05,+0.08,+1.54%,5.16,3.81,5.20,"61,144,252","284,531,789.00","3,140,036,979.00",,,,,,
28-ธ.ค.-2018,4.97,+2.70,+118.49%,2.94,2.94,6.12,"63,434,884","316,661,966.00","2,855,505,190.00",,,,,,
21-ธ.ค.-2018,2.28,+0.59,+35.23%,1.63,1.63,2.28,"9,722,941","21,069,899.00","2,538,843,224.00",,,,,,
14-ธ.ค.-2018,1.68,-0.02,-1.12%,1.70,1.64,1.78,"699,313","1,212,899.00","2,517,773,325.00",,,,,,
07-ธ.ค.-2018,1.70,-0.02,-1.11%,1.82,1.70,1.82,"799,251","1,403,024.00","2,518,986,224.00",,,,,,
30-พ.ย.-2018,1.72,+0.02,+1.12%,1.70,1.64,1.85,"1,190,635","2,131,251.00","2,520,389,248.00",,,,,,
23-พ.ย.-2018,1.70,-0.06,-3.26%,1.74,1.61,1.74,"855,060","1,450,546.00","2,518,257,997.00",,,,,,
16-พ.ย.-2018,1.76,-0.13,-7.07%,1.89,1.74,2.16,"3,452,278","7,012,939.00","2,519,708,543.00",,,,,,
09-พ.ย.-2018,1.89,0.00,0.00%,1.89,1.87,2.07,"2,321,586","4,676,213.00","2,526,721,482.00",,,,,,
02-พ.ย.-2018,1.89,0.00,0.00%,1.93,1.89,2.01,"2,138,347","4,204,476.00","2,531,397,695.00",,,,,,
26-ต.ค.-2018,1.89,-0.13,-6.60%,1.97,1.68,2.03,"3,780,463","7,107,837.00","2,535,602,171.00",,,,,,
19-ต.ค.-2018,2.03,-0.40,-16.54%,2.45,2.03,2.54,"11,210,395","27,045,804.00","2,542,710,008.00",,,,,,
12-ต.ค.-2018,2.43,+0.33,+15.45%,2.10,2.01,2.75,"43,499,643","111,738,668.00","2,569,755,812.00",,,,,,
05-ต.ค.-2018,2.10,-0.06,-2.65%,2.18,2.03,2.20,"2,560,891","5,454,012.00","2,458,017,144.00",,,,,,
28-ก.ย.-2018,2.16,+0.48,+28.41%,1.66,1.64,2.31,"16,036,081","33,743,375.00","2,463,471,156.00",,,,,,
21-ก.ย.-2018,1.68,-0.02,-1.12%,1.66,1.66,1.80,"365,960","634,326.00","2,429,727,781.00",,,,,,
14-ก.ย.-2018,1.70,0.00,0.00%,1.74,1.66,1.84,"585,318","1,036,884.00","2,430,362,107.00",,,,,,
07-ก.ย.-2018,1.70,-0.08,-4.30%,1.82,1.68,1.82,"268,915","468,602.00","2,431,398,991.00",,,,,,
31-ส.ค.-2018,1.78,+0.11,+6.90%,1.68,1.68,1.82,"803,334","1,415,798.00","2,431,867,593.00",,,,,,
24-ส.ค.-2018,1.66,0.00,0.00%,1.68,1.63,1.78,"246,281","422,781.00","2,430,451,795.00",,,,,,
17-ส.ค.-2018,1.66,-0.02,-1.14%,1.64,1.59,1.66,"75,342","122,558.00","2,430,874,576.00",,,,,,
10-ส.ค.-2018,1.68,+0.06,+3.53%,1.64,1.59,1.80,"326,429","564,824.00","2,430,997,134.00",,,,,,
03-ส.ค.-2018,1.63,-0.08,-4.49%,1.64,1.61,1.66,"53,793","89,435.00","2,430,432,310.00",,,,,,
27-ก.ค.-2018,1.70,+0.04,+2.30%,1.66,1.64,1.72,"255,996","436,113.00","2,430,521,745.00",,,,,,
20-ก.ค.-2018,1.66,+0.06,+3.57%,1.61,1.61,1.70,"480,522","802,036.00","2,430,085,632.00",,,,,,
13-ก.ค.-2018,1.61,+0.08,+5.00%,1.51,1.30,1.63,"380,790","579,788.00","2,429,283,596.00",,,,,,
06-ก.ค.-2018,1.53,-0.02,-1.23%,1.57,1.53,1.63,"294,029","463,188.00","2,428,703,808.00",,,,,,
29-มิ.ย.-2018,1.55,-0.02,-1.22%,1.53,1.53,1.61,"290,515","464,571.00","2,429,166,996.00",,,,,,
22-มิ.ย.-2018,1.57,-0.13,-7.87%,1.68,1.53,1.68,"432,672","695,138.00","2,429,631,567.00",,,,,,
15-มิ.ย.-2018,1.70,-0.02,-1.11%,1.72,1.66,1.80,"343,791","602,915.00","2,430,326,705.00",,,,,,
08-มิ.ย.-2018,1.72,-0.08,-4.26%,1.87,1.72,1.87,"624,178","1,144,084.00","2,430,929,620.00",,,,,,
01-มิ.ย.-2018,1.80,+0.04,+2.17%,1.76,1.72,1.84,"1,709,551","3,105,259.00","2,432,073,704.00",,,,,,
25-พ.ค.-2018,1.76,+0.06,+3.37%,1.70,1.68,1.84,"2,748,780","4,897,451.00","2,428,968,445.00",,,,,,
18-พ.ค.-2018,1.70,0.00,0.00%,1.70,1.66,1.72,"227,368","388,502.00","2,424,070,994.00",,,,,,
11-พ.ค.-2018,1.70,-0.02,-1.11%,1.74,1.68,1.82,"846,430","1,505,042.00","2,424,459,496.00",,,,,,
04-พ.ค.-2018,1.72,+0.06,+3.45%,1.70,1.63,1.78,"577,826","1,001,508.00","2,425,964,538.00",,,,,,
27-เม.ย.-2018,1.66,-0.04,-2.25%,1.70,1.64,1.74,"283,952","483,885.00","2,424,963,030.00",,,,,,
20-เม.ย.-2018,1.70,0.00,0.00%,1.70,1.68,1.74,"200,239","344,872.00","2,425,446,915.00",,,,,,
13-เม.ย.-2018,1.70,+0.02,+1.14%,1.70,1.66,1.78,"214,140","372,426.00","2,425,102,043.00",,,,,,
06-เม.ย.-2018,1.68,-0.04,-2.22%,1.70,1.61,1.76,"275,787","470,928.00","2,424,729,617.00",,,,,,
30-มี.ค.-2018,1.72,-0.10,-5.26%,1.82,1.68,1.84,"711,766","1,269,090.00","2,425,200,545.00",,,,,,
23-มี.ค.-2018,1.82,-0.04,-2.06%,1.84,1.78,1.95,"5,943,718","11,302,376.00","2,426,469,635.00",,,,,,
16-มี.ค.-2018,1.85,+0.27,+16.87%,1.59,1.57,1.97,"7,297,386","13,701,842.00","2,437,772,011.00",,,,,,
09-มี.ค.-2018,1.59,-0.08,-4.60%,1.68,1.57,1.68,"190,628","311,816.00","2,424,070,169.00",,,,,,
02-มี.ค.-2018,1.66,-0.11,-6.45%,1.84,1.63,1.84,"490,392","847,306.00","2,424,381,985.00",,,,,,
23-ก.พ.-2018,1.78,-0.10,-5.10%,1.89,1.74,1.91,"1,111,108","2,060,224.00","2,425,229,291.00",,,,,,
16-ก.พ.-2018,1.87,-0.02,-1.01%,1.91,1.85,1.97,"1,959,967","3,791,397.00","2,427,289,515.00",,,,,,
09-ก.พ.-2018,1.89,+0.02,+1.02%,1.85,1.85,2.01,"5,124,210","10,003,068.00","2,431,080,912.00",,,,,,
02-ก.พ.-2018,1.87,-0.13,-6.67%,2.03,1.87,2.10,"8,028,169","16,146,619.00","2,421,077,844.00",,,,,,
26-ม.ค.-2018,2.01,+0.46,+29.63%,1.55,1.55,2.33,"26,142,345","55,761,600.00","2,437,224,463.00",,,,,,
19-ม.ค.-2018,1.55,-0.34,-18.18%,1.89,1.55,1.91,"1,446,424","2,476,694.00","2,381,462,863.00",,,,,,
12-ม.ค.-2018,1.89,-0.08,-3.88%,1.97,1.87,1.97,"542,842","1,050,425.00","2,383,939,557.00",,,,,,
05-ม.ค.-2018,1.97,0.00,0.00%,1.97,1.93,1.99,"166,496","329,230.00","2,384,989,982.00",,,,,,
29-ธ.ค.-2017,1.97,-0.08,-3.74%,2.05,1.95,2.05,"298,318","599,817.00","2,385,319,212.00",,,,,,
22-ธ.ค.-2017,2.05,-0.02,-0.93%,2.03,2.01,2.07,"326,067","671,569.00","2,385,919,029.00",,,,,,
15-ธ.ค.-2017,2.07,-0.04,-1.82%,2.08,2.03,2.18,"806,176","1,712,975.00","2,386,590,598.00",,,,,,
08-ธ.ค.-2017,2.10,-0.10,-4.35%,2.18,2.10,2.20,"614,153","1,339,777.00","2,388,303,573.00",,,,,,
01-ธ.ค.-2017,2.20,-0.04,-1.71%,2.24,2.16,2.29,"566,095","1,271,592.00","2,389,643,350.00",,,,,,
24-พ.ย.-2017,2.24,-0.08,-3.31%,2.33,2.24,2.39,"2,179,584","5,103,291.00","2,390,914,942.00",,,,,,
17-พ.ย.-2017,2.31,+0.15,+7.08%,2.16,2.10,2.52,"7,341,982","17,651,630.00","2,396,018,233.00",,,,,,
10-พ.ย.-2017,2.16,-0.06,-2.59%,2.20,2.16,2.26,"466,777","1,042,564.00","2,378,366,603.00",,,,,,
03-พ.ย.-2017,2.22,+0.02,+0.87%,2.37,2.20,2.37,"1,097,517","2,563,342.00","2,379,409,167.00",,,,,,
27-ต.ค.-2017,2.20,-0.04,-1.71%,2.24,2.20,2.26,"205,665","461,345.00","2,376,845,825.00",,,,,,
20-ต.ค.-2017,2.24,-0.13,-5.65%,2.37,2.24,2.37,"567,129","1,317,367.00","2,377,307,170.00",,,,,,
13-ต.ค.-2017,2.37,0.00,0.00%,2.35,2.33,2.45,"695,592","1,674,221.00","2,378,624,537.00",,,,,,
06-ต.ค.-2017,2.37,0.00,0.00%,2.41,2.35,2.43,"729,904","1,756,444.00","2,380,298,758.00",,,,,,
29-ก.ย.-2017,2.37,-0.02,-0.80%,2.41,2.35,2.43,"722,566","1,749,243.00","2,382,055,202.00",,,,,,
22-ก.ย.-2017,2.39,-0.06,-2.34%,2.45,2.39,2.47,"1,127,437","2,758,194.00","2,383,804,445.00",,,,,,
15-ก.ย.-2017,2.45,+0.08,+3.23%,2.39,2.37,2.64,"6,598,435","16,926,400.00","2,386,562,639.00",,,,,,
08-ก.ย.-2017,2.37,-0.02,-0.80%,2.39,2.35,2.45,"463,211","1,115,480.00","2,369,636,239.00",,,,,,
01-ก.ย.-2017,2.39,0.00,0.00%,2.45,2.37,2.45,"458,819","1,112,685.00","2,370,751,719.00",,,,,,
25-ส.ค.-2017,2.39,+0.02,+0.81%,2.37,2.35,2.47,"471,066","1,151,454.00","2,369,639,034.00",,,,,,
18-ส.ค.-2017,2.37,0.00,0.00%,2.39,2.33,2.41,"372,522","896,856.00","2,368,487,580.00",,,,,,
11-ส.ค.-2017,2.37,-0.13,-5.34%,2.50,2.37,2.56,"2,695,348","6,807,393.00","2,369,384,436.00",,,,,,
04-ส.ค.-2017,2.50,+0.04,+1.55%,2.50,2.45,2.56,"1,935,628","4,891,694.00","2,376,191,829.00",,,,,,
28-ก.ค.-2017,2.47,-0.06,-2.27%,2.54,2.47,2.60,"1,954,851","5,001,668.00","2,371,300,135.00",,,,,,
21-ก.ค.-2017,2.52,+0.02,+0.76%,2.50,2.49,2.62,"4,043,694","10,454,677.00","2,376,301,803.00",,,,,,
14-ก.ค.-2017,2.50,0.00,0.00%,2.54,2.49,2.60,"3,440,031","8,880,968.00","2,365,847,126.00",,,,,,
07-ก.ค.-2017,2.50,-0.02,-0.76%,2.50,2.45,2.70,"5,843,779","15,257,211.00","2,374,728,094.00",,,,,,
30-มิ.ย.-2017,2.52,-0.10,-3.65%,2.64,2.50,2.70,"1,744,587","4,598,819.00","2,389,985,305.00",,,,,,
23-มิ.ย.-2017,2.62,-0.08,-2.84%,2.72,2.60,2.79,"2,507,098","6,807,732.00","2,394,584,124.00",,,,,,
16-มิ.ย.-2017,2.70,+0.04,+1.44%,2.68,2.64,2.73,"2,355,639","6,426,460.00","2,401,391,856.00",,,,,,
09-มิ.ย.-2017,2.66,-0.23,-7.95%,2.91,2.66,2.94,"3,996,412","11,396,956.00","2,394,965,396.00",,,,,,
02-มิ.ย.-2017,2.89,+0.04,+1.34%,2.87,2.83,3.00,"10,358,591","30,698,848.00","2,406,362,352.00",,,,,,
26-พ.ค.-2017,2.85,-0.06,-1.97%,2.91,2.85,3.10,"22,855,684","69,218,237.00","2,375,663,504.00",,,,,,
19-พ.ค.-2017,2.91,+0.29,+10.95%,2.52,2.45,3.06,"17,129,930","50,096,201.00","2,444,881,741.00",,,,,,
12-พ.ค.-2017,2.62,-0.55,-17.47%,3.02,2.62,3.04,"6,954,060","20,632,761.00","2,394,785,540.00",,,,,,
05-พ.ค.-2017,3.17,-0.06,-1.73%,3.23,2.95,3.29,"31,369,698","102,282,133.00","2,415,418,301.00",,,,,,
28-เม.ย.-2017,3.23,-0.58,-15.20%,3.85,3.17,3.88,"37,709,812","132,233,626.00","2,517,700,434.00",,,,,,
21-เม.ย.-2017,3.81,-0.04,-0.97%,3.92,3.73,4.22,"32,840,151","135,076,008.00","2,649,934,060.00",,,,,,
14-เม.ย.-2017,3.85,+0.39,+11.35%,3.34,3.34,4.18,"25,662,753","102,677,085.00","2,785,010,068.00",,,,,,
07-เม.ย.-2017,3.45,+0.30,+9.47%,3.23,3.01,3.45,"11,337,515","38,769,085.00","2,682,332,983.00",,,,,,
31-มี.ค.-2017,3.16,+0.43,+15.75%,2.76,2.65,3.44,"12,721,206","42,813,579.00","2,643,563,898.00",,,,,,
24-มี.ค.-2017,2.73,+0.07,+2.82%,2.71,2.63,2.76,"72,655","204,222.00","2,600,750,319.00",,,,,,
17-มี.ค.-2017,2.65,+0.07,+2.90%,2.63,2.50,2.67,"210,522","567,375.00","2,600,546,097.00",,,,,,
10-มี.ค.-2017,2.58,-0.21,-7.38%,2.76,2.56,2.76,"553,487","1,510,807.00","2,599,978,722.00",,,,,,
03-มี.ค.-2017,2.78,-0.22,-7.45%,2.97,2.78,2.99,"265,814","796,876.00","2,601,489,529.00",,,,,,
24-ก.พ.-2017,3.01,-0.06,-1.83%,3.08,2.95,3.08,"57,359","179,755.00","2,602,286,405.00",,,,,,
17-ก.พ.-2017,3.06,0.00,0.00%,3.06,2.93,3.14,"545,942","1,707,709.00","2,602,466,160.00",,,,,,
10-ก.พ.-2017,3.06,-0.07,-2.38%,3.08,3.02,3.14,"87,175","276,771.00","2,604,173,869.00",,,,,,
03-ก.พ.-2017,3.14,+0.04,+1.20%,3.10,3.10,3.17,"320,176","1,037,023.00","2,604,450,640.00",,,,,,
27-ม.ค.-2017,3.10,-0.04,-1.19%,3.19,3.10,3.19,"298,008","965,684.00","2,603,413,617.00",,,,,,
20-ม.ค.-2017,3.14,+0.02,+0.60%,3.12,3.08,3.17,"512,199","1,648,495.00","2,604,379,301.00",,,,,,
13-ม.ค.-2017,3.12,+0.04,+1.21%,3.12,3.06,3.27,"2,436,665","8,022,220.00","2,602,730,806.00",,,,,,
06-ม.ค.-2017,3.08,-0.06,-1.79%,3.16,3.06,3.17,"375,571","1,209,031.00","2,594,708,586.00",,,,,,
30-ธ.ค.-2016,3.14,+0.06,+1.82%,3.08,3.02,3.30,"1,480,581","4,850,322.00","2,595,917,617.00",,,,,,
23-ธ.ค.-2016,3.08,+0.15,+5.10%,2.91,2.91,3.81,"14,908,851","51,692,057.00","2,591,067,295.00",,,,,,
16-ธ.ค.-2016,2.93,+0.13,+4.67%,2.84,2.82,3.01,"2,427,157","7,354,117.00","2,539,375,238.00",,,,,,
09-ธ.ค.-2016,2.80,+0.06,+2.04%,2.74,2.69,2.84,"667,894","1,922,119.00","2,532,021,121.00",,,,,,
02-ธ.ค.-2016,2.74,-0.19,-6.37%,2.91,2.69,3.02,"908,750","2,641,481.00","2,530,099,002.00",,,,,,
25-พ.ย.-2016,2.93,+0.13,+4.67%,2.86,2.82,3.12,"1,878,476","5,778,723.00","2,532,740,483.00",,,,,,
18-พ.ย.-2016,2.80,-0.32,-10.18%,2.91,2.54,3.01,"4,794,164","13,370,633.00","2,526,961,760.00",,,,,,
11-พ.ย.-2016,3.12,-0.07,-2.34%,3.19,3.08,3.25,"588,781","1,922,424.00","2,540,332,393.00",,,,,,
04-พ.ย.-2016,3.19,+0.17,+5.56%,3.04,2.99,3.29,"4,587,414","15,108,321.00","2,542,254,817.00",,,,,,
28-ต.ค.-2016,3.02,-0.34,-10.00%,3.38,3.02,3.40,"1,946,635","6,537,822.00","2,527,146,496.00",,,,,,
21-ต.ค.-2016,3.36,+0.06,+1.69%,3.32,3.29,3.64,"5,114,237","18,410,594.00","2,533,684,318.00",,,,,,
14-ต.ค.-2016,3.30,-0.41,-11.06%,3.72,2.63,3.73,"14,877,071","51,539,913.00","2,515,273,724.00",,,,,,
07-ต.ค.-2016,3.72,+0.65,+21.34%,3.27,3.17,4.15,"50,012,867","194,427,973.00","2,566,813,637.00",,,,,,
30-ก.ย.-2016,3.06,+0.56,+22.39%,2.48,2.46,3.14,"15,704,020","46,942,935.00","2,372,385,664.00",,,,,,
23-ก.ย.-2016,2.50,+0.26,+11.67%,2.15,2.15,2.69,"3,304,592","8,657,508.00","2,325,442,729.00",,,,,,
16-ก.ย.-2016,2.24,0.00,0.00%,2.13,2.13,2.28,"367,355","827,737.00","2,316,785,221.00",,,,,,
09-ก.ย.-2016,2.24,-0.17,-6.98%,2.39,2.13,2.39,"408,591","956,147.00","2,317,612,958.00",,,,,,
02-ก.ย.-2016,2.41,-0.06,-2.27%,2.48,2.37,2.48,"455,460","1,136,051.00","2,318,569,105.00",,,,,,
26-ส.ค.-2016,2.46,-0.21,-7.69%,2.58,2.39,2.67,"3,509,017","8,948,684.00","2,319,705,156.00",,,,,,
19-ส.ค.-2016,2.67,-0.07,-2.72%,2.73,2.65,2.82,"5,440,511","15,482,297.00","2,328,653,840.00",,,,,,
12-ส.ค.-2016,2.74,0.00,0.00%,2.76,2.73,2.84,"472,358","1,365,784.00","2,344,136,137.00",,,,,,
05-ส.ค.-2016,2.74,-0.04,-1.34%,2.80,2.71,2.86,"490,599","1,410,335.00","2,345,501,921.00",,,,,,
29-ก.ค.-2016,2.78,-0.04,-1.32%,2.86,2.78,2.86,"338,520","984,170.00","2,346,912,256.00",,,,,,
22-ก.ค.-2016,2.82,+0.02,+0.67%,2.84,2.80,2.86,"640,610","1,878,625.00","2,347,896,426.00",,,,,,
15-ก.ค.-2016,2.80,+0.06,+2.04%,2.78,2.74,2.88,"1,645,165","4,784,803.00","2,346,017,801.00",,,,,,
08-ก.ค.-2016,2.74,-0.04,-1.34%,2.80,2.74,2.89,"1,427,460","4,179,057.00","2,341,232,998.00",,,,,,
01-ก.ค.-2016,2.78,-0.02,-0.67%,2.76,2.73,2.95,"1,601,138","4,709,583.00","2,345,412,055.00",,,,,,
24-มิ.ย.-2016,2.80,-0.06,-1.96%,2.89,2.78,2.95,"1,076,744","3,203,739.00","2,350,121,638.00",,,,,,
17-มิ.ย.-2016,2.86,-0.15,-4.97%,3.02,2.84,3.02,"272,790","817,213.00","2,353,325,377.00",,,,,,
10-มิ.ย.-2016,3.01,+0.11,+3.87%,2.95,2.89,3.10,"1,391,494","4,319,156.00","2,354,142,590.00",,,,,,
03-มิ.ย.-2016,2.89,+0.24,+9.15%,2.61,2.56,2.93,"2,768,881","7,723,797.00","2,349,823,434.00",,,,,,
27-พ.ค.-2016,2.65,0.00,0.00%,2.71,2.58,2.71,"148,616","404,485.00","2,342,099,637.00",,,,,,
20-พ.ค.-2016,2.65,-0.28,-9.55%,2.91,2.65,2.97,"1,383,278","3,994,091.00","2,342,504,122.00",,,,,,
13-พ.ค.-2016,2.93,-0.06,-1.88%,2.97,2.89,3.16,"6,660,962","21,069,166.00","2,346,498,213.00",,,,,,
06-พ.ค.-2016,2.99,+0.02,+0.63%,2.99,2.95,3.14,"323,018","1,019,288.00","2,367,567,379.00",,,,,,
29-เม.ย.-2016,2.97,-0.02,-0.63%,2.99,2.91,3.06,"87,640","272,809.00","2,366,548,091.00",,,,,,
22-เม.ย.-2016,2.99,+0.09,+3.23%,2.88,2.80,3.02,"150,321","448,676.00","2,366,820,900.00",,,,,,
15-เม.ย.-2016,2.89,-0.04,-1.27%,2.99,2.84,3.04,"8,320","25,538.00","2,366,372,224.00",,,,,,
08-เม.ย.-2016,2.93,0.00,0.00%,2.99,2.89,3.02,"100,610","307,632.00","2,366,397,762.00",,,,,,
01-เม.ย.-2016,2.93,-0.04,-1.26%,2.95,2.91,3.12,"536,279","1,672,664.00","2,366,705,394.00",,,,,,
25-มี.ค.-2016,2.97,-0.02,-0.63%,2.99,2.84,2.99,"67,022","204,087.00","2,368,378,058.00",,,,,,
18-มี.ค.-2016,2.99,-0.07,-2.44%,2.95,2.95,3.04,"72,448","223,511.00","2,368,582,145.00",,,,,,
11-มี.ค.-2016,3.06,+0.07,+2.50%,2.93,2.91,3.06,"57,772","178,756.00","2,368,805,656.00",,,,,,
04-มี.ค.-2016,2.99,-0.02,-0.62%,3.04,2.89,3.10,"405,491","1,278,582.00","2,368,626,900.00",,,,,,
26-ก.พ.-2016,3.01,+0.15,+5.23%,2.82,2.73,3.01,"278,630","840,873.00","2,369,905,482.00",,,,,,
19-ก.พ.-2016,2.86,-0.15,-4.97%,3.08,2.76,3.10,"599,581","1,860,035.00","2,369,064,609.00",,,,,,
12-ก.พ.-2016,3.01,+0.07,+2.55%,2.97,2.95,3.12,"430,295","1,346,204.00","2,370,924,644.00",,,,,,
05-ก.พ.-2016,2.93,+0.21,+7.53%,2.74,2.71,2.95,"813,617","2,398,275.00","2,369,578,440.00",,,,,,
29-ม.ค.-2016,2.73,+0.28,+11.45%,2.45,2.39,2.80,"1,528,639","4,069,701.00","2,367,180,165.00",,,,,,
22-ม.ค.-2016,2.45,+0.26,+11.97%,2.20,2.20,2.60,"2,364,269","5,957,610.00","2,363,110,464.00",,,,,,
15-ม.ค.-2016,2.18,-0.09,-4.10%,2.24,2.18,2.50,"1,280,290","2,988,669.00","2,357,152,854.00",,,,,,
08-ม.ค.-2016,2.28,-0.13,-5.43%,2.46,2.20,2.46,"492,614","1,173,610.00","2,360,141,523.00",,,,,,
01-ม.ค.-2016,2.41,0.00,0.00%,2.35,2.33,2.54,"1,427,666","3,622,164.00","2,361,315,133.00",,,,,,
25-ธ.ค.-2015,2.41,+0.02,+0.78%,2.41,1.98,2.88,"3,281,338","8,906,229.00","2,357,692,969.00",,,,,,
18-ธ.ค.-2015,2.39,+0.11,+4.92%,2.28,2.28,2.46,"196,519","484,974.00","2,348,786,740.00",,,,,,
11-ธ.ค.-2015,2.28,-0.17,-6.87%,2.45,2.28,2.46,"69,089","165,664.00","2,348,301,766.00",,,,,,
04-ธ.ค.-2015,2.45,-0.19,-7.09%,2.67,2.39,2.69,"446,262","1,167,940.00","2,348,467,430.00",,,,,,
27-พ.ย.-2015,2.63,-0.26,-9.03%,2.89,2.61,2.91,"1,084,960","3,090,492.00","2,349,635,370.00",,,,,,
20-พ.ย.-2015,2.89,-0.11,-3.73%,3.04,2.84,3.16,"985,900","3,048,966.00","2,352,725,862.00",,,,,,
13-พ.ย.-2015,3.01,-0.17,-5.29%,3.16,3.01,3.19,"423,680","1,369,391.00","2,355,774,828.00",,,,,,
06-พ.ย.-2015,3.17,+0.06,+1.80%,3.14,3.10,3.29,"1,441,102","4,791,366.00","2,357,144,219.00",,,,,,
30-ต.ค.-2015,3.12,-0.06,-1.76%,3.17,3.08,3.25,"625,056","2,045,465.00","2,352,352,853.00",,,,,,
23-ต.ค.-2015,3.17,+0.04,+1.19%,3.16,3.14,3.27,"1,117,154","3,718,321.00","2,354,398,318.00",,,,,,
16-ต.ค.-2015,3.14,-0.04,-1.18%,3.16,3.14,3.27,"929,420","3,078,300.00","2,350,679,997.00",,,,,,
09-ต.ค.-2015,3.17,0.00,0.00%,3.21,3.16,3.30,"1,160,870","3,846,356.00","2,353,758,297.00",,,,,,
02-ต.ค.-2015,3.17,+0.04,+1.19%,3.17,2.95,3.29,"1,562,899","5,145,530.00","2,349,911,941.00",,,,,,
25-ก.ย.-2015,3.14,-0.02,-0.59%,3.19,3.04,3.25,"726,183","2,366,297.00","2,344,766,411.00",,,,,,
18-ก.ย.-2015,3.16,-0.02,-0.59%,3.23,2.97,3.27,"1,433,764","4,711,134.00","2,347,132,708.00",,,,,,
11-ก.ย.-2015,3.17,+0.02,+0.59%,3.16,2.99,3.25,"341,104","1,123,233.00","2,351,843,842.00",,,,,,
04-ก.ย.-2015,3.16,+0.17,+5.62%,3.02,2.99,3.23,"626,968","2,037,393.00","2,350,720,609.00",,,,,,
28-ส.ค.-2015,2.99,-0.06,-1.84%,2.99,2.78,3.02,"438,097","1,310,640.00","2,348,683,216.00",,,,,,
21-ส.ค.-2015,3.04,-0.11,-3.55%,3.16,2.91,3.17,"455,202","1,442,431.00","2,349,993,856.00",,,,,,
14-ส.ค.-2015,3.16,-0.02,-0.59%,3.19,3.08,3.21,"223,131","730,843.00","2,351,436,287.00",,,,,,
07-ส.ค.-2015,3.17,-0.07,-2.30%,3.19,3.17,3.30,"659,523","2,203,380.00","2,352,167,130.00",,,,,,
31-ก.ค.-2015,3.25,+0.13,+4.19%,3.14,3.12,3.36,"2,812,598","9,408,059.00","2,354,370,510.00",,,,,,
24-ก.ค.-2015,3.12,-0.32,-9.24%,3.45,3.12,3.45,"2,479,245","8,235,270.00","2,344,962,451.00",,,,,,
17-ก.ค.-2015,3.44,-0.02,-0.54%,3.45,3.42,3.55,"1,442,342","5,214,546.00","2,353,197,721.00",,,,,,
10-ก.ค.-2015,3.45,-0.04,-1.07%,3.51,3.42,3.57,"1,570,650","5,629,681.00","2,358,412,267.00",,,,,,
03-ก.ค.-2015,3.49,-0.04,-1.06%,3.49,3.42,3.55,"1,385,448","4,992,732.00","2,364,041,948.00",,,,,,
26-มิ.ย.-2015,3.53,-0.09,-2.58%,3.64,3.49,3.64,"5,733,247","21,121,695.00","2,369,034,680.00",,,,,,
19-มิ.ย.-2015,3.62,0.00,0.00%,3.68,3.58,3.77,"3,173,803","12,052,682.00","2,390,156,375.00",,,,,,
12-มิ.ย.-2015,3.62,-0.04,-1.02%,3.64,3.62,3.85,"3,552,320","13,684,081.00","2,402,209,057.00",,,,,,
05-มิ.ย.-2015,3.66,-0.02,-0.51%,3.70,3.57,3.70,"259,665","978,183.00","2,415,893,138.00",,,,,,
29-พ.ค.-2015,3.68,-0.04,-1.01%,3.66,3.55,3.72,"988,690","3,696,101.00","2,416,871,321.00",,,,,,
22-พ.ค.-2015,3.72,+0.17,+4.74%,3.55,3.44,4.15,"10,691,685","42,938,453.00","2,420,567,422.00",,,,,,
15-พ.ค.-2015,3.55,+0.16,+4.67%,3.32,3.17,3.55,"1,006,777","3,519,543.00","2,377,628,969.00",,,,,,
08-พ.ค.-2015,3.39,-0.48,-12.50%,3.84,3.37,3.87,"2,194,363","8,484,364.00","2,374,109,426.00",,,,,,
01-พ.ค.-2015,3.87,-0.14,-3.57%,4.12,3.84,4.12,"1,265,356","5,375,382.00","2,382,593,790.00",,,,,,
24-เม.ย.-2015,4.02,+0.04,+0.90%,3.98,3.87,4.27,"8,807,009","39,096,648.00","2,387,969,172.00",,,,,,
17-เม.ย.-2015,3.98,+0.18,+4.72%,3.80,3.80,4.16,"5,567,630","24,183,732.00","2,348,872,524.00",,,,,,
10-เม.ย.-2015,3.80,-0.14,-3.64%,3.98,3.73,4.05,"2,683,566","11,153,440.00","2,324,688,792.00",,,,,,
03-เม.ย.-2015,3.95,+0.25,+6.80%,3.73,3.69,4.05,"5,142,710","21,573,592.00","2,335,842,232.00",,,,,,
27-มี.ค.-2015,3.69,-0.32,-8.04%,4.09,3.62,4.55,"15,514,219","69,236,480.00","2,314,268,640.00",,,,,,
20-มี.ค.-2015,4.02,+0.11,+2.75%,3.95,3.87,4.12,"1,424,824","6,124,660.00","2,383,505,120.00",,,,,,
13-มี.ค.-2015,3.91,-0.04,-0.91%,3.98,3.69,4.34,"3,160,161","13,928,044.00","2,377,380,460.00",,,,,,
06-มี.ค.-2015,3.95,-0.18,-4.35%,4.05,3.84,4.23,"1,217,196","5,260,036.00","2,391,308,504.00",,,,,,
27-ก.พ.-2015,4.12,-0.29,-6.50%,4.41,4.12,4.41,"2,113,544","9,573,990.00","2,396,568,540.00",,,,,,
20-ก.พ.-2015,4.41,+0.07,+1.65%,4.34,4.02,4.41,"3,928,511","17,973,918.00","2,406,142,530.00",,,,,,
13-ก.พ.-2015,4.34,-0.14,-3.20%,4.48,4.12,4.59,"8,776,417","41,319,022.00","2,388,168,612.00",,,,,,
06-ก.พ.-2015,4.48,+0.22,+5.04%,4.30,4.30,5.02,"101,682,991","514,158,918.00","2,429,487,634.00",,,,,,
30-ม.ค.-2015,4.27,0.00,0.00%,4.34,3.95,4.34,"10,957,965","49,146,108.00","1,915,328,716.00",,,,,,
23-ม.ค.-2015,4.27,+0.29,+7.21%,3.91,3.91,4.38,"6,699,924","30,306,032.00","1,866,182,608.00",,,,,,
16-ม.ค.-2015,3.98,-0.18,-4.31%,4.09,3.95,4.41,"7,028,110","31,833,054.00","1,835,876,576.00",,,,,,
09-ม.ค.-2015,4.16,+0.75,+22.11%,3.59,3.55,4.70,"79,555,867","370,513,864.00","1,867,709,630.00",,,,,,
02-ม.ค.-2015,3.41,+0.02,+0.53%,3.46,3.32,3.46,"937,171","3,410,572.00","1,497,195,766.00",,,,,,
26-ธ.ค.-2014,3.39,+0.13,+3.85%,3.34,3.23,3.48,"1,592,198","5,785,394.00","1,493,785,194.00",,,,,,
19-ธ.ค.-2014,3.26,-0.05,-1.62%,3.23,2.69,3.32,"1,526,727","5,091,596.00","1,487,999,800.00",,,,,,
12-ธ.ค.-2014,3.32,-0.20,-5.61%,3.48,3.25,3.48,"2,245,676","8,184,209.00","1,493,091,396.00",,,,,,
05-ธ.ค.-2014,3.51,-0.04,-1.01%,3.53,3.43,3.55,"2,667,134","10,033,383.00","1,501,275,605.00",,,,,,
28-พ.ย.-2014,3.55,-0.57,-13.91%,3.98,3.55,3.98,"8,976,760","35,909,270.00","1,511,308,988.00",,,,,,
21-พ.ย.-2014,4.12,+0.54,+15.00%,3.69,3.59,5.49,"200,759,875","1,003,431,600.00","1,547,218,258.00",,,,,,
14-พ.ย.-2014,3.59,-0.04,-0.99%,3.62,3.51,3.73,"3,841,595","14,916,918.00","543,786,658.00",,,,,,
07-พ.ย.-2014,3.62,-0.22,-5.61%,3.87,3.53,3.91,"13,073,885","51,853,642.00","558,703,576.00",,,,,,
31-ต.ค.-2014,3.84,+0.22,+5.94%,3.66,3.62,4.05,"62,299,283","261,801,024.00","610,557,218.00",,,,,,
24-ต.ค.-2014,3.62,+0.14,+4.12%,3.50,3.48,4.02,"58,162,109","237,410,107.00","348,756,194.00",,,,,,
17-ต.ค.-2014,3.48,+0.04,+1.04%,3.39,3.39,3.62,"13,502,010","51,312,231.00","111,346,087.00",,,,,,
10-ต.ค.-2014,3.44,-0.09,-2.54%,3.57,3.08,3.66,"14,716,622","54,372,693.00","60,033,856.00",,,,,,
03-ต.ค.-2014,3.53,0.00,0.00%,3.53,3.48,3.77,"24,189,716","94,641,157.00","114,406,549.00",,,,,,
26-ก.ย.-2014,3.53,-0.27,-7.08%,3.77,3.41,3.87,"33,179,188","130,614,310.00","209,047,706.00",,,,,,
19-ก.ย.-2014,3.80,+0.57,+17.78%,3.28,3.21,4.23,"84,279,237","339,662,016.00","339,662,016.00",,,,,,
12-ก.ย.-2014,3.23,,,3.25,3.16,3.35,"7,089,396","24,913,317.00",0.00,,,,,,
