Super Energy Corporation PCL | Price History                                          25-Sep-2024 16:26,,,,,,,,,,,,,,,
,,,,,,,,,,,,,,,
,,,,,,,,,,,,,,,
SUPER.BK,,,,,,,,,,,,,,,
Interval: Weekly,,,,,,,,,,,,,,,
History Period: 10 Years,,,,,,,,,,,,,,,
,,,,,,,,,,,,,,,
,,,,,,,,,,,,,,,
VAP: Total,"442,437,950,111",,,,,,,,,,,,,,
Price,Volume,%Volume,Count,%Count,,,,,,,,,,,
2.00 - 2.50,"13,851,872,391",3.13%,17,3.25%,,,,,,,,,,,
1.50 - 2.00,"72,564,379,430",16.40%,77,14.72%,,,,,,,,,,,
1.00 - 1.50,"129,236,967,890",29.21%,109,20.84%,,,,,,,,,,,
0.50 - 1.00,"215,327,301,400",48.67%,256,48.95%,,,,,,,,,,,
0.00 - 0.50,"11,457,429,000",2.59%,64,12.24%,,,,,,,,,,,
,,,,,,,,,,,,,,,
,,,,,,,,,,,,,,,
SUPER.BK Statistics     Weekly     10 Years,,,,,,,,,,,,,,,
Price,,,Volume,,,,,Up/Down,,Price Change (Close-Close),,,Turnover,,
High,2.45,06-มี.ค.-2015,Max,"13,831,950,900",19-มิ.ย.-2020,Advancing,"210,605,251,038",Up,189,Up,+28.57%,10-เม.ย.-2020,Max,"13,828,814,764.00",19-มิ.ย.-2020
Low,0.23,23-ส.ค.-2024,Min,"28,689,100",14-มิ.ย.-2024,Declining,"192,968,467,028",Down,252,Down,-26.73%,22-มิ.ย.-2018,Min,"8,152,724.00",14-มิ.ย.-2024
Avg,0.99,,Avg,"845,961,664",,Total,"442,437,950,111",Unch,81,Period,-69.98%,10 Years,Avg,"930,489,172.93",
,,,,,,,,,,,,,,,
,,,,,,,,,,,,,,,
SUPER.BK History     Weekly     10 Years,,,,,,,,,,,,,,,
Exchange Date,Close,Net,%Chg,Open,Low,High,Volume,Turnover - THB,Flow,,,,,,
27-ก.ย.-2024,0.31,0.00,0.00%,0.31,0.31,0.32,"95,177,500","29,561,426.00","9,707,826,440.00",,,,,,
20-ก.ย.-2024,0.31,+0.03,+10.71%,0.28,0.28,0.32,"243,536,900","73,211,851.00","9,678,265,014.00",,,,,,
13-ก.ย.-2024,0.28,+0.02,+7.69%,0.27,0.26,0.29,"194,703,100","54,204,891.00","9,605,053,163.00",,,,,,
06-ก.ย.-2024,0.26,+0.01,+4.00%,0.25,0.24,0.27,"246,051,100","63,464,220.00","9,550,848,272.00",,,,,,
30-ส.ค.-2024,0.25,-0.01,-3.85%,0.26,0.24,0.27,"128,137,200","32,845,078.00","9,487,384,052.00",,,,,,
23-ส.ค.-2024,0.26,+0.02,+8.33%,0.24,0.23,0.27,"232,625,100","58,671,520.00","9,520,229,130.00",,,,,,
16-ส.ค.-2024,0.24,-0.01,-4.00%,0.25,0.23,0.25,"117,002,300","28,102,162.00","9,461,557,610.00",,,,,,
09-ส.ค.-2024,0.25,-0.01,-3.85%,0.26,0.24,0.27,"147,419,600","37,305,505.00","9,489,659,772.00",,,,,,
02-ส.ค.-2024,0.26,-0.02,-7.14%,0.28,0.26,0.28,"49,076,000","13,063,975.00","9,526,965,277.00",,,,,,
26-ก.ค.-2024,0.28,0.00,0.00%,0.28,0.26,0.29,"79,379,500","21,573,363.00","9,540,029,252.00",,,,,,
19-ก.ค.-2024,0.28,-0.02,-6.67%,0.29,0.27,0.30,"186,190,300","52,594,616.00","9,561,602,615.00",,,,,,
12-ก.ค.-2024,0.30,+0.01,+3.45%,0.28,0.28,0.30,"160,622,100","46,664,837.00","9,614,197,231.00",,,,,,
05-ก.ค.-2024,0.29,0.00,0.00%,0.28,0.27,0.29,"55,843,000","15,915,098.00","9,567,532,394.00",,,,,,
28-มิ.ย.-2024,0.29,0.00,0.00%,0.29,0.28,0.29,"46,372,600","13,070,840.00","9,551,617,296.00",,,,,,
21-มิ.ย.-2024,0.29,+0.01,+3.57%,0.29,0.27,0.29,"118,553,000","33,372,140.00","9,538,546,456.00",,,,,,
14-มิ.ย.-2024,0.28,-0.01,-3.45%,0.29,0.28,0.29,"28,689,100","8,152,724.00","9,505,174,316.00",,,,,,
07-มิ.ย.-2024,0.29,0.00,0.00%,0.29,0.28,0.30,"62,308,800","18,156,279.00","9,513,327,040.00",,,,,,
31-พ.ค.-2024,0.29,-0.01,-3.33%,0.30,0.28,0.30,"66,727,800","19,449,971.00","9,531,483,319.00",,,,,,
24-พ.ค.-2024,0.30,0.00,0.00%,0.30,0.29,0.31,"59,531,600","17,678,386.00","9,550,933,290.00",,,,,,
17-พ.ค.-2024,0.30,-0.01,-3.23%,0.31,0.29,0.31,"193,805,800","58,145,877.00","9,568,611,676.00",,,,,,
10-พ.ค.-2024,0.31,+0.01,+3.33%,0.30,0.30,0.31,"37,165,700","11,318,424.00","9,626,757,553.00",,,,,,
03-พ.ค.-2024,0.30,0.00,0.00%,0.29,0.29,0.31,"76,250,600","22,736,769.00","9,615,439,129.00",,,,,,
26-เม.ย.-2024,0.30,+0.01,+3.45%,0.29,0.29,0.31,"59,135,800","17,646,278.00","9,592,702,360.00",,,,,,
19-เม.ย.-2024,0.29,-0.01,-3.33%,0.30,0.29,0.31,"72,461,300","21,304,154.00","9,575,056,082.00",,,,,,
12-เม.ย.-2024,0.30,+0.01,+3.45%,0.29,0.29,0.31,"66,267,300","19,890,501.00","9,596,360,236.00",,,,,,
05-เม.ย.-2024,0.29,-0.01,-3.33%,0.30,0.28,0.30,"163,489,900","47,677,989.00","9,576,469,735.00",,,,,,
29-มี.ค.-2024,0.30,-0.01,-3.23%,0.31,0.29,0.31,"145,719,600","43,767,723.00","9,624,147,724.00",,,,,,
22-มี.ค.-2024,0.31,-0.01,-3.13%,0.32,0.30,0.32,"90,971,700","27,979,032.00","9,667,915,447.00",,,,,,
15-มี.ค.-2024,0.32,+0.02,+6.67%,0.30,0.30,0.32,"191,521,900","59,491,312.00","9,695,894,479.00",,,,,,
08-มี.ค.-2024,0.30,-0.05,-14.29%,0.34,0.27,0.35,"520,593,500","158,752,839.00","9,636,403,167.00",,,,,,
01-มี.ค.-2024,0.35,-0.04,-10.26%,0.39,0.33,0.40,"533,649,500","188,686,453.00","9,795,156,006.00",,,,,,
23-ก.พ.-2024,0.39,-0.01,-2.50%,0.41,0.39,0.41,"96,577,500","38,202,082.00","9,983,842,459.00",,,,,,
16-ก.พ.-2024,0.40,-0.02,-4.76%,0.42,0.40,0.43,"79,100,700","32,479,487.00","10,022,044,541.00",,,,,,
09-ก.พ.-2024,0.42,+0.01,+2.44%,0.41,0.41,0.42,"37,598,100","15,585,309.00","10,054,524,028.00",,,,,,
02-ก.พ.-2024,0.41,-0.01,-2.38%,0.41,0.41,0.43,"62,027,800","25,816,376.00","10,038,938,719.00",,,,,,
26-ม.ค.-2024,0.42,+0.01,+2.44%,0.41,0.40,0.43,"142,893,000","59,376,065.00","10,064,755,095.00",,,,,,
19-ม.ค.-2024,0.41,-0.01,-2.38%,0.42,0.41,0.43,"49,943,300","20,814,123.00","10,005,379,030.00",,,,,,
12-ม.ค.-2024,0.42,-0.01,-2.33%,0.44,0.41,0.44,"104,552,900","44,938,328.00","10,026,193,153.00",,,,,,
05-ม.ค.-2024,0.43,+0.02,+4.88%,0.42,0.41,0.44,"98,616,400","42,099,956.00","10,071,131,481.00",,,,,,
29-ธ.ค.-2023,0.41,0.00,0.00%,0.41,0.40,0.42,"56,953,000","23,477,809.00","10,029,031,525.00",,,,,,
22-ธ.ค.-2023,0.41,-0.01,-2.38%,0.42,0.41,0.42,"41,815,000","17,268,706.00","10,052,509,334.00",,,,,,
15-ธ.ค.-2023,0.42,-0.01,-2.33%,0.42,0.40,0.43,"61,273,300","25,461,644.00","10,069,778,040.00",,,,,,
08-ธ.ค.-2023,0.43,0.00,0.00%,0.42,0.41,0.43,"38,846,600","16,343,638.00","10,095,239,684.00",,,,,,
01-ธ.ค.-2023,0.43,+0.01,+2.38%,0.42,0.41,0.44,"78,342,400","33,465,226.00","10,078,896,046.00",,,,,,
24-พ.ย.-2023,0.42,0.00,0.00%,0.43,0.41,0.43,"59,526,700","25,039,442.00","10,045,430,820.00",,,,,,
17-พ.ย.-2023,0.42,0.00,0.00%,0.42,0.41,0.43,"52,743,200","22,127,851.00","10,070,470,262.00",,,,,,
10-พ.ย.-2023,0.42,-0.02,-4.55%,0.45,0.41,0.45,"79,525,500","34,249,553.00","10,092,598,113.00",,,,,,
03-พ.ย.-2023,0.44,+0.01,+2.33%,0.43,0.41,0.45,"54,028,800","23,263,522.00","10,126,847,666.00",,,,,,
27-ต.ค.-2023,0.43,-0.01,-2.27%,0.43,0.41,0.44,"48,348,800","20,551,738.00","10,103,584,144.00",,,,,,
20-ต.ค.-2023,0.44,-0.03,-6.38%,0.46,0.42,0.46,"125,559,300","54,844,680.00","10,124,135,882.00",,,,,,
13-ต.ค.-2023,0.47,+0.01,+2.17%,0.45,0.44,0.47,"63,981,100","29,127,701.00","10,178,980,562.00",,,,,,
06-ต.ค.-2023,0.46,-0.01,-2.13%,0.47,0.45,0.47,"69,662,400","31,981,544.00","10,149,852,861.00",,,,,,
29-ก.ย.-2023,0.47,-0.02,-4.08%,0.48,0.46,0.49,"79,236,300","37,192,510.00","10,181,834,405.00",,,,,,
22-ก.ย.-2023,0.49,0.00,0.00%,0.49,0.47,0.50,"85,579,000","41,460,430.00","10,219,026,915.00",,,,,,
15-ก.ย.-2023,0.49,-0.03,-5.77%,0.53,0.48,0.53,"161,580,000","80,902,873.00","10,260,487,345.00",,,,,,
08-ก.ย.-2023,0.52,+0.01,+1.96%,0.51,0.48,0.53,"206,105,800","104,756,975.00","10,341,390,218.00",,,,,,
01-ก.ย.-2023,0.51,+0.01,+2.00%,0.50,0.49,0.52,"113,178,600","57,415,537.00","10,236,633,243.00",,,,,,
25-ส.ค.-2023,0.50,+0.02,+4.17%,0.48,0.47,0.52,"251,924,700","124,971,143.00","10,179,217,706.00",,,,,,
18-ส.ค.-2023,0.48,-0.02,-4.00%,0.49,0.47,0.50,"149,956,500","72,019,617.00","10,054,246,563.00",,,,,,
11-ส.ค.-2023,0.50,0.00,0.00%,0.50,0.49,0.51,"57,834,400","28,631,481.00","10,126,266,180.00",,,,,,
04-ส.ค.-2023,0.50,0.00,0.00%,0.51,0.49,0.51,"64,345,700","32,212,302.00","10,154,897,661.00",,,,,,
28-ก.ค.-2023,0.50,0.00,0.00%,0.50,0.49,0.51,"80,820,500","40,396,216.00","10,187,109,963.00",,,,,,
21-ก.ค.-2023,0.50,-0.01,-1.96%,0.51,0.50,0.53,"85,433,100","43,479,074.00","10,227,506,179.00",,,,,,
14-ก.ค.-2023,0.51,-0.01,-1.92%,0.52,0.50,0.53,"79,214,300","40,519,594.00","10,270,985,253.00",,,,,,
07-ก.ค.-2023,0.52,0.00,0.00%,0.53,0.51,0.55,"80,445,100","42,792,534.00","10,311,504,847.00",,,,,,
30-มิ.ย.-2023,0.52,-0.01,-1.89%,0.52,0.50,0.53,"147,206,500","76,214,477.00","10,354,297,381.00",,,,,,
23-มิ.ย.-2023,0.53,-0.02,-3.64%,0.56,0.52,0.56,"147,010,900","79,292,032.00","10,430,511,858.00",,,,,,
16-มิ.ย.-2023,0.55,-0.01,-1.79%,0.56,0.55,0.57,"70,705,200","39,511,000.00","10,509,803,890.00",,,,,,
09-มิ.ย.-2023,0.56,-0.02,-3.45%,0.58,0.56,0.58,"80,044,500","45,590,556.00","10,549,314,890.00",,,,,,
02-มิ.ย.-2023,0.58,-0.02,-3.33%,0.60,0.57,0.61,"91,110,400","53,338,117.00","10,594,905,446.00",,,,,,
26-พ.ค.-2023,0.60,+0.03,+5.26%,0.57,0.55,0.62,"160,330,200","93,580,624.00","10,648,243,563.00",,,,,,
19-พ.ค.-2023,0.57,-0.02,-3.39%,0.60,0.57,0.61,"145,544,100","84,774,546.00","10,554,662,939.00",,,,,,
12-พ.ค.-2023,0.59,-0.01,-1.67%,0.60,0.58,0.62,"57,901,700","34,734,044.00","10,639,437,485.00",,,,,,
05-พ.ค.-2023,0.60,0.00,0.00%,0.60,0.57,0.60,"53,939,600","31,514,326.00","10,674,171,529.00",,,,,,
28-เม.ย.-2023,0.60,-0.03,-4.76%,0.64,0.60,0.65,"146,527,000","90,506,072.00","10,705,685,855.00",,,,,,
21-เม.ย.-2023,0.63,-0.04,-5.97%,0.67,0.63,0.68,"170,153,800","110,803,265.00","10,796,191,927.00",,,,,,
14-เม.ย.-2023,0.67,0.00,0.00%,0.67,0.65,0.70,"140,311,200","94,795,975.00","10,906,995,192.00",,,,,,
07-เม.ย.-2023,0.67,+0.01,+1.52%,0.66,0.64,0.69,"518,054,500","348,618,717.00","10,812,199,217.00",,,,,,
31-มี.ค.-2023,0.66,+0.08,+13.79%,0.58,0.58,0.67,"473,707,200","296,860,661.00","10,463,580,500.00",,,,,,
24-มี.ค.-2023,0.58,-0.01,-1.69%,0.58,0.58,0.60,"139,912,600","82,316,271.00","10,166,719,839.00",,,,,,
17-มี.ค.-2023,0.59,-0.01,-1.67%,0.59,0.56,0.60,"281,566,900","163,420,649.00","10,249,036,110.00",,,,,,
10-มี.ค.-2023,0.60,+0.04,+7.14%,0.56,0.54,0.60,"262,545,700","152,010,958.00","10,412,456,759.00",,,,,,
03-มี.ค.-2023,0.56,-0.03,-5.08%,0.59,0.53,0.60,"476,738,500","266,628,895.00","10,260,445,801.00",,,,,,
24-ก.พ.-2023,0.59,-0.01,-1.67%,0.61,0.59,0.62,"150,413,300","91,335,849.00","10,527,074,696.00",,,,,,
17-ก.พ.-2023,0.60,-0.03,-4.76%,0.62,0.59,0.63,"225,244,600","137,547,838.00","10,618,410,545.00",,,,,,
10-ก.พ.-2023,0.63,-0.01,-1.56%,0.64,0.61,0.65,"362,410,100","228,388,974.00","10,755,958,383.00",,,,,,
03-ก.พ.-2023,0.64,0.00,0.00%,0.64,0.63,0.65,"229,628,100","146,826,530.00","10,984,347,357.00",,,,,,
27-ม.ค.-2023,0.64,-0.01,-1.54%,0.65,0.63,0.66,"268,140,900","172,655,077.00","11,131,173,887.00",,,,,,
20-ม.ค.-2023,0.65,-0.03,-4.41%,0.68,0.64,0.68,"225,845,300","148,472,728.00","11,303,828,964.00",,,,,,
13-ม.ค.-2023,0.68,0.00,0.00%,0.69,0.67,0.69,"123,349,800","83,832,481.00","11,452,301,692.00",,,,,,
06-ม.ค.-2023,0.68,+0.02,+3.03%,0.67,0.65,0.70,"392,072,100","266,792,443.00","11,368,469,211.00",,,,,,
30-ธ.ค.-2022,0.66,+0.01,+1.54%,0.65,0.64,0.67,"193,474,400","127,010,512.00","11,101,676,768.00",,,,,,
23-ธ.ค.-2022,0.65,+0.02,+3.17%,0.63,0.63,0.67,"190,978,000","124,549,093.00","10,974,666,256.00",,,,,,
16-ธ.ค.-2022,0.63,-0.04,-5.97%,0.66,0.63,0.68,"195,055,400","126,647,514.00","10,850,117,163.00",,,,,,
09-ธ.ค.-2022,0.67,0.00,0.00%,0.67,0.66,0.68,"36,954,400","24,663,745.00","10,976,764,677.00",,,,,,
02-ธ.ค.-2022,0.67,+0.02,+3.08%,0.65,0.65,0.68,"102,133,400","67,439,713.00","10,952,100,932.00",,,,,,
25-พ.ย.-2022,0.65,-0.01,-1.52%,0.66,0.65,0.67,"133,569,500","87,920,568.00","10,884,661,219.00",,,,,,
18-พ.ย.-2022,0.66,-0.02,-2.94%,0.69,0.66,0.69,"265,093,300","178,676,502.00","10,972,581,787.00",,,,,,
11-พ.ย.-2022,0.68,-0.03,-4.23%,0.71,0.68,0.71,"146,622,200","101,736,819.00","11,151,258,289.00",,,,,,
04-พ.ย.-2022,0.71,+0.01,+1.43%,0.70,0.69,0.71,"135,961,500","95,240,274.00","11,252,995,108.00",,,,,,
28-ต.ค.-2022,0.70,-0.02,-2.78%,0.72,0.69,0.73,"232,124,200","162,809,698.00","11,157,754,834.00",,,,,,
21-ต.ค.-2022,0.72,+0.05,+7.46%,0.68,0.67,0.75,"953,801,500","687,975,040.00","11,320,564,532.00",,,,,,
14-ต.ค.-2022,0.67,-0.02,-2.90%,0.68,0.65,0.69,"173,360,400","115,283,014.00","10,632,589,492.00",,,,,,
07-ต.ค.-2022,0.69,0.00,0.00%,0.70,0.68,0.70,"177,795,900","122,447,133.00","10,747,872,506.00",,,,,,
30-ก.ย.-2022,0.69,-0.04,-5.48%,0.73,0.69,0.74,"318,526,700","227,244,799.00","10,870,319,639.00",,,,,,
23-ก.ย.-2022,0.73,-0.01,-1.35%,0.74,0.73,0.76,"230,860,300","171,594,596.00","11,097,564,438.00",,,,,,
16-ก.ย.-2022,0.74,0.00,0.00%,0.75,0.74,0.77,"188,558,200","142,070,296.00","11,269,159,034.00",,,,,,
09-ก.ย.-2022,0.74,0.00,0.00%,0.74,0.74,0.76,"143,142,400","106,981,928.00","11,411,229,330.00",,,,,,
02-ก.ย.-2022,0.74,-0.02,-2.63%,0.76,0.74,0.77,"222,948,100","168,308,748.00","11,518,211,258.00",,,,,,
26-ส.ค.-2022,0.76,+0.02,+2.70%,0.74,0.72,0.78,"269,195,000","201,429,559.00","11,686,520,006.00",,,,,,
19-ส.ค.-2022,0.74,0.00,0.00%,0.74,0.73,0.75,"217,167,800","160,838,457.00","11,485,090,447.00",,,,,,
12-ส.ค.-2022,0.74,+0.02,+2.78%,0.72,0.72,0.76,"236,908,200","175,604,181.00","11,324,251,990.00",,,,,,
05-ส.ค.-2022,0.72,+0.01,+1.41%,0.71,0.71,0.74,"230,051,300","167,470,076.00","11,148,647,809.00",,,,,,
29-ก.ค.-2022,0.71,-0.01,-1.39%,0.72,0.71,0.73,"51,808,900","37,093,124.00","10,981,177,733.00",,,,,,
22-ก.ค.-2022,0.72,+0.03,+4.35%,0.70,0.69,0.73,"197,717,500","141,012,018.00","11,018,270,857.00",,,,,,
15-ก.ค.-2022,0.69,-0.03,-4.17%,0.73,0.69,0.73,"222,882,500","156,392,923.00","10,877,258,839.00",,,,,,
08-ก.ค.-2022,0.72,-0.02,-2.70%,0.74,0.69,0.75,"645,725,000","464,410,082.00","11,033,651,762.00",,,,,,
01-ก.ค.-2022,0.74,-0.03,-3.90%,0.77,0.73,0.78,"290,915,600","219,293,313.00","11,498,061,844.00",,,,,,
24-มิ.ย.-2022,0.77,0.00,0.00%,0.76,0.73,0.77,"837,730,300","629,957,735.00","11,717,355,157.00",,,,,,
17-มิ.ย.-2022,0.77,-0.06,-7.23%,0.82,0.75,0.83,"624,084,800","493,923,639.00","12,347,312,892.00",,,,,,
10-มิ.ย.-2022,0.83,-0.01,-1.19%,0.84,0.82,0.85,"217,378,300","180,585,874.00","12,841,236,531.00",,,,,,
03-มิ.ย.-2022,0.84,+0.02,+2.44%,0.82,0.82,0.86,"226,447,300","191,232,746.00","13,021,822,405.00",,,,,,
27-พ.ค.-2022,0.82,-0.01,-1.20%,0.82,0.81,0.83,"97,615,600","80,356,900.00","12,830,589,659.00",,,,,,
20-พ.ค.-2022,0.83,+0.02,+2.47%,0.82,0.81,0.85,"290,316,800","240,466,717.00","12,910,946,559.00",,,,,,
13-พ.ค.-2022,0.81,-0.04,-4.71%,0.85,0.78,0.86,"752,394,400","619,705,197.00","12,670,479,842.00",,,,,,
06-พ.ค.-2022,0.85,-0.02,-2.30%,0.88,0.85,0.88,"198,436,400","170,785,171.00","13,290,185,039.00",,,,,,
29-เม.ย.-2022,0.87,-0.01,-1.14%,0.89,0.87,0.89,"376,745,800","331,470,586.00","13,460,970,210.00",,,,,,
22-เม.ย.-2022,0.88,+0.01,+1.15%,0.88,0.86,0.89,"835,215,400","732,785,667.00","13,792,440,796.00",,,,,,
15-เม.ย.-2022,0.87,-0.01,-1.14%,0.88,0.86,0.89,"367,428,100","320,499,405.00","13,059,655,129.00",,,,,,
08-เม.ย.-2022,0.88,0.00,0.00%,0.89,0.88,0.89,"199,500,200","176,537,263.00","13,380,154,534.00",,,,,,
01-เม.ย.-2022,0.88,-0.01,-1.12%,0.88,0.88,0.90,"480,948,400","427,893,727.00","13,556,691,797.00",,,,,,
25-มี.ค.-2022,0.89,-0.01,-1.11%,0.89,0.88,0.90,"492,273,800","438,776,593.00","13,984,585,524.00",,,,,,
18-มี.ค.-2022,0.90,0.00,0.00%,0.91,0.88,0.91,"504,284,600","450,894,558.00","14,423,362,117.00",,,,,,
11-มี.ค.-2022,0.90,-0.03,-3.23%,0.92,0.86,0.93,"969,037,700","867,304,822.00","14,874,256,675.00",,,,,,
04-มี.ค.-2022,0.93,0.00,0.00%,0.93,0.91,0.94,"587,035,800","544,486,363.00","15,741,561,497.00",,,,,,
25-ก.พ.-2022,0.93,0.00,0.00%,0.93,0.91,0.94,"751,617,700","697,025,307.00","16,286,047,860.00",,,,,,
18-ก.พ.-2022,0.93,-0.01,-1.06%,0.93,0.93,0.94,"267,989,300","249,702,251.00","16,983,073,167.00",,,,,,
11-ก.พ.-2022,0.94,0.00,0.00%,0.94,0.93,0.95,"1,092,753,800","1,027,226,270.00","17,232,775,418.00",,,,,,
04-ก.พ.-2022,0.94,0.00,0.00%,0.94,0.93,0.96,"909,454,200","860,110,706.00","18,260,001,688.00",,,,,,
28-ม.ค.-2022,0.94,0.00,0.00%,0.94,0.92,0.95,"628,845,900","587,107,186.00","19,120,112,394.00",,,,,,
21-ม.ค.-2022,0.94,0.00,0.00%,0.95,0.93,0.96,"824,498,700","777,882,275.00","19,707,219,580.00",,,,,,
14-ม.ค.-2022,0.94,-0.02,-2.08%,0.95,0.94,0.96,"766,584,200","727,282,081.00","20,485,101,855.00",,,,,,
07-ม.ค.-2022,0.96,+0.01,+1.05%,0.95,0.93,0.98,"1,865,642,700","1,785,787,503.00","21,212,383,936.00",,,,,,
31-ธ.ค.-2021,0.95,+0.02,+2.15%,0.94,0.93,0.95,"488,529,400","459,090,130.00","19,426,596,433.00",,,,,,
24-ธ.ค.-2021,0.93,-0.01,-1.06%,0.94,0.93,0.95,"356,652,500","334,996,645.00","18,967,506,303.00",,,,,,
17-ธ.ค.-2021,0.94,-0.01,-1.05%,0.95,0.93,0.95,"840,834,500","788,782,070.00","19,302,502,948.00",,,,,,
10-ธ.ค.-2021,0.95,0.00,0.00%,0.95,0.94,0.96,"301,920,300","286,628,193.00","20,091,285,018.00",,,,,,
03-ธ.ค.-2021,0.95,+0.01,+1.06%,0.94,0.93,0.96,"793,921,400","747,497,973.00","19,804,656,825.00",,,,,,
26-พ.ย.-2021,0.94,-0.01,-1.05%,0.95,0.94,0.98,"1,452,874,700","1,394,805,085.00","19,057,158,852.00",,,,,,
19-พ.ย.-2021,0.95,-0.01,-1.04%,0.96,0.93,0.96,"1,078,661,700","1,020,611,635.00","20,451,963,937.00",,,,,,
12-พ.ย.-2021,0.96,+0.02,+2.13%,0.95,0.94,0.96,"380,623,900","360,771,744.00","21,472,575,572.00",,,,,,
05-พ.ย.-2021,0.94,-0.03,-3.09%,0.97,0.94,0.98,"693,476,600","660,596,300.00","21,111,803,828.00",,,,,,
29-ต.ค.-2021,0.97,+0.03,+3.19%,0.95,0.94,0.99,"1,080,513,000","1,045,712,200.00","21,772,400,128.00",,,,,,
22-ต.ค.-2021,0.94,0.00,0.00%,0.95,0.94,0.96,"289,052,000","273,901,567.00","20,726,687,928.00",,,,,,
15-ต.ค.-2021,0.94,0.00,0.00%,0.95,0.94,0.95,"259,742,700","245,660,243.00","20,452,786,361.00",,,,,,
08-ต.ค.-2021,0.94,+0.01,+1.08%,0.93,0.93,0.96,"507,027,900","479,524,482.00","20,207,126,118.00",,,,,,
01-ต.ค.-2021,0.93,-0.03,-3.12%,0.95,0.92,0.96,"1,089,692,700","1,024,142,921.00","19,727,601,636.00",,,,,,
24-ก.ย.-2021,0.96,0.00,0.00%,0.96,0.94,0.98,"907,227,000","870,936,107.00","20,751,744,557.00",,,,,,
17-ก.ย.-2021,0.96,-0.03,-3.03%,0.99,0.95,1.00,"1,592,864,900","1,557,245,860.00","21,622,680,664.00",,,,,,
10-ก.ย.-2021,0.99,-0.03,-2.94%,1.03,0.97,1.06,"4,144,308,000","4,211,340,242.00","23,179,926,524.00",,,,,,
03-ก.ย.-2021,1.02,+0.06,+6.25%,0.96,0.96,1.03,"2,502,428,900","2,491,662,954.00","27,391,266,766.00",,,,,,
27-ส.ค.-2021,0.96,+0.01,+1.05%,0.96,0.95,0.98,"901,666,600","869,014,958.00","24,899,603,812.00",,,,,,
20-ส.ค.-2021,0.95,+0.02,+2.15%,0.93,0.91,0.96,"585,772,900","548,268,269.00","24,030,588,854.00",,,,,,
13-ส.ค.-2021,0.93,+0.02,+2.20%,0.91,0.91,0.97,"1,482,288,500","1,403,107,351.00","23,482,320,585.00",,,,,,
06-ส.ค.-2021,0.91,0.00,0.00%,0.91,0.91,0.93,"357,534,400","328,125,013.00","22,079,213,234.00",,,,,,
30-ก.ค.-2021,0.91,0.00,0.00%,0.92,0.91,0.93,"379,145,900","347,742,568.00","22,407,338,247.00",,,,,,
23-ก.ค.-2021,0.91,-0.02,-2.15%,0.92,0.91,0.95,"955,161,900","881,977,122.00","22,755,080,815.00",,,,,,
16-ก.ค.-2021,0.93,+0.02,+2.20%,0.91,0.90,0.94,"488,711,500","448,450,512.00","23,637,057,937.00",,,,,,
09-ก.ค.-2021,0.91,-0.02,-2.15%,0.93,0.88,0.96,"1,293,691,700","1,180,946,574.00","23,188,607,425.00",,,,,,
02-ก.ค.-2021,0.93,0.00,0.00%,0.93,0.92,0.95,"688,188,500","641,221,482.00","24,369,553,999.00",,,,,,
25-มิ.ย.-2021,0.93,-0.02,-2.11%,0.95,0.92,0.96,"1,290,802,200","1,216,595,354.00","25,010,775,481.00",,,,,,
18-มิ.ย.-2021,0.95,-0.01,-1.04%,0.96,0.95,0.97,"1,199,877,700","1,152,907,262.00","26,227,370,835.00",,,,,,
11-มิ.ย.-2021,0.96,-0.06,-5.88%,1.03,0.95,1.05,"4,930,925,900","4,902,108,274.00","27,380,278,097.00",,,,,,
04-มิ.ย.-2021,1.02,+0.06,+6.25%,0.97,0.96,1.06,"3,346,222,900","3,445,495,081.00","32,282,386,371.00",,,,,,
28-พ.ค.-2021,0.96,0.00,0.00%,0.95,0.94,0.98,"318,001,900","305,282,931.00","28,836,891,290.00",,,,,,
21-พ.ค.-2021,0.96,0.00,0.00%,0.95,0.94,0.99,"766,848,300","740,716,785.00","28,531,608,359.00",,,,,,
14-พ.ค.-2021,0.96,+0.01,+1.05%,0.95,0.93,1.01,"1,684,676,700","1,652,218,813.00","27,790,891,574.00",,,,,,
07-พ.ค.-2021,0.95,0.00,0.00%,0.96,0.93,0.97,"495,027,400","472,141,067.00","26,138,672,761.00",,,,,,
30-เม.ย.-2021,0.95,+0.01,+1.06%,0.93,0.93,0.97,"649,877,900","619,052,095.00","25,666,531,694.00",,,,,,
23-เม.ย.-2021,0.94,+0.01,+1.08%,0.94,0.93,0.98,"512,529,000","490,642,518.00","25,047,479,599.00",,,,,,
16-เม.ย.-2021,0.93,-0.02,-2.11%,0.95,0.91,0.95,"266,673,200","248,521,718.00","24,556,837,081.00",,,,,,
09-เม.ย.-2021,0.95,-0.05,-5.00%,1.01,0.94,1.01,"925,361,900","895,356,202.00","24,805,358,799.00",,,,,,
02-เม.ย.-2021,1.00,0.00,0.00%,1.01,1.00,1.03,"817,434,800","829,486,511.00","25,700,715,001.00",,,,,,
26-มี.ค.-2021,1.00,+0.03,+3.09%,0.97,0.95,1.02,"1,585,126,900","1,592,803,215.00","24,871,228,490.00",,,,,,
19-มี.ค.-2021,0.97,+0.01,+1.04%,0.96,0.94,0.98,"864,576,200","829,264,297.00","23,278,425,275.00",,,,,,
12-มี.ค.-2021,0.96,+0.02,+2.13%,0.96,0.92,0.97,"978,170,000","923,956,061.00","22,449,160,978.00",,,,,,
05-มี.ค.-2021,0.94,+0.01,+1.08%,0.91,0.88,0.96,"1,382,696,800","1,273,661,775.00","21,525,204,917.00",,,,,,
26-ก.พ.-2021,0.93,-0.04,-4.12%,0.97,0.92,0.98,"784,113,700","738,607,855.00","20,251,543,142.00",,,,,,
19-ก.พ.-2021,0.97,-0.02,-2.02%,0.99,0.97,1.01,"929,358,400","917,227,217.00","20,990,150,997.00",,,,,,
12-ก.พ.-2021,0.99,0.00,0.00%,0.99,0.98,1.01,"768,313,100","765,423,391.00","21,907,378,214.00",,,,,,
05-ก.พ.-2021,0.99,+0.01,+1.02%,0.99,0.97,1.01,"1,239,234,400","1,227,370,668.00","21,141,954,823.00",,,,,,
29-ม.ค.-2021,0.98,-0.06,-5.77%,1.04,0.97,1.04,"1,402,151,000","1,415,177,892.00","19,914,584,155.00",,,,,,
22-ม.ค.-2021,1.04,+0.01,+0.97%,1.02,1.01,1.05,"1,339,016,400","1,382,486,441.00","21,329,762,047.00",,,,,,
15-ม.ค.-2021,1.03,-0.02,-1.90%,1.06,1.01,1.08,"2,787,879,400","2,942,075,104.00","19,947,275,606.00",,,,,,
08-ม.ค.-2021,1.05,+0.09,+9.38%,0.95,0.95,1.08,"4,601,579,100","4,758,637,853.00","22,889,350,710.00",,,,,,
01-ม.ค.-2021,0.96,0.00,0.00%,0.97,0.96,1.00,"1,132,645,100","1,110,925,614.00","18,130,712,857.00",,,,,,
25-ธ.ค.-2020,0.96,-0.05,-4.95%,0.97,0.91,0.99,"2,711,524,200","2,566,030,045.00","19,241,638,471.00",,,,,,
18-ธ.ค.-2020,1.01,+0.04,+4.12%,0.97,0.96,1.04,"3,701,462,500","3,738,103,990.00","21,807,668,516.00",,,,,,
11-ธ.ค.-2020,0.97,+0.06,+6.59%,0.93,0.92,1.00,"2,231,785,500","2,163,172,834.00","18,069,564,526.00",,,,,,
04-ธ.ค.-2020,0.91,-0.02,-2.15%,0.93,0.91,0.94,"846,778,600","779,862,428.00","15,906,391,692.00",,,,,,
27-พ.ย.-2020,0.93,+0.04,+4.49%,0.90,0.89,0.96,"2,736,384,800","2,550,121,977.00","16,686,254,120.00",,,,,,
20-พ.ย.-2020,0.89,-0.02,-2.20%,0.91,0.87,0.92,"830,786,600","742,540,394.00","14,136,132,143.00",,,,,,
13-พ.ย.-2020,0.91,+0.04,+4.60%,0.88,0.87,0.92,"1,820,646,800","1,640,437,796.00","14,878,672,537.00",,,,,,
06-พ.ย.-2020,0.87,+0.04,+4.82%,0.83,0.82,0.89,"1,991,976,000","1,713,954,737.00","13,238,234,741.00",,,,,,
30-ต.ค.-2020,0.83,0.00,0.00%,0.83,0.81,0.84,"708,808,700","584,121,774.00","11,524,280,004.00",,,,,,
23-ต.ค.-2020,0.83,-0.04,-4.60%,0.86,0.83,0.86,"1,065,665,700","897,463,680.00","12,108,401,778.00",,,,,,
16-ต.ค.-2020,0.87,-0.02,-2.25%,0.90,0.85,0.94,"2,177,757,700","1,961,392,842.00","13,005,865,458.00",,,,,,
09-ต.ค.-2020,0.89,+0.05,+5.95%,0.85,0.82,0.93,"2,316,184,100","2,045,021,977.00","14,967,258,300.00",,,,,,
02-ต.ค.-2020,0.84,-0.03,-3.45%,0.88,0.81,0.88,"946,667,100","798,196,654.00","12,922,236,323.00",,,,,,
25-ก.ย.-2020,0.87,-0.01,-1.14%,0.89,0.85,0.90,"1,419,771,900","1,247,376,844.00","13,720,432,977.00",,,,,,
18-ก.ย.-2020,0.88,+0.04,+4.76%,0.85,0.83,0.91,"2,875,304,500","2,504,088,825.00","14,967,809,821.00",,,,,,
11-ก.ย.-2020,0.84,+0.02,+2.44%,0.81,0.74,0.90,"2,765,390,000","2,331,974,947.00","12,463,720,996.00",,,,,,
04-ก.ย.-2020,0.82,-0.02,-2.38%,0.84,0.80,0.85,"498,212,500","408,715,415.00","10,131,746,049.00",,,,,,
28-ส.ค.-2020,0.84,+0.02,+2.44%,0.82,0.82,0.87,"1,108,348,700","932,457,465.00","10,540,461,464.00",,,,,,
21-ส.ค.-2020,0.82,-0.07,-7.87%,0.89,0.80,0.91,"1,509,033,800","1,277,680,767.00","9,608,003,999.00",,,,,,
14-ส.ค.-2020,0.89,-0.03,-3.26%,0.92,0.89,0.94,"826,758,600","755,411,810.00","10,885,684,766.00",,,,,,
07-ส.ค.-2020,0.92,+0.03,+3.37%,0.89,0.89,0.97,"2,054,707,800","1,901,839,032.00","11,641,096,576.00",,,,,,
31-ก.ค.-2020,0.89,-0.08,-8.25%,0.97,0.85,0.98,"1,834,445,700","1,662,584,045.00","9,739,257,544.00",,,,,,
24-ก.ค.-2020,0.97,-0.03,-3.00%,1.01,0.96,1.02,"1,945,441,200","1,922,816,173.00","11,401,841,589.00",,,,,,
17-ก.ค.-2020,1.00,0.00,0.00%,1.01,0.96,1.02,"2,832,183,600","2,780,066,107.00","13,324,657,762.00",,,,,,
10-ก.ค.-2020,1.00,-0.04,-3.85%,1.06,0.97,1.06,"4,560,072,600","4,570,965,534.00","16,104,723,869.00",,,,,,
03-ก.ค.-2020,1.04,+0.10,+10.64%,0.94,0.92,1.05,"5,294,283,700","5,205,285,146.00","20,675,689,403.00",,,,,,
26-มิ.ย.-2020,0.94,-0.03,-3.09%,0.97,0.92,1.02,"5,071,561,000","4,928,253,954.00","15,470,404,257.00",,,,,,
19-มิ.ย.-2020,0.97,-0.08,-7.62%,1.06,0.88,1.10,"13,831,950,900","13,828,814,764.00","20,398,658,211.00",,,,,,
12-มิ.ย.-2020,1.05,+0.17,+19.32%,0.89,0.84,1.10,"12,285,168,600","11,966,143,760.00","34,227,472,975.00",,,,,,
05-มิ.ย.-2020,0.88,+0.07,+8.64%,0.83,0.82,0.93,"6,088,776,400","5,414,071,716.00","22,261,329,215.00",,,,,,
29-พ.ค.-2020,0.81,+0.15,+22.73%,0.69,0.68,0.81,"5,412,169,200","4,096,760,503.00","16,847,257,499.00",,,,,,
22-พ.ค.-2020,0.66,+0.02,+3.13%,0.64,0.61,0.67,"1,599,483,500","1,027,872,909.00","12,750,496,996.00",,,,,,
15-พ.ค.-2020,0.64,+0.03,+4.92%,0.61,0.61,0.67,"1,482,858,500","950,057,387.00","11,722,624,087.00",,,,,,
08-พ.ค.-2020,0.61,+0.03,+5.17%,0.57,0.56,0.64,"1,395,588,800","853,886,639.00","10,772,566,700.00",,,,,,
01-พ.ค.-2020,0.58,+0.07,+13.73%,0.51,0.50,0.61,"1,531,898,300","870,392,518.00","9,918,680,061.00",,,,,,
24-เม.ย.-2020,0.51,+0.06,+13.33%,0.46,0.45,0.53,"620,096,900","302,944,650.00","9,048,287,543.00",,,,,,
17-เม.ย.-2020,0.45,0.00,0.00%,0.46,0.44,0.50,"711,076,600","333,506,120.00","8,745,342,893.00",,,,,,
10-เม.ย.-2020,0.45,+0.10,+28.57%,0.37,0.36,0.49,"818,938,500","355,296,308.00","8,411,836,773.00",,,,,,
03-เม.ย.-2020,0.35,+0.02,+6.06%,0.33,0.32,0.36,"278,458,100","94,750,680.00","8,056,540,465.00",,,,,,
27-มี.ค.-2020,0.33,-0.01,-2.94%,0.32,0.30,0.35,"479,753,700","154,688,164.00","7,961,789,785.00",,,,,,
20-มี.ค.-2020,0.34,-0.02,-5.56%,0.33,0.31,0.35,"468,774,500","154,578,488.00","8,116,477,949.00",,,,,,
13-มี.ค.-2020,0.36,-0.04,-10.00%,0.40,0.28,0.42,"876,869,700","321,178,926.00","8,271,056,437.00",,,,,,
06-มี.ค.-2020,0.40,+0.01,+2.56%,0.39,0.35,0.42,"509,958,600","196,673,830.00","8,592,235,363.00",,,,,,
28-ก.พ.-2020,0.39,-0.11,-22.00%,0.50,0.38,0.50,"866,352,500","370,674,010.00","8,395,561,533.00",,,,,,
21-ก.พ.-2020,0.50,-0.01,-1.96%,0.52,0.49,0.53,"226,711,900","114,984,006.00","8,766,235,543.00",,,,,,
14-ก.พ.-2020,0.51,-0.01,-1.92%,0.51,0.51,0.54,"372,387,500","195,352,585.00","8,881,219,549.00",,,,,,
07-ก.พ.-2020,0.52,+0.01,+1.96%,0.50,0.48,0.52,"387,917,200","193,978,623.00","9,076,572,134.00",,,,,,
31-ม.ค.-2020,0.51,-0.02,-3.77%,0.52,0.50,0.53,"217,235,000","111,044,477.00","8,882,593,511.00",,,,,,
24-ม.ค.-2020,0.53,-0.01,-1.85%,0.54,0.51,0.55,"342,385,800","181,416,887.00","8,993,637,988.00",,,,,,
17-ม.ค.-2020,0.54,-0.01,-1.82%,0.55,0.53,0.56,"177,344,500","96,373,824.00","9,175,054,875.00",,,,,,
10-ม.ค.-2020,0.55,0.00,0.00%,0.54,0.53,0.56,"231,704,300","125,782,242.00","9,271,428,699.00",,,,,,
03-ม.ค.-2020,0.55,+0.01,+1.85%,0.55,0.54,0.57,"251,505,600","139,033,230.00","9,145,646,457.00",,,,,,
27-ธ.ค.-2019,0.54,+0.01,+1.89%,0.53,0.52,0.55,"183,856,500","98,837,300.00","9,006,613,227.00",,,,,,
20-ธ.ค.-2019,0.53,-0.02,-3.64%,0.55,0.52,0.55,"236,592,200","126,531,350.00","8,907,775,927.00",,,,,,
13-ธ.ค.-2019,0.55,0.00,0.00%,0.55,0.53,0.56,"118,261,500","64,702,470.00","9,034,307,277.00",,,,,,
06-ธ.ค.-2019,0.55,-0.01,-1.79%,0.56,0.54,0.56,"125,277,600","68,959,890.00","9,099,009,747.00",,,,,,
29-พ.ย.-2019,0.56,-0.01,-1.75%,0.58,0.54,0.59,"235,881,700","133,516,910.00","9,167,969,637.00",,,,,,
22-พ.ย.-2019,0.57,+0.01,+1.79%,0.57,0.55,0.58,"232,100,700","131,365,550.00","9,301,486,547.00",,,,,,
15-พ.ย.-2019,0.56,-0.04,-6.67%,0.60,0.53,0.63,"894,274,300","523,902,230.00","9,170,120,997.00",,,,,,
08-พ.ย.-2019,0.60,+0.01,+1.69%,0.60,0.57,0.61,"392,022,500","231,501,010.00","9,694,023,227.00",,,,,,
01-พ.ย.-2019,0.59,-0.01,-1.67%,0.60,0.58,0.61,"162,631,100","96,850,760.00","9,462,522,217.00",,,,,,
25-ต.ค.-2019,0.60,-0.01,-1.64%,0.62,0.59,0.63,"138,437,500","84,320,070.00","9,559,372,977.00",,,,,,
18-ต.ค.-2019,0.61,0.00,0.00%,0.62,0.61,0.65,"260,615,700","163,433,160.00","9,643,693,047.00",,,,,,
11-ต.ค.-2019,0.61,+0.01,+1.67%,0.60,0.59,0.63,"247,850,100","150,725,860.00","9,480,259,887.00",,,,,,
04-ต.ค.-2019,0.60,-0.03,-4.76%,0.64,0.58,0.64,"466,292,900","282,352,150.00","9,329,534,027.00",,,,,,
27-ก.ย.-2019,0.63,-0.02,-3.08%,0.65,0.62,0.66,"308,325,400","195,619,830.00","9,611,886,177.00",,,,,,
20-ก.ย.-2019,0.65,-0.06,-8.45%,0.71,0.64,0.71,"690,204,100","464,674,370.00","9,807,506,007.00",,,,,,
13-ก.ย.-2019,0.71,+0.05,+7.58%,0.66,0.64,0.72,"788,125,300","534,523,310.00","10,272,180,377.00",,,,,,
06-ก.ย.-2019,0.66,+0.02,+3.13%,0.64,0.63,0.67,"346,045,200","226,210,980.00","9,737,657,067.00",,,,,,
30-ส.ค.-2019,0.64,-0.02,-3.03%,0.63,0.62,0.65,"310,699,100","197,464,100.00","9,511,446,087.00",,,,,,
23-ส.ค.-2019,0.66,+0.05,+8.20%,0.61,0.61,0.66,"348,024,100","222,591,400.00","9,708,910,187.00",,,,,,
16-ส.ค.-2019,0.61,-0.05,-7.58%,0.65,0.57,0.66,"595,735,200","364,299,540.00","9,486,318,787.00",,,,,,
09-ส.ค.-2019,0.66,-0.02,-2.94%,0.68,0.64,0.69,"504,648,700","333,471,310.00","9,850,618,327.00",,,,,,
02-ส.ค.-2019,0.68,-0.02,-2.86%,0.70,0.66,0.71,"586,300,800","399,700,690.00","10,184,089,637.00",,,,,,
26-ก.ค.-2019,0.70,-0.06,-7.89%,0.77,0.69,0.79,"1,559,394,400","1,166,844,750.00","10,583,790,327.00",,,,,,
19-ก.ค.-2019,0.76,+0.01,+1.33%,0.76,0.73,0.80,"1,662,368,600","1,276,359,410.00","11,750,635,077.00",,,,,,
12-ก.ค.-2019,0.75,+0.05,+7.14%,0.70,0.69,0.75,"876,300,300","629,432,230.00","10,474,275,667.00",,,,,,
05-ก.ค.-2019,0.70,+0.01,+1.45%,0.71,0.68,0.72,"544,259,000","382,702,510.00","9,844,843,437.00",,,,,,
28-มิ.ย.-2019,0.69,-0.03,-4.17%,0.73,0.68,0.74,"1,335,020,700","948,360,240.00","9,462,140,927.00",,,,,,
21-มิ.ย.-2019,0.72,+0.06,+9.09%,0.66,0.66,0.73,"1,167,489,900","810,632,560.00","10,410,501,167.00",,,,,,
14-มิ.ย.-2019,0.66,0.00,0.00%,0.66,0.65,0.67,"351,663,200","232,152,600.00","9,599,868,607.00",,,,,,
07-มิ.ย.-2019,0.66,+0.03,+4.76%,0.64,0.64,0.67,"251,236,100","164,215,061.00","9,367,716,007.00",,,,,,
31-พ.ค.-2019,0.63,+0.01,+1.61%,0.62,0.61,0.65,"268,873,600","171,463,839.00","9,203,500,946.00",,,,,,
24-พ.ค.-2019,0.62,+0.01,+1.64%,0.61,0.60,0.65,"268,571,400","167,335,674.00","9,032,037,107.00",,,,,,
17-พ.ค.-2019,0.61,-0.07,-10.29%,0.68,0.60,0.69,"490,729,300","313,951,445.00","8,864,701,433.00",,,,,,
10-พ.ค.-2019,0.68,+0.01,+1.49%,0.67,0.66,0.70,"633,502,200","429,001,877.00","9,178,652,878.00",,,,,,
03-พ.ค.-2019,0.67,+0.05,+8.06%,0.63,0.62,0.67,"410,889,200","265,874,038.00","8,749,651,001.00",,,,,,
26-เม.ย.-2019,0.62,-0.02,-3.13%,0.64,0.62,0.65,"223,998,100","141,439,194.00","8,483,776,963.00",,,,,,
19-เม.ย.-2019,0.64,+0.01,+1.59%,0.64,0.63,0.65,"167,089,200","107,050,066.00","8,625,216,157.00",,,,,,
12-เม.ย.-2019,0.63,+0.01,+1.61%,0.62,0.61,0.64,"123,265,400","77,520,775.00","8,518,166,091.00",,,,,,
05-เม.ย.-2019,0.62,0.00,0.00%,0.63,0.61,0.63,"124,617,300","77,303,397.00","8,440,645,316.00",,,,,,
29-มี.ค.-2019,0.62,-0.02,-3.13%,0.63,0.61,0.64,"247,550,600","155,134,889.00","8,517,948,713.00",,,,,,
22-มี.ค.-2019,0.64,+0.01,+1.59%,0.63,0.63,0.65,"457,709,300","292,852,198.00","8,673,083,602.00",,,,,,
15-มี.ค.-2019,0.63,+0.04,+6.78%,0.59,0.58,0.67,"1,317,151,500","847,229,843.00","8,380,231,404.00",,,,,,
08-มี.ค.-2019,0.59,+0.01,+1.72%,0.59,0.58,0.61,"306,394,200","181,354,964.00","7,533,001,561.00",,,,,,
01-มี.ค.-2019,0.58,0.00,0.00%,0.58,0.57,0.61,"403,983,800","240,348,058.00","7,351,646,597.00",,,,,,
22-ก.พ.-2019,0.58,0.00,0.00%,0.59,0.57,0.59,"113,329,700","65,688,093.00","7,591,994,655.00",,,,,,
15-ก.พ.-2019,0.58,0.00,0.00%,0.58,0.57,0.59,"155,593,200","90,016,519.00","7,657,682,748.00",,,,,,
08-ก.พ.-2019,0.58,-0.01,-1.69%,0.59,0.57,0.61,"286,946,000","168,731,736.00","7,747,699,267.00",,,,,,
01-ก.พ.-2019,0.59,0.00,0.00%,0.60,0.57,0.62,"804,287,400","479,569,006.00","7,916,431,003.00",,,,,,
25-ม.ค.-2019,0.59,+0.05,+9.26%,0.54,0.53,0.60,"651,993,200","370,160,871.00","7,436,861,997.00",,,,,,
18-ม.ค.-2019,0.54,0.00,0.00%,0.53,0.52,0.55,"250,399,000","133,116,700.00","7,066,701,126.00",,,,,,
11-ม.ค.-2019,0.54,+0.01,+1.89%,0.54,0.53,0.56,"419,102,000","227,243,899.00","6,933,584,426.00",,,,,,
04-ม.ค.-2019,0.53,0.00,0.00%,0.53,0.52,0.54,"169,714,000","89,765,586.00","6,706,340,527.00",,,,,,
28-ธ.ค.-2018,0.53,0.00,0.00%,0.53,0.51,0.56,"566,402,700","300,827,305.00","6,796,106,113.00",,,,,,
21-ธ.ค.-2018,0.53,-0.02,-3.64%,0.56,0.52,0.56,"438,711,600","233,877,655.00","7,096,933,418.00",,,,,,
14-ธ.ค.-2018,0.55,-0.01,-1.79%,0.56,0.55,0.59,"411,721,000","232,225,412.00","7,330,811,073.00",,,,,,
07-ธ.ค.-2018,0.56,0.00,0.00%,0.57,0.55,0.60,"532,915,200","304,298,608.00","7,563,036,485.00",,,,,,
30-พ.ย.-2018,0.56,-0.04,-6.67%,0.61,0.55,0.61,"789,794,600","455,031,046.00","7,867,335,093.00",,,,,,
23-พ.ย.-2018,0.60,-0.01,-1.64%,0.59,0.54,0.63,"1,160,559,500","680,799,883.00","8,322,366,139.00",,,,,,
16-พ.ย.-2018,0.61,-0.09,-12.86%,0.71,0.60,0.71,"841,378,400","549,603,344.00","9,003,166,022.00",,,,,,
09-พ.ย.-2018,0.70,-0.02,-2.78%,0.72,0.70,0.73,"310,956,300","221,054,521.00","9,552,769,366.00",,,,,,
02-พ.ย.-2018,0.72,+0.03,+4.35%,0.69,0.67,0.73,"894,561,200","626,645,590.00","9,773,823,887.00",,,,,,
26-ต.ค.-2018,0.69,-0.04,-5.48%,0.73,0.64,0.74,"931,172,400","643,090,991.00","9,147,178,297.00",,,,,,
19-ต.ค.-2018,0.73,-0.06,-7.59%,0.79,0.73,0.80,"747,577,000","570,976,712.00","9,790,269,288.00",,,,,,
12-ต.ค.-2018,0.79,-0.05,-5.95%,0.84,0.77,0.86,"1,277,764,200","1,030,030,794.00","10,361,246,000.00",,,,,,
05-ต.ค.-2018,0.84,0.00,0.00%,0.85,0.83,0.90,"2,411,920,800","2,083,158,212.00","11,391,276,794.00",,,,,,
28-ก.ย.-2018,0.84,+0.01,+1.20%,0.83,0.83,0.90,"3,213,849,900","2,775,918,448.00","9,308,118,582.00",,,,,,
21-ก.ย.-2018,0.83,+0.09,+12.16%,0.73,0.73,0.88,"4,289,206,200","3,548,579,722.00","6,532,200,134.00",,,,,,
14-ก.ย.-2018,0.74,-0.01,-1.33%,0.75,0.73,0.76,"615,167,000","455,028,977.00","2,983,620,412.00",,,,,,
07-ก.ย.-2018,0.75,0.00,0.00%,0.75,0.72,0.75,"543,422,900","401,160,939.00","3,438,649,389.00",,,,,,
31-ส.ค.-2018,0.75,+0.02,+2.74%,0.73,0.73,0.76,"510,633,500","380,154,705.00","3,037,488,450.00",,,,,,
24-ส.ค.-2018,0.73,-0.02,-2.67%,0.76,0.72,0.76,"853,480,600","631,631,523.00","2,657,333,745.00",,,,,,
17-ส.ค.-2018,0.75,0.00,0.00%,0.74,0.73,0.79,"1,107,829,500","842,707,003.00","3,288,965,268.00",,,,,,
10-ส.ค.-2018,0.75,+0.02,+2.74%,0.74,0.72,0.76,"692,529,400","513,727,322.00","2,446,258,265.00",,,,,,
03-ส.ค.-2018,0.73,-0.02,-2.67%,0.75,0.73,0.76,"322,574,400","239,132,265.00","1,932,530,943.00",,,,,,
27-ก.ค.-2018,0.75,-0.02,-2.60%,0.78,0.72,0.79,"1,210,379,400","911,812,239.00","2,171,663,208.00",,,,,,
20-ก.ค.-2018,0.77,+0.05,+6.94%,0.72,0.72,0.79,"1,583,166,700","1,185,363,445.00","3,083,475,447.00",,,,,,
13-ก.ค.-2018,0.72,+0.04,+5.88%,0.70,0.68,0.75,"1,745,656,000","1,246,271,906.00","1,898,112,002.00",,,,,,
06-ก.ค.-2018,0.68,+0.05,+7.94%,0.65,0.64,0.88,"5,632,229,500","4,225,881,538.00","651,840,096.00",,,,,,
29-มิ.ย.-2018,0.63,-0.11,-14.86%,0.75,0.61,0.79,"3,111,263,200","2,120,515,017.00","-3,574,041,442.00",,,,,,
22-มิ.ย.-2018,0.74,-0.27,-26.73%,1.01,0.67,1.01,"2,137,471,400","1,815,246,027.00","-1,453,526,425.00",,,,,,
15-มิ.ย.-2018,1.01,-0.05,-4.72%,1.06,1.01,1.08,"1,015,661,700","1,056,993,626.00","361,719,602.00",,,,,,
08-มิ.ย.-2018,1.06,+0.02,+1.92%,1.11,0.81,1.15,"6,814,597,600","7,191,747,521.00","1,418,713,228.00",,,,,,
01-มิ.ย.-2018,1.04,-0.31,-22.96%,1.37,1.04,1.52,"5,927,863,100","7,523,616,603.00","-5,773,034,293.00",,,,,,
25-พ.ค.-2018,1.35,+0.20,+17.39%,1.16,1.13,1.35,"2,140,590,300","2,702,176,529.00","1,750,582,310.00",,,,,,
18-พ.ค.-2018,1.15,-0.01,-0.86%,1.17,1.14,1.19,"636,615,300","741,327,266.00","-951,594,219.00",,,,,,
11-พ.ค.-2018,1.16,-0.05,-4.13%,1.21,1.16,1.24,"1,118,425,700","1,331,636,486.00","-210,266,953.00",,,,,,
04-พ.ค.-2018,1.21,+0.14,+13.08%,1.08,1.07,1.26,"1,690,496,500","2,031,669,357.00","1,121,369,533.00",,,,,,
27-เม.ย.-2018,1.07,-0.08,-6.96%,1.15,1.05,1.17,"1,004,318,200","1,129,292,072.00","-910,299,824.00",,,,,,
20-เม.ย.-2018,1.15,+0.11,+10.58%,1.05,1.02,1.15,"851,959,700","927,645,222.00","218,992,248.00",,,,,,
13-เม.ย.-2018,1.04,+0.22,+26.83%,0.83,0.83,1.04,"965,441,600","926,590,309.00","-708,652,974.00",,,,,,
06-เม.ย.-2018,0.82,-0.17,-17.17%,0.99,0.82,1.00,"649,241,100","579,962,444.00","-1,635,243,283.00",,,,,,
30-มี.ค.-2018,0.99,0.00,0.00%,1.00,0.98,1.01,"164,458,000","163,584,608.00","-1,055,280,839.00",,,,,,
23-มี.ค.-2018,0.99,-0.01,-1.00%,1.00,0.98,1.02,"220,859,500","220,756,511.00","-891,696,231.00",,,,,,
16-มี.ค.-2018,1.00,0.00,0.00%,1.01,0.98,1.03,"285,028,900","286,190,451.00","-670,939,720.00",,,,,,
09-มี.ค.-2018,1.00,-0.02,-1.96%,1.03,0.98,1.03,"296,909,600","298,412,111.00","-384,749,269.00",,,,,,
02-มี.ค.-2018,1.02,-0.01,-0.97%,1.03,1.01,1.07,"347,049,300","361,683,997.00","-86,337,158.00",,,,,,
23-ก.พ.-2018,1.03,-0.02,-1.90%,1.06,1.01,1.11,"627,526,600","670,238,517.00","275,346,839.00",,,,,,
16-ก.พ.-2018,1.05,+0.03,+2.94%,1.03,0.97,1.06,"943,227,700","952,532,776.00","945,585,356.00",,,,,,
09-ก.พ.-2018,1.02,-0.03,-2.86%,1.01,1.00,1.06,"726,546,200","748,056,651.00","-6,947,420.00",,,,,,
02-ก.พ.-2018,1.05,-0.13,-11.02%,1.18,1.05,1.19,"1,341,210,100","1,498,471,296.00","741,109,231.00",,,,,,
26-ม.ค.-2018,1.18,+0.01,+0.85%,1.17,1.16,1.20,"462,773,300","543,581,127.00","2,239,580,527.00",,,,,,
19-ม.ค.-2018,1.17,-0.05,-4.10%,1.22,1.16,1.23,"483,172,500","575,757,854.00","1,695,999,400.00",,,,,,
12-ม.ค.-2018,1.22,-0.04,-3.17%,1.27,1.19,1.28,"773,768,300","948,357,615.00","2,271,757,254.00",,,,,,
05-ม.ค.-2018,1.26,+0.09,+7.69%,1.18,1.16,1.26,"876,726,800","1,072,581,217.00","3,220,114,869.00",,,,,,
29-ธ.ค.-2017,1.17,0.00,0.00%,1.18,1.16,1.20,"278,056,600","327,621,962.00","2,147,533,652.00",,,,,,
22-ธ.ค.-2017,1.17,-0.01,-0.85%,1.18,1.16,1.19,"236,818,200","278,760,151.00","2,475,155,614.00",,,,,,
15-ธ.ค.-2017,1.18,+0.01,+0.85%,1.18,1.16,1.21,"325,482,200","386,668,657.00","2,753,915,765.00",,,,,,
08-ธ.ค.-2017,1.17,-0.01,-0.85%,1.19,1.15,1.20,"322,070,700","376,706,240.00","2,367,247,108.00",,,,,,
01-ธ.ค.-2017,1.18,-0.02,-1.67%,1.21,1.18,1.23,"241,821,900","290,445,135.00","2,743,953,348.00",,,,,,
24-พ.ย.-2017,1.20,0.00,0.00%,1.21,1.20,1.27,"628,593,800","777,868,647.00","3,034,398,483.00",,,,,,
17-พ.ย.-2017,1.20,0.00,0.00%,1.21,1.17,1.23,"481,029,200","576,266,072.00","3,812,267,130.00",,,,,,
10-พ.ย.-2017,1.20,-0.03,-2.44%,1.23,1.20,1.24,"475,412,800","579,001,997.00","4,388,533,202.00",,,,,,
03-พ.ย.-2017,1.23,-0.04,-3.15%,1.28,1.22,1.28,"692,125,100","861,439,738.00","4,967,535,199.00",,,,,,
27-ต.ค.-2017,1.27,-0.01,-0.78%,1.27,1.25,1.29,"461,886,800","585,340,759.00","5,828,974,937.00",,,,,,
20-ต.ค.-2017,1.28,-0.02,-1.54%,1.31,1.27,1.33,"556,487,200","722,844,850.00","6,414,315,696.00",,,,,,
13-ต.ค.-2017,1.30,0.00,0.00%,1.31,1.27,1.33,"796,111,600","1,037,391,147.00","7,137,160,546.00",,,,,,
06-ต.ค.-2017,1.30,0.00,0.00%,1.30,1.29,1.32,"514,412,400","670,309,317.00","8,174,551,693.00",,,,,,
29-ก.ย.-2017,1.30,-0.03,-2.26%,1.33,1.28,1.35,"1,069,129,100","1,401,219,191.00","8,844,861,010.00",,,,,,
22-ก.ย.-2017,1.33,0.00,0.00%,1.32,1.31,1.40,"1,959,617,000","2,668,318,739.00","10,246,080,201.00",,,,,,
15-ก.ย.-2017,1.33,+0.02,+1.53%,1.34,1.30,1.35,"759,888,000","1,007,616,572.00","7,577,761,462.00",,,,,,
08-ก.ย.-2017,1.31,-0.02,-1.50%,1.34,1.28,1.34,"602,547,300","791,450,106.00","6,570,144,890.00",,,,,,
01-ก.ย.-2017,1.33,+0.04,+3.10%,1.30,1.28,1.36,"1,096,536,900","1,443,007,917.00","7,361,594,996.00",,,,,,
25-ส.ค.-2017,1.29,+0.05,+4.03%,1.24,1.24,1.34,"1,034,080,600","1,332,523,770.00","5,918,587,079.00",,,,,,
18-ส.ค.-2017,1.24,+0.04,+3.33%,1.25,1.22,1.27,"356,178,100","442,439,109.00","4,586,063,309.00",,,,,,
11-ส.ค.-2017,1.20,-0.08,-6.25%,1.28,1.19,1.29,"562,573,300","694,591,186.00","4,143,624,200.00",,,,,,
04-ส.ค.-2017,1.28,+0.01,+0.79%,1.28,1.26,1.36,"1,342,055,400","1,768,977,909.00","4,838,215,386.00",,,,,,
28-ก.ค.-2017,1.27,0.00,0.00%,1.28,1.26,1.32,"828,421,700","1,070,040,678.00","3,069,237,477.00",,,,,,
21-ก.ค.-2017,1.27,-0.02,-1.55%,1.29,1.26,1.31,"791,192,000","1,014,059,729.00","4,139,278,155.00",,,,,,
14-ก.ค.-2017,1.29,-0.06,-4.44%,1.35,1.29,1.36,"854,699,200","1,121,930,620.00","5,153,337,884.00",,,,,,
07-ก.ค.-2017,1.35,-0.04,-2.88%,1.39,1.33,1.44,"1,759,820,100","2,439,497,282.00","6,275,268,504.00",,,,,,
30-มิ.ย.-2017,1.39,0.00,0.00%,1.40,1.38,1.43,"1,444,738,900","2,026,396,736.00","8,714,765,786.00",,,,,,
23-มิ.ย.-2017,1.39,+0.01,+0.72%,1.39,1.38,1.45,"2,040,171,800","2,879,069,102.00","6,688,369,050.00",,,,,,
16-มิ.ย.-2017,1.38,-0.12,-8.00%,1.50,1.38,1.51,"1,889,659,300","2,742,618,283.00","3,809,299,948.00",,,,,,
09-มิ.ย.-2017,1.50,-0.11,-6.83%,1.62,1.50,1.62,"2,214,475,900","3,416,125,142.00","6,551,918,231.00",,,,,,
02-มิ.ย.-2017,1.61,-0.07,-4.17%,1.68,1.60,1.72,"1,643,190,600","2,710,591,664.00","9,968,043,373.00",,,,,,
26-พ.ค.-2017,1.68,+0.01,+0.60%,1.68,1.67,1.77,"2,385,010,700","4,092,174,000.00","12,678,635,037.00",,,,,,
19-พ.ค.-2017,1.67,+0.16,+10.60%,1.52,1.50,1.68,"2,208,449,500","3,533,896,752.00","8,586,461,037.00",,,,,,
12-พ.ค.-2017,1.51,-0.01,-0.66%,1.53,1.50,1.56,"820,818,500","1,256,059,314.00","5,052,564,285.00",,,,,,
05-พ.ค.-2017,1.52,+0.01,+0.66%,1.51,1.50,1.55,"814,168,600","1,241,577,673.00","6,308,623,599.00",,,,,,
28-เม.ย.-2017,1.51,-0.04,-2.58%,1.55,1.49,1.58,"2,583,614,200","3,965,014,388.00","5,067,045,926.00",,,,,,
21-เม.ย.-2017,1.55,+0.22,+16.54%,1.35,1.35,1.56,"2,788,378,500","4,106,079,303.00","9,032,060,314.00",,,,,,
14-เม.ย.-2017,1.33,-0.02,-1.48%,1.35,1.31,1.36,"183,742,500","244,387,048.00","4,925,981,011.00",,,,,,
07-เม.ย.-2017,1.35,-0.01,-0.74%,1.36,1.34,1.39,"280,855,200","384,391,072.00","5,170,368,059.00",,,,,,
31-มี.ค.-2017,1.36,+0.02,+1.49%,1.35,1.34,1.41,"352,921,700","483,693,105.00","5,554,759,131.00",,,,,,
24-มี.ค.-2017,1.34,+0.07,+5.51%,1.27,1.26,1.42,"763,284,200","1,037,487,750.00","5,071,066,026.00",,,,,,
17-มี.ค.-2017,1.27,+0.02,+1.60%,1.25,1.19,1.32,"430,441,200","539,251,577.00","4,033,578,276.00",,,,,,
10-มี.ค.-2017,1.25,-0.12,-8.76%,1.37,1.25,1.38,"210,582,700","275,516,005.00","3,494,326,699.00",,,,,,
03-มี.ค.-2017,1.37,+0.02,+1.48%,1.35,1.33,1.39,"317,851,400","431,823,324.00","3,769,842,704.00",,,,,,
24-ก.พ.-2017,1.35,-0.06,-4.26%,1.40,1.34,1.41,"118,693,600","162,822,983.00","3,338,019,380.00",,,,,,
17-ก.พ.-2017,1.41,-0.01,-0.70%,1.42,1.39,1.44,"131,811,900","185,104,412.00","3,500,842,363.00",,,,,,
10-ก.พ.-2017,1.42,-0.01,-0.70%,1.43,1.41,1.44,"185,703,300","263,860,909.00","3,685,946,775.00",,,,,,
03-ก.พ.-2017,1.43,-0.05,-3.38%,1.48,1.40,1.48,"320,792,800","459,892,867.00","3,949,807,684.00",,,,,,
27-ม.ค.-2017,1.48,0.00,0.00%,1.48,1.43,1.51,"549,981,300","808,169,761.00","4,409,700,551.00",,,,,,
20-ม.ค.-2017,1.48,-0.01,-0.67%,1.49,1.47,1.51,"460,147,300","685,064,934.00","5,217,870,312.00",,,,,,
13-ม.ค.-2017,1.49,-0.04,-2.61%,1.53,1.49,1.54,"526,480,900","792,245,786.00","5,902,935,246.00",,,,,,
06-ม.ค.-2017,1.53,+0.01,+0.66%,1.54,1.52,1.56,"330,168,600","506,875,796.00","6,695,181,032.00",,,,,,
30-ธ.ค.-2016,1.52,-0.01,-0.65%,1.52,1.50,1.56,"384,065,900","585,436,957.00","6,188,305,236.00",,,,,,
23-ธ.ค.-2016,1.53,-0.03,-1.92%,1.58,1.50,1.59,"293,644,900","452,142,111.00","6,773,742,193.00",,,,,,
16-ธ.ค.-2016,1.56,+0.01,+0.65%,1.55,1.51,1.61,"549,680,400","858,481,664.00","7,225,884,304.00",,,,,,
09-ธ.ค.-2016,1.55,+0.05,+3.33%,1.50,1.47,1.56,"365,836,200","556,309,585.00","6,367,402,640.00",,,,,,
02-ธ.ค.-2016,1.50,-0.08,-5.06%,1.58,1.49,1.61,"636,553,500","991,270,837.00","5,811,093,055.00",,,,,,
25-พ.ย.-2016,1.58,-0.02,-1.25%,1.61,1.56,1.62,"411,959,100","655,458,503.00","6,802,363,892.00",,,,,,
18-พ.ย.-2016,1.60,+0.01,+0.63%,1.62,1.59,1.67,"952,629,600","1,545,477,011.00","7,457,822,395.00",,,,,,
11-พ.ย.-2016,1.59,-0.01,-0.63%,1.61,1.51,1.64,"1,235,481,900","1,954,889,318.00","5,912,345,384.00",,,,,,
04-พ.ย.-2016,1.60,-0.02,-1.23%,1.62,1.57,1.65,"970,560,300","1,559,328,046.00","7,867,234,702.00",,,,,,
28-ต.ค.-2016,1.62,-0.08,-4.71%,1.72,1.60,1.72,"1,629,520,300","2,671,774,916.00","9,426,562,748.00",,,,,,
21-ต.ค.-2016,1.70,+0.30,+21.43%,1.39,1.37,1.75,"2,591,184,200","4,152,668,079.00","12,098,337,664.00",,,,,,
14-ต.ค.-2016,1.40,-0.04,-2.78%,1.35,1.00,1.44,"2,859,329,200","3,508,529,460.00","7,945,669,585.00",,,,,,
07-ต.ค.-2016,1.44,+0.01,+0.70%,1.43,1.39,1.49,"1,486,188,400","2,136,730,616.00","11,454,199,045.00",,,,,,
30-ก.ย.-2016,1.43,-0.08,-5.30%,1.50,1.42,1.53,"357,040,300","528,297,789.00","9,317,468,429.00",,,,,,
23-ก.ย.-2016,1.51,-0.03,-1.95%,1.57,1.50,1.63,"1,076,018,700","1,680,130,796.00","9,845,766,218.00",,,,,,
16-ก.ย.-2016,1.54,+0.09,+6.21%,1.40,1.36,1.54,"835,083,600","1,216,595,148.00","11,525,897,014.00",,,,,,
09-ก.ย.-2016,1.45,-0.30,-17.14%,1.79,1.42,1.79,"1,192,907,000","1,926,363,578.00","10,309,301,866.00",,,,,,
02-ก.ย.-2016,1.75,0.00,0.00%,1.75,1.75,1.84,"745,865,600","1,336,308,856.00","12,235,665,444.00",,,,,,
26-ส.ค.-2016,1.75,0.00,0.00%,1.75,1.71,1.80,"580,740,500","1,019,290,382.00","13,571,974,300.00",,,,,,
19-ส.ค.-2016,1.75,-0.15,-7.89%,1.87,1.73,1.89,"1,000,716,600","1,806,504,817.00","14,591,264,682.00",,,,,,
12-ส.ค.-2016,1.90,+0.02,+1.06%,1.90,1.85,1.91,"964,405,700","1,810,073,888.00","16,397,769,499.00",,,,,,
05-ส.ค.-2016,1.88,+0.04,+2.17%,1.95,1.85,1.97,"1,878,308,300","3,585,295,697.00","14,587,695,611.00",,,,,,
29-ก.ค.-2016,1.84,+0.02,+1.10%,1.82,1.79,1.88,"583,334,800","1,071,208,666.00","11,002,399,914.00",,,,,,
22-ก.ค.-2016,1.82,+0.04,+2.25%,1.80,1.79,1.82,"192,067,500","346,934,262.00","9,931,191,248.00",,,,,,
15-ก.ค.-2016,1.78,-0.08,-4.30%,1.79,1.75,1.81,"424,163,300","754,325,998.00","9,584,256,986.00",,,,,,
08-ก.ค.-2016,1.86,+0.05,+2.76%,1.81,1.76,1.87,"488,718,800","886,096,295.00","10,338,582,984.00",,,,,,
01-ก.ค.-2016,1.81,+0.06,+3.43%,1.74,1.73,1.82,"325,303,100","575,144,117.00","9,452,486,689.00",,,,,,
24-มิ.ย.-2016,1.75,-0.16,-8.38%,1.83,1.68,1.85,"788,170,300","1,393,704,890.00","8,877,342,572.00",,,,,,
17-มิ.ย.-2016,1.91,+0.13,+7.30%,1.78,1.76,1.95,"1,453,989,600","2,730,245,232.00","10,271,047,462.00",,,,,,
10-มิ.ย.-2016,1.78,0.00,0.00%,1.78,1.74,1.80,"330,763,600","583,580,136.00","7,540,802,230.00",,,,,,
03-มิ.ย.-2016,1.78,+0.06,+3.49%,1.72,1.69,1.80,"482,517,000","843,583,322.00","6,957,222,094.00",,,,,,
27-พ.ค.-2016,1.72,+0.07,+4.24%,1.66,1.60,1.74,"550,807,600","930,972,192.00","6,113,638,772.00",,,,,,
20-พ.ค.-2016,1.65,-0.10,-5.71%,1.77,1.65,1.81,"469,014,800","811,970,558.00","5,182,666,580.00",,,,,,
13-พ.ค.-2016,1.75,+0.14,+8.70%,1.58,1.50,1.78,"1,598,686,600","2,667,200,373.00","5,994,637,138.00",,,,,,
06-พ.ค.-2016,1.61,-0.23,-12.50%,1.87,1.59,1.88,"2,376,503,000","4,136,079,089.00","3,327,436,765.00",,,,,,
29-เม.ย.-2016,1.84,+0.30,+19.48%,1.54,1.54,2.08,"4,562,807,100","8,372,112,526.00","7,463,515,854.00",,,,,,
22-เม.ย.-2016,1.54,+0.21,+15.79%,1.36,1.35,1.55,"2,016,887,400","2,950,198,062.00","-908,596,672.00",,,,,,
15-เม.ย.-2016,1.33,+0.09,+7.26%,1.25,1.24,1.34,"446,987,000","582,388,076.00","-3,858,794,734.00",,,,,,
08-เม.ย.-2016,1.24,+0.01,+0.81%,1.24,1.23,1.28,"649,014,600","816,771,671.00","-4,441,182,810.00",,,,,,
01-เม.ย.-2016,1.23,+0.03,+2.50%,1.21,1.20,1.25,"252,021,800","308,519,885.00","-5,257,954,481.00",,,,,,
25-มี.ค.-2016,1.20,-0.02,-1.64%,1.22,1.20,1.24,"221,975,200","270,110,309.00","-5,566,474,366.00",,,,,,
18-มี.ค.-2016,1.22,+0.05,+4.27%,1.19,1.19,1.25,"663,994,800","811,581,580.00","-5,296,364,057.00",,,,,,
11-มี.ค.-2016,1.17,+0.02,+1.74%,1.15,1.13,1.19,"568,508,100","658,919,747.00","-6,107,945,637.00",,,,,,
04-มี.ค.-2016,1.15,+0.02,+1.77%,1.14,1.10,1.20,"252,790,100","292,733,442.00","-6,766,865,384.00",,,,,,
26-ก.พ.-2016,1.13,-0.01,-0.88%,1.15,1.13,1.18,"211,943,400","242,700,414.00","-7,059,598,826.00",,,,,,
19-ก.พ.-2016,1.14,-0.08,-6.56%,1.22,1.14,1.24,"384,049,200","454,373,881.00","-6,816,898,412.00",,,,,,
12-ก.พ.-2016,1.22,-0.01,-0.81%,1.24,1.20,1.29,"975,503,900","1,213,628,764.00","-6,362,524,531.00",,,,,,
05-ก.พ.-2016,1.23,+0.07,+6.03%,1.17,1.16,1.26,"675,096,400","824,342,386.00","-5,148,895,767.00",,,,,,
29-ม.ค.-2016,1.16,-0.05,-4.13%,1.23,1.16,1.24,"279,516,200","334,394,951.00","-5,973,238,153.00",,,,,,
22-ม.ค.-2016,1.21,+0.03,+2.54%,1.17,1.13,1.25,"466,192,400","555,320,703.00","-5,638,843,202.00",,,,,,
15-ม.ค.-2016,1.18,-0.02,-1.67%,1.20,1.18,1.24,"340,564,700","410,964,476.00","-6,194,163,905.00",,,,,,
08-ม.ค.-2016,1.20,+0.03,+2.56%,1.16,1.16,1.27,"855,403,800","1,039,978,593.00","-5,783,199,429.00",,,,,,
01-ม.ค.-2016,1.17,+0.18,+18.18%,1.01,1.01,1.24,"658,811,100","750,627,428.00","-6,823,178,022.00",,,,,,
25-ธ.ค.-2015,0.99,-0.14,-12.39%,1.14,0.93,1.17,"689,613,900","702,263,059.00","-7,573,805,450.00",,,,,,
18-ธ.ค.-2015,1.13,-0.05,-4.24%,1.18,1.13,1.26,"546,942,300","650,646,441.00","-6,871,542,391.00",,,,,,
11-ธ.ค.-2015,1.18,-0.10,-7.81%,1.27,1.17,1.34,"514,910,300","647,169,451.00","-6,220,895,950.00",,,,,,
04-ธ.ค.-2015,1.28,-0.03,-2.29%,1.31,1.13,1.32,"1,109,076,200","1,333,642,031.00","-5,573,726,499.00",,,,,,
27-พ.ย.-2015,1.31,-0.12,-8.39%,1.44,1.29,1.50,"727,888,100","1,017,225,161.00","-4,240,084,468.00",,,,,,
20-พ.ย.-2015,1.43,+0.04,+2.88%,1.37,1.35,1.43,"304,458,100","422,240,171.00","-3,222,859,307.00",,,,,,
13-พ.ย.-2015,1.39,-0.07,-4.79%,1.47,1.36,1.47,"377,548,700","532,185,238.00","-3,645,099,478.00",,,,,,
06-พ.ย.-2015,1.46,-0.03,-2.01%,1.55,1.45,1.59,"441,753,700","670,826,013.00","-3,112,914,240.00",,,,,,
30-ต.ค.-2015,1.49,-0.11,-6.88%,1.61,1.47,1.63,"319,781,600","492,129,057.00","-2,442,088,227.00",,,,,,
23-ต.ค.-2015,1.60,-0.04,-2.44%,1.65,1.57,1.68,"234,931,200","380,291,612.00","-1,949,959,170.00",,,,,,
16-ต.ค.-2015,1.64,+0.08,+5.13%,1.57,1.56,1.72,"604,081,900","1,002,637,950.00","-1,569,667,558.00",,,,,,
09-ต.ค.-2015,1.56,-0.01,-0.64%,1.58,1.53,1.60,"264,739,100","414,087,846.00","-2,572,305,508.00",,,,,,
02-ต.ค.-2015,1.57,-0.13,-7.65%,1.66,1.49,1.69,"611,087,000","968,485,463.00","-2,158,217,662.00",,,,,,
25-ก.ย.-2015,1.70,-0.10,-5.56%,1.81,1.70,1.83,"317,860,700","560,458,654.00","-1,189,732,199.00",,,,,,
18-ก.ย.-2015,1.80,-0.01,-0.55%,1.82,1.73,1.83,"353,385,500","628,470,845.00","-629,273,545.00",,,,,,
11-ก.ย.-2015,1.81,+0.03,+1.69%,1.78,1.77,1.86,"492,028,400","895,295,564.00","-802,700.00",,,,,,
04-ก.ย.-2015,1.78,-0.01,-0.56%,1.81,1.77,1.93,"1,265,348,700","2,354,909,060.00","-896,098,264.00",,,,,,
28-ส.ค.-2015,1.79,-0.07,-3.76%,1.81,1.60,1.87,"1,079,300,900","1,912,476,111.00","1,458,810,796.00",,,,,,
21-ส.ค.-2015,1.86,+0.20,+12.05%,1.68,1.68,1.89,"1,347,676,300","2,409,599,248.00","3,371,286,907.00",,,,,,
14-ส.ค.-2015,1.66,+0.08,+5.06%,1.60,1.57,1.72,"405,243,500","670,282,269.00","961,687,659.00",,,,,,
07-ส.ค.-2015,1.58,+0.17,+12.06%,1.42,1.42,1.65,"497,608,300","776,254,197.00","291,405,390.00",,,,,,
31-ก.ค.-2015,1.41,-0.16,-10.19%,1.58,1.22,1.59,"470,235,200","655,639,167.00","-484,848,807.00",,,,,,
24-ก.ค.-2015,1.57,-0.09,-5.42%,1.67,1.52,1.70,"319,101,900","509,056,437.00","170,790,360.00",,,,,,
17-ก.ค.-2015,1.66,-0.05,-2.92%,1.71,1.57,1.74,"574,173,400","955,289,928.00","679,846,797.00",,,,,,
10-ก.ค.-2015,1.71,-0.13,-7.07%,1.83,1.69,1.84,"359,441,100","633,072,148.00","1,635,136,725.00",,,,,,
03-ก.ค.-2015,1.84,-0.03,-1.60%,1.85,1.81,1.89,"313,752,200","579,820,029.00","2,268,208,873.00",,,,,,
26-มิ.ย.-2015,1.87,+0.03,+1.63%,1.85,1.85,1.93,"395,356,700","747,710,870.00","2,848,028,902.00",,,,,,
19-มิ.ย.-2015,1.84,-0.08,-4.17%,1.91,1.84,1.97,"459,469,400","872,133,887.00","2,100,318,032.00",,,,,,
12-มิ.ย.-2015,1.92,-0.01,-0.52%,1.92,1.85,1.97,"531,089,600","1,011,671,896.00","2,972,451,919.00",,,,,,
05-มิ.ย.-2015,1.93,-0.07,-3.50%,2.04,1.89,2.08,"353,946,300","690,875,545.00","3,984,123,815.00",,,,,,
29-พ.ค.-2015,2.00,0.00,0.00%,2.00,1.83,2.02,"251,562,600","486,104,703.00","4,674,999,360.00",,,,,,
22-พ.ค.-2015,2.00,-0.10,-4.76%,2.10,1.99,2.14,"150,312,900","311,160,787.00","5,161,104,063.00",,,,,,
15-พ.ค.-2015,2.10,+0.18,+9.38%,1.94,1.69,2.12,"374,081,800","714,048,106.00","5,472,264,850.00",,,,,,
08-พ.ค.-2015,1.92,-0.22,-10.28%,2.14,1.89,2.16,"185,414,600","371,865,937.00","4,758,216,744.00",,,,,,
01-พ.ค.-2015,2.14,-0.08,-3.60%,2.24,2.06,2.24,"155,243,100","334,985,488.00","5,130,082,681.00",,,,,,
24-เม.ย.-2015,2.22,-0.06,-2.63%,2.24,2.18,2.28,"268,725,600","599,219,250.00","5,465,068,169.00",,,,,,
17-เม.ย.-2015,2.28,+0.02,+0.88%,2.28,2.14,2.30,"107,290,700","238,627,562.00","6,064,287,419.00",,,,,,
10-เม.ย.-2015,2.26,+0.08,+3.67%,2.20,2.14,2.28,"184,929,300","410,773,288.00","5,825,659,857.00",,,,,,
03-เม.ย.-2015,2.18,+0.22,+11.22%,1.96,1.92,2.28,"437,177,300","934,686,328.00","5,414,886,569.00",,,,,,
27-มี.ค.-2015,1.96,-0.04,-2.00%,1.98,1.85,2.08,"317,729,000","623,843,460.00","4,480,200,241.00",,,,,,
20-มี.ค.-2015,2.00,-0.32,-13.79%,2.32,1.90,2.34,"535,062,900","1,108,441,523.00","5,104,043,701.00",,,,,,
13-มี.ค.-2015,2.32,-0.04,-1.69%,2.32,2.20,2.40,"554,676,500","1,279,600,502.00","6,212,485,224.00",,,,,,
06-มี.ค.-2015,2.36,-0.01,-0.42%,2.43,2.14,2.45,"1,851,376,400","4,352,170,004.00","7,492,085,726.00",,,,,,
27-ก.พ.-2015,2.37,+0.26,+12.32%,2.13,2.03,2.37,"1,718,146,000","3,786,898,020.00","11,844,255,730.00",,,,,,
20-ก.พ.-2015,2.11,+0.05,+2.43%,2.11,2.03,2.23,"1,442,044,000","3,110,527,890.00","8,057,357,710.00",,,,,,
13-ก.พ.-2015,2.06,+0.16,+8.42%,1.90,1.89,2.08,"951,960,000","1,883,805,140.00","4,946,829,820.00",,,,,,
06-ก.พ.-2015,1.90,-0.02,-1.04%,1.92,1.89,1.97,"452,122,000","870,564,940.00","3,063,024,680.00",,,,,,
30-ม.ค.-2015,1.92,+0.02,+1.05%,1.91,1.88,2.02,"681,782,000","1,334,767,580.00","3,933,589,620.00",,,,,,
23-ม.ค.-2015,1.90,-0.13,-6.19%,2.05,1.86,2.07,"696,605,849","1,350,859,780.00","2,598,822,040.00",,,,,,
16-ม.ค.-2015,2.03,-0.04,-1.92%,2.09,1.92,2.15,"1,395,527,251","2,842,589,380.00","3,949,681,820.00",,,,,,
09-ม.ค.-2015,2.07,+0.37,+21.64%,1.69,1.69,2.12,"1,916,401,858","3,753,714,580.00","6,792,271,200.00",,,,,,
02-ม.ค.-2015,1.70,+0.02,+1.18%,1.70,1.64,1.72,"108,498,001","182,423,800.00","3,038,556,620.00",,,,,,
26-ธ.ค.-2014,1.68,-0.04,-2.31%,1.76,1.67,1.86,"696,633,050","1,230,365,280.00","2,856,132,820.00",,,,,,
19-ธ.ค.-2014,1.72,-0.03,-1.70%,1.71,1.23,1.73,"1,443,567,402","2,253,654,870.00","4,086,498,100.00",,,,,,
12-ธ.ค.-2014,1.75,-0.10,-5.38%,1.90,1.74,1.94,"592,187,999","1,082,353,270.00","6,340,152,970.00",,,,,,
05-ธ.ค.-2014,1.85,-0.15,-7.46%,2.00,1.59,2.01,"1,689,373,193","3,003,149,760.00","7,422,506,240.00",,,,,,
28-พ.ย.-2014,2.00,-0.03,-1.47%,1.99,1.82,2.01,"860,183,289","1,656,660,570.00","10,425,656,000.00",,,,,,
21-พ.ย.-2014,2.03,+0.05,+2.51%,2.00,1.96,2.32,"1,557,354,181","3,367,979,680.00","12,082,316,570.00",,,,,,
14-พ.ย.-2014,1.98,+0.11,+5.85%,1.86,1.59,1.98,"987,192,516","1,795,067,970.00","8,714,336,890.00",,,,,,
07-พ.ย.-2014,1.87,+0.03,+1.62%,1.87,1.61,1.96,"989,283,452","1,814,493,820.00","6,919,268,920.00",,,,,,
31-ต.ค.-2014,1.84,+0.32,+20.92%,1.49,1.47,1.87,"1,300,716,014","2,175,542,880.00","5,104,775,100.00",,,,,,
24-ต.ค.-2014,1.52,+0.06,+4.08%,1.47,1.44,1.60,"1,249,204,065","1,901,481,470.00","2,929,232,220.00",,,,,,
17-ต.ค.-2014,1.46,+0.26,+21.49%,1.20,1.19,1.46,"1,707,254,922","2,275,618,070.00","1,027,750,750.00",,,,,,
10-ต.ค.-2014,1.20,-0.01,-0.82%,1.24,1.13,1.28,"2,579,685,695","3,126,681,060.00","-1,247,867,320.00",,,,,,
03-ต.ค.-2014,1.21,+0.18,+17.31%,1.03,1.03,1.21,"1,675,406,428","1,878,813,740.00","1,878,813,740.00",,,,,,
26-ก.ย.-2014,1.03,,,0.95,0.94,1.04,"446,513,446","443,723,475.00",0.00,,,,,,
