Teera-Mongkol Industry PCL | Price History                                          25-Sep-2024 16:58,,,,,,,,,,,,,,,
,,,,,,,,,,,,,,,
,,,,,,,,,,,,,,,
TMIm.BK,,,,,,,,,,,,,,,
Interval: Weekly,,,,,,,,,,,,,,,
History Period: 10 Years,,,,,,,,,,,,,,,
,,,,,,,,,,,,,,,
,,,,,,,,,,,,,,,
VAP: Total,"11,166,904,727",,,,,,,,,,,,,,
Price,Volume,%Volume,Count,%Count,,,,,,,,,,,
1.80 - 2.00,"321,094,400",2.88%,4,0.76%,,,,,,,,,,,
1.60 - 1.80,"1,805,232,692",16.17%,25,4.78%,,,,,,,,,,,
1.40 - 1.60,"1,963,265,458",17.58%,65,12.43%,,,,,,,,,,,
1.20 - 1.40,"1,717,680,177",15.38%,68,13.00%,,,,,,,,,,,
1.00 - 1.20,"2,786,625,100",24.95%,102,19.50%,,,,,,,,,,,
0.80 - 1.00,"1,426,763,200",12.78%,88,16.83%,,,,,,,,,,,
0.60 - 0.80,"825,320,100",7.39%,116,22.18%,,,,,,,,,,,
0.40 - 0.60,"320,923,600",2.87%,55,10.52%,,,,,,,,,,,
,,,,,,,,,,,,,,,
,,,,,,,,,,,,,,,
TMIm.BK Statistics     Weekly     10 Years,,,,,,,,,,,,,,,
Price,,,Volume,,,,,Up/Down,,Price Change (Close-Close),,,Turnover,,
High,2.07,05-พ.ค.-2023,Max,"402,456,100",23-ก.ค.-2021,Advancing,"7,154,920,401",Up,195,Up,+36.67%,05-มี.ค.-2021,Max,"575,044,782.00",20-ก.ย.-2024
Low,0.50,09-ต.ค.-2020,Min,"214,200",08-พ.ค.-2020,Declining,"3,334,787,572",Down,246,Down,-16.90%,14-ต.ค.-2016,Min,"137,767.00",08-พ.ค.-2020
Avg,1.03,,Avg,"21,351,634",,Total,"11,166,904,727",Unch,81,Period,-17.33%,10 Years,Avg,"31,262,606.00",
,,,,,,,,,,,,,,,
,,,,,,,,,,,,,,,
TMIm.BK History     Weekly     10 Years,,,,,,,,,,,,,,,
Exchange Date,Close,Net,%Chg,Open,Low,High,Volume,Turnover - THB,Flow,,,,,,
27-ก.ย.-2024,1.37,-0.01,-0.72%,1.39,1.36,1.43,"167,639,800","233,824,476.00","5,677,073,956.00",,,,,,
20-ก.ย.-2024,1.38,+0.08,+6.15%,1.30,1.29,1.53,"399,315,200","575,044,782.00","5,910,898,432.00",,,,,,
13-ก.ย.-2024,1.30,+0.06,+4.84%,1.24,1.19,1.30,"51,980,700","65,739,029.00","5,335,853,650.00",,,,,,
06-ก.ย.-2024,1.24,-0.01,-0.80%,1.25,1.20,1.28,"17,290,000","21,503,107.00","5,270,114,621.00",,,,,,
30-ส.ค.-2024,1.25,+0.02,+1.63%,1.24,1.24,1.31,"34,831,500","44,412,566.00","5,291,617,728.00",,,,,,
23-ส.ค.-2024,1.23,-0.07,-5.38%,1.30,1.15,1.41,"46,242,500","60,693,869.00","5,247,205,162.00",,,,,,
16-ส.ค.-2024,1.30,+0.03,+2.36%,1.27,1.20,1.32,"15,012,000","18,936,928.00","5,307,899,031.00",,,,,,
09-ส.ค.-2024,1.27,-0.08,-5.93%,1.33,1.24,1.38,"5,969,200","7,780,626.00","5,288,962,103.00",,,,,,
02-ส.ค.-2024,1.35,+0.01,+0.75%,1.34,1.32,1.40,"3,839,900","5,260,240.00","5,296,742,729.00",,,,,,
26-ก.ค.-2024,1.34,+0.05,+3.88%,1.30,1.24,1.34,"7,839,400","10,017,810.00","5,291,482,489.00",,,,,,
19-ก.ค.-2024,1.29,-0.17,-11.64%,1.46,1.26,1.46,"11,691,000","15,838,679.00","5,281,464,679.00",,,,,,
12-ก.ค.-2024,1.46,+0.02,+1.39%,1.44,1.41,1.50,"43,923,100","64,109,917.00","5,297,303,358.00",,,,,,
05-ก.ค.-2024,1.44,+0.03,+2.13%,1.42,1.39,1.47,"48,681,900","69,978,194.00","5,233,193,441.00",,,,,,
28-มิ.ย.-2024,1.41,+0.05,+3.68%,1.37,1.30,1.48,"40,181,300","56,946,218.00","5,163,215,247.00",,,,,,
21-มิ.ย.-2024,1.36,-0.20,-12.82%,1.55,1.20,1.55,"42,745,500","59,607,067.00","5,106,269,029.00",,,,,,
14-มิ.ย.-2024,1.56,+0.20,+14.71%,1.36,1.33,1.56,"76,989,900","109,897,218.00","5,165,876,096.00",,,,,,
07-มิ.ย.-2024,1.36,+0.06,+4.62%,1.30,1.26,1.37,"22,929,700","30,445,336.00","5,055,978,878.00",,,,,,
31-พ.ค.-2024,1.30,+0.10,+8.33%,1.20,1.20,1.34,"31,287,300","39,561,164.00","5,025,533,542.00",,,,,,
24-พ.ค.-2024,1.20,+0.08,+7.14%,1.12,1.10,1.20,"3,460,000","3,965,250.00","4,985,972,378.00",,,,,,
17-พ.ค.-2024,1.12,+0.02,+1.82%,1.08,1.08,1.15,"2,139,100","2,390,331.00","4,982,007,128.00",,,,,,
10-พ.ค.-2024,1.10,-0.01,-0.90%,1.09,1.07,1.11,"1,817,000","1,964,260.00","4,979,616,797.00",,,,,,
03-พ.ค.-2024,1.11,-0.02,-1.77%,1.13,1.09,1.14,"756,000","842,591.00","4,981,581,057.00",,,,,,
26-เม.ย.-2024,1.13,+0.04,+3.67%,1.09,1.09,1.16,"807,400","908,388.00","4,982,423,648.00",,,,,,
19-เม.ย.-2024,1.09,-0.04,-3.54%,1.11,1.08,1.12,"1,764,300","1,935,608.00","4,981,515,260.00",,,,,,
12-เม.ย.-2024,1.13,0.00,0.00%,1.13,1.12,1.15,"426,000","482,673.00","4,983,450,868.00",,,,,,
05-เม.ย.-2024,1.13,0.00,0.00%,1.13,1.11,1.17,"1,994,300","2,279,627.00","4,983,933,541.00",,,,,,
29-มี.ค.-2024,1.13,0.00,0.00%,1.14,1.11,1.15,"2,309,800","2,603,076.00","4,986,213,168.00",,,,,,
22-มี.ค.-2024,1.13,0.00,0.00%,1.11,1.10,1.18,"5,851,100","6,640,800.00","4,988,816,244.00",,,,,,
15-มี.ค.-2024,1.13,0.00,0.00%,1.11,1.09,1.15,"1,785,700","1,993,334.00","4,995,457,044.00",,,,,,
08-มี.ค.-2024,1.13,-0.01,-0.88%,1.14,1.09,1.16,"969,300","1,103,552.00","4,997,450,378.00",,,,,,
01-มี.ค.-2024,1.14,+0.03,+2.70%,1.11,1.10,1.15,"1,510,700","1,697,088.00","4,998,553,930.00",,,,,,
23-ก.พ.-2024,1.11,-0.03,-2.63%,1.14,1.11,1.17,"1,862,200","2,110,949.00","4,996,856,842.00",,,,,,
16-ก.พ.-2024,1.14,-0.02,-1.72%,1.16,1.13,1.17,"1,092,800","1,253,825.00","4,998,967,791.00",,,,,,
09-ก.พ.-2024,1.16,0.00,0.00%,1.19,1.14,1.20,"1,392,900","1,635,321.00","5,000,221,616.00",,,,,,
02-ก.พ.-2024,1.16,-0.02,-1.69%,1.20,1.14,1.20,"2,174,500","2,527,288.00","5,001,856,937.00",,,,,,
26-ม.ค.-2024,1.18,-0.01,-0.84%,1.19,1.15,1.22,"4,640,400","5,499,589.00","5,004,384,225.00",,,,,,
19-ม.ค.-2024,1.19,-0.06,-4.80%,1.25,1.17,1.27,"7,169,400","8,655,967.00","5,009,883,814.00",,,,,,
12-ม.ค.-2024,1.25,0.00,0.00%,1.25,1.19,1.30,"6,520,100","8,118,115.00","5,018,539,781.00",,,,,,
05-ม.ค.-2024,1.25,+0.05,+4.17%,1.20,1.19,1.26,"4,772,400","5,881,424.00","5,010,421,666.00",,,,,,
29-ธ.ค.-2023,1.20,+0.01,+0.84%,1.20,1.19,1.25,"2,104,200","2,576,118.00","5,004,540,242.00",,,,,,
22-ธ.ค.-2023,1.19,+0.02,+1.71%,1.19,1.17,1.31,"5,496,900","6,847,616.00","5,001,964,124.00",,,,,,
15-ธ.ค.-2023,1.17,-0.02,-1.68%,1.17,1.15,1.19,"633,500","742,121.00","4,995,116,508.00",,,,,,
08-ธ.ค.-2023,1.19,+0.05,+4.39%,1.15,1.15,1.22,"1,653,400","1,977,606.00","4,995,858,629.00",,,,,,
01-ธ.ค.-2023,1.14,-0.11,-8.80%,1.22,1.11,1.25,"3,224,700","3,747,458.00","4,993,881,023.00",,,,,,
24-พ.ย.-2023,1.25,+0.04,+3.31%,1.20,1.19,1.29,"2,520,400","3,116,861.00","4,997,628,481.00",,,,,,
17-พ.ย.-2023,1.21,-0.10,-7.63%,1.32,1.08,1.34,"5,632,700","6,532,365.00","4,994,511,620.00",,,,,,
10-พ.ย.-2023,1.31,-0.01,-0.76%,1.35,1.31,1.41,"3,424,200","4,680,839.00","5,001,043,985.00",,,,,,
03-พ.ย.-2023,1.32,+0.07,+5.60%,1.22,1.14,1.35,"4,223,700","5,177,356.00","5,005,724,824.00",,,,,,
27-ต.ค.-2023,1.25,-0.10,-7.41%,1.33,1.22,1.33,"2,276,700","2,916,882.00","5,000,547,468.00",,,,,,
20-ต.ค.-2023,1.35,-0.08,-5.59%,1.44,1.30,1.45,"3,488,400","4,759,324.00","5,003,464,350.00",,,,,,
13-ต.ค.-2023,1.43,-0.01,-0.69%,1.45,1.37,1.45,"2,472,500","3,475,390.00","5,008,223,674.00",,,,,,
06-ต.ค.-2023,1.44,0.00,0.00%,1.44,1.41,1.49,"2,913,000","4,185,851.00","5,011,699,064.00",,,,,,
29-ก.ย.-2023,1.44,-0.10,-6.49%,1.55,1.43,1.55,"3,684,500","5,410,857.00","5,015,884,915.00",,,,,,
22-ก.ย.-2023,1.54,-0.05,-3.14%,1.59,1.45,1.59,"7,280,800","11,090,069.00","5,021,295,772.00",,,,,,
15-ก.ย.-2023,1.59,-0.03,-1.85%,1.61,1.57,1.67,"11,731,900","19,147,156.00","5,032,385,841.00",,,,,,
08-ก.ย.-2023,1.62,+0.06,+3.85%,1.54,1.51,1.78,"48,795,800","81,831,822.00","5,051,532,997.00",,,,,,
01-ก.ย.-2023,1.56,+0.03,+1.96%,1.55,1.53,1.60,"12,292,300","19,192,262.00","4,969,701,175.00",,,,,,
25-ส.ค.-2023,1.53,+0.06,+4.08%,1.46,1.45,1.61,"11,570,700","17,825,734.00","4,950,508,913.00",,,,,,
18-ส.ค.-2023,1.47,-0.01,-0.68%,1.48,1.43,1.48,"1,935,700","2,816,018.00","4,932,683,179.00",,,,,,
11-ส.ค.-2023,1.48,+0.03,+2.07%,1.45,1.44,1.55,"6,169,700","9,195,378.00","4,935,499,197.00",,,,,,
04-ส.ค.-2023,1.45,+0.01,+0.69%,1.45,1.43,1.49,"5,637,700","8,188,410.00","4,926,303,819.00",,,,,,
28-ก.ค.-2023,1.44,-0.09,-5.88%,1.54,1.41,1.54,"7,215,900","10,468,998.00","4,918,115,409.00",,,,,,
21-ก.ค.-2023,1.53,+0.06,+4.08%,1.46,1.46,1.62,"14,663,400","22,685,861.00","4,928,584,407.00",,,,,,
14-ก.ค.-2023,1.47,+0.01,+0.68%,1.47,1.44,1.51,"8,308,500","12,238,176.00","4,905,898,546.00",,,,,,
07-ก.ค.-2023,1.46,-0.05,-3.31%,1.52,1.44,1.56,"11,341,900","16,828,683.00","4,893,660,370.00",,,,,,
30-มิ.ย.-2023,1.51,-0.07,-4.43%,1.59,1.44,1.60,"8,965,000","13,584,726.00","4,910,489,053.00",,,,,,
23-มิ.ย.-2023,1.58,-0.15,-8.67%,1.70,1.51,1.71,"22,989,400","36,962,340.00","4,924,073,779.00",,,,,,
16-มิ.ย.-2023,1.73,+0.06,+3.59%,1.67,1.66,1.95,"94,495,200","173,219,482.00","4,961,036,119.00",,,,,,
09-มิ.ย.-2023,1.67,+0.06,+3.73%,1.62,1.59,1.73,"16,933,900","28,124,198.00","4,787,816,637.00",,,,,,
02-มิ.ย.-2023,1.61,-0.05,-3.01%,1.67,1.58,1.78,"67,135,600","112,099,907.00","4,759,692,439.00",,,,,,
26-พ.ค.-2023,1.66,+0.02,+1.22%,1.60,1.54,1.76,"21,631,100","36,403,728.00","4,871,792,346.00",,,,,,
19-พ.ค.-2023,1.64,-0.25,-13.23%,1.83,1.62,1.84,"34,191,300","59,908,245.00","4,835,388,618.00",,,,,,
12-พ.ค.-2023,1.89,-0.08,-3.90%,2.00,1.65,2.00,"88,551,500","178,569,846.00","4,895,296,863.00",,,,,,
05-พ.ค.-2023,1.97,-0.02,-0.84%,1.98,1.93,2.07,"36,280,600","87,202,676.00","5,073,866,709.00",,,,,,
28-เม.ย.-2023,1.98,+0.17,+9.17%,1.85,1.80,2.00,"113,232,700","261,758,452.00","5,161,069,385.00",,,,,,
21-เม.ย.-2023,1.82,+0.13,+7.92%,1.70,1.70,1.88,"83,029,600","180,337,956.00","4,899,310,933.00",,,,,,
14-เม.ย.-2023,1.68,-0.02,-0.98%,1.70,1.67,1.73,"21,949,700","44,757,442.00","4,718,972,977.00",,,,,,
07-เม.ย.-2023,1.70,-0.02,-0.97%,1.73,1.67,1.82,"113,042,000","236,701,940.00","4,763,730,419.00",,,,,,
31-มี.ค.-2023,1.72,+0.10,+6.19%,1.62,1.57,1.75,"73,746,100","147,540,084.00","5,000,432,359.00",,,,,,
24-มี.ค.-2023,1.62,-0.01,-0.51%,1.62,1.61,1.72,"51,796,500","102,871,494.00","4,852,892,275.00",,,,,,
17-มี.ค.-2023,1.62,-0.06,-3.47%,1.70,1.54,1.70,"64,362,600","125,669,521.00","4,955,763,769.00",,,,,,
10-มี.ค.-2023,1.68,-0.02,-0.98%,1.70,1.67,1.78,"86,819,700","179,538,122.00","5,081,433,290.00",,,,,,
03-มี.ค.-2023,1.70,+0.03,+2.00%,1.70,1.62,1.78,"96,610,000","196,461,405.00","5,260,971,412.00",,,,,,
24-ก.พ.-2023,1.67,+0.29,+21.21%,1.37,1.37,1.70,"125,545,200","240,452,950.00","5,064,510,007.00",,,,,,
17-ก.พ.-2023,1.37,-0.07,-4.62%,1.44,1.36,1.46,"12,851,000","21,686,982.00","4,824,057,057.00",,,,,,
10-ก.พ.-2023,1.44,-0.02,-1.14%,1.47,1.42,1.51,"40,770,300","71,967,479.00","4,845,744,039.00",,,,,,
03-ก.พ.-2023,1.46,+0.02,+1.16%,1.46,1.42,1.47,"22,188,400","38,410,667.00","4,917,711,518.00",,,,,,
27-ม.ค.-2023,1.44,+0.03,+2.37%,1.41,1.38,1.50,"55,966,300","97,993,681.00","4,879,300,851.00",,,,,,
20-ม.ค.-2023,1.41,+0.16,+12.67%,1.26,1.23,1.51,"131,157,200","223,838,613.00","4,781,307,170.00",,,,,,
13-ม.ค.-2023,1.25,-0.07,-5.06%,1.33,1.23,1.36,"11,798,200","18,138,000.00","4,557,468,557.00",,,,,,
06-ม.ค.-2023,1.32,+0.07,+6.04%,1.26,1.25,1.41,"14,025,100","21,960,191.00","4,575,606,557.00",,,,,,
30-ธ.ค.-2022,1.24,+0.05,+4.20%,1.20,1.20,1.29,"12,336,100","18,570,137.00","4,553,646,366.00",,,,,,
23-ธ.ค.-2022,1.19,-0.05,-4.03%,1.22,1.15,1.25,"3,131,800","4,468,031.00","4,535,076,229.00",,,,,,
16-ธ.ค.-2022,1.24,-0.07,-5.10%,1.32,1.17,1.32,"8,561,600","12,744,954.00","4,539,544,260.00",,,,,,
09-ธ.ค.-2022,1.31,-0.08,-5.99%,1.39,1.28,1.39,"6,896,600","11,131,662.00","4,552,289,214.00",,,,,,
02-ธ.ค.-2022,1.39,+0.04,+3.09%,1.35,1.34,1.44,"12,414,500","20,845,666.00","4,563,420,876.00",,,,,,
25-พ.ย.-2022,1.35,-0.08,-5.81%,1.43,1.31,1.43,"9,456,000","15,528,360.00","4,542,575,210.00",,,,,,
18-พ.ย.-2022,1.43,-0.05,-3.37%,1.49,1.43,1.53,"11,771,300","21,143,312.00","4,558,103,570.00",,,,,,
11-พ.ย.-2022,1.48,+0.07,+4.71%,1.44,1.37,1.61,"26,921,000","48,088,254.00","4,579,246,882.00",,,,,,
04-พ.ย.-2022,1.42,-0.06,-3.95%,1.48,1.40,1.50,"11,744,900","20,255,761.00","4,531,158,628.00",,,,,,
28-ต.ค.-2022,1.47,-0.08,-5.35%,1.54,1.47,1.54,"7,344,400","13,239,653.00","4,551,414,389.00",,,,,,
21-ต.ค.-2022,1.56,+0.02,+1.63%,1.54,1.53,1.57,"5,867,500","10,893,448.00","4,564,654,042.00",,,,,,
14-ต.ค.-2022,1.53,-0.03,-2.13%,1.55,1.51,1.57,"4,031,700","7,474,149.00","4,553,760,594.00",,,,,,
07-ต.ค.-2022,1.57,+0.01,+0.53%,1.57,1.51,1.63,"11,103,800","20,872,052.00","4,561,234,743.00",,,,,,
30-ก.ย.-2022,1.56,-0.10,-6.03%,1.67,1.51,1.67,"23,066,300","43,741,926.00","4,540,362,691.00",,,,,,
23-ก.ย.-2022,1.66,0.00,0.00%,1.67,1.62,1.70,"13,249,300","26,365,737.00","4,584,104,617.00",,,,,,
16-ก.ย.-2022,1.66,-0.06,-3.40%,1.73,1.64,1.75,"23,378,300","47,292,504.00","4,610,470,354.00",,,,,,
09-ก.ย.-2022,1.72,+0.06,+3.52%,1.65,1.62,1.77,"30,940,700","62,967,691.00","4,657,762,858.00",,,,,,
02-ก.ย.-2022,1.66,+0.02,+1.02%,1.60,1.58,1.70,"19,465,500","38,264,675.00","4,594,795,167.00",,,,,,
26-ส.ค.-2022,1.64,-0.07,-4.37%,1.72,1.54,1.78,"41,053,700","83,015,516.00","4,556,530,492.00",,,,,,
19-ส.ค.-2022,1.72,+0.07,+4.04%,1.66,1.65,1.83,"88,799,000","186,455,850.00","4,639,546,008.00",,,,,,
12-ส.ค.-2022,1.65,+0.02,+1.54%,1.63,1.61,1.68,"34,790,700","68,541,143.00","4,453,090,158.00",,,,,,
05-ส.ค.-2022,1.62,+0.06,+3.72%,1.58,1.56,1.70,"105,675,000","205,405,096.00","4,384,549,015.00",,,,,,
29-ก.ค.-2022,1.57,-0.05,-3.09%,1.61,1.53,1.66,"44,293,500","85,352,074.00","4,179,143,919.00",,,,,,
22-ก.ค.-2022,1.62,+0.10,+6.59%,1.57,1.46,1.64,"184,313,600","339,951,831.00","4,264,495,993.00",,,,,,
15-ก.ค.-2022,1.52,+0.11,+7.69%,1.42,1.39,1.52,"59,009,400","103,861,048.00","3,924,544,162.00",,,,,,
08-ก.ค.-2022,1.41,-0.03,-2.31%,1.45,1.23,1.47,"74,700,700","123,167,280.00","3,820,683,114.00",,,,,,
01-ก.ค.-2022,1.44,+0.03,+2.37%,1.42,1.42,1.70,"209,138,300","380,051,517.00","3,943,850,394.00",,,,,,
24-มิ.ย.-2022,1.41,-0.06,-3.98%,1.47,1.37,1.55,"140,349,600","242,995,454.00","3,563,798,877.00",,,,,,
17-มิ.ย.-2022,1.47,+0.10,+7.32%,1.33,1.23,1.57,"177,528,300","297,328,446.00","3,806,794,331.00",,,,,,
10-มิ.ย.-2022,1.37,+0.26,+23.31%,1.12,1.12,1.39,"248,384,600","383,496,537.00","3,509,465,885.00",,,,,,
03-มิ.ย.-2022,1.11,+0.04,+3.91%,1.07,1.06,1.12,"63,511,300","82,445,878.00","3,125,969,348.00",,,,,,
27-พ.ค.-2022,1.07,+0.05,+4.92%,1.02,1.02,1.08,"110,915,000","139,609,562.00","3,043,523,470.00",,,,,,
20-พ.ค.-2022,1.02,+0.01,+0.83%,1.02,0.97,1.05,"107,793,800","131,827,492.00","2,903,913,908.00",,,,,,
13-พ.ค.-2022,1.01,+0.16,+18.63%,0.85,0.85,1.03,"208,654,500","246,455,802.00","2,772,086,416.00",,,,,,
06-พ.ค.-2022,0.85,+0.02,+3.03%,0.82,0.82,0.86,"9,562,400","9,625,207.00","2,525,630,614.00",,,,,,
29-เม.ย.-2022,0.82,-0.01,-1.00%,0.84,0.82,0.85,"5,735,100","5,760,840.00","2,516,005,407.00",,,,,,
22-เม.ย.-2022,0.83,-0.01,-0.99%,0.85,0.82,0.86,"5,351,900","5,397,945.00","2,521,766,247.00",,,,,,
15-เม.ย.-2022,0.84,0.00,0.00%,0.85,0.83,0.87,"10,230,500","10,527,356.00","2,527,164,192.00",,,,,,
08-เม.ย.-2022,0.84,-0.01,-0.98%,0.85,0.84,0.87,"7,294,600","7,485,625.00","2,537,691,548.00",,,,,,
01-เม.ย.-2022,0.85,0.00,0.00%,0.85,0.85,0.87,"6,407,700","6,612,481.00","2,545,177,173.00",,,,,,
25-มี.ค.-2022,0.85,-0.02,-1.92%,0.87,0.84,0.88,"6,014,600","6,181,469.00","2,551,789,654.00",,,,,,
18-มี.ค.-2022,0.87,0.00,0.00%,0.87,0.86,0.89,"10,713,700","11,241,608.00","2,557,971,123.00",,,,,,
11-มี.ค.-2022,0.87,-0.01,-0.95%,0.87,0.82,0.90,"15,575,600","16,319,631.00","2,569,212,731.00",,,,,,
04-มี.ค.-2022,0.87,-0.01,-0.94%,0.87,0.87,0.92,"14,143,900","15,078,687.00","2,585,532,362.00",,,,,,
25-ก.พ.-2022,0.88,-0.04,-4.50%,0.92,0.86,0.94,"16,079,000","17,562,690.00","2,600,611,049.00",,,,,,
18-ก.พ.-2022,0.92,+0.02,+2.78%,0.90,0.90,0.93,"9,555,400","10,542,771.00","2,618,173,739.00",,,,,,
11-ก.พ.-2022,0.90,0.00,0.00%,0.92,0.89,0.94,"17,785,400","19,478,115.00","2,607,630,968.00",,,,,,
04-ก.พ.-2022,0.90,+0.02,+2.86%,0.89,0.88,0.95,"14,592,700","16,196,446.00","2,588,152,853.00",,,,,,
28-ม.ค.-2022,0.87,-0.04,-4.55%,0.92,0.87,0.93,"9,205,800","9,951,900.00","2,571,956,407.00",,,,,,
21-ม.ค.-2022,0.92,-0.02,-2.65%,0.94,0.89,0.97,"15,034,400","16,894,710.00","2,581,908,307.00",,,,,,
14-ม.ค.-2022,0.94,-0.01,-0.88%,0.95,0.94,0.97,"16,661,300","19,118,665.00","2,598,803,017.00",,,,,,
07-ม.ค.-2022,0.95,-0.02,-1.72%,0.97,0.94,0.99,"11,744,800","13,555,513.00","2,617,921,682.00",,,,,,
31-ธ.ค.-2021,0.97,+0.02,+1.75%,0.96,0.94,0.97,"19,457,600","22,278,822.00","2,631,477,195.00",,,,,,
24-ธ.ค.-2021,0.95,-0.02,-1.72%,0.97,0.93,0.98,"35,480,200","40,693,988.00","2,609,198,373.00",,,,,,
17-ธ.ค.-2021,0.97,+0.04,+4.50%,0.92,0.90,0.97,"29,807,700","33,761,129.00","2,649,892,361.00",,,,,,
10-ธ.ค.-2021,0.92,+0.02,+1.83%,0.92,0.91,0.95,"6,215,800","6,910,724.00","2,616,131,232.00",,,,,,
03-ธ.ค.-2021,0.91,-0.02,-2.68%,0.94,0.87,0.95,"16,149,400","17,778,693.00","2,609,220,508.00",,,,,,
26-พ.ย.-2021,0.93,0.00,0.00%,0.93,0.92,0.96,"27,242,300","30,867,884.00","2,626,999,201.00",,,,,,
19-พ.ย.-2021,0.93,-0.03,-3.45%,0.97,0.93,0.98,"17,173,500","19,642,972.00","2,657,867,085.00",,,,,,
12-พ.ย.-2021,0.97,+0.01,+0.87%,0.97,0.93,0.99,"20,041,700","23,067,215.00","2,677,510,057.00",,,,,,
05-พ.ย.-2021,0.96,-0.03,-3.36%,0.99,0.93,1.03,"33,852,400","39,911,093.00","2,654,442,842.00",,,,,,
29-ต.ค.-2021,0.99,-0.03,-3.25%,1.03,0.96,1.07,"74,770,400","92,639,041.00","2,694,353,935.00",,,,,,
22-ต.ค.-2021,1.02,+0.02,+2.50%,1.00,0.99,1.07,"40,069,200","49,725,063.00","2,786,992,976.00",,,,,,
15-ต.ค.-2021,1.00,0.00,0.00%,0.99,0.98,1.03,"20,110,500","24,422,225.00","2,737,267,913.00",,,,,,
08-ต.ค.-2021,1.00,-0.01,-0.83%,1.01,0.98,1.05,"27,415,900","33,322,660.00","2,761,690,138.00",,,,,,
01-ต.ค.-2021,1.01,-0.01,-0.82%,1.02,1.00,1.05,"21,893,100","26,823,301.00","2,795,012,798.00",,,,,,
24-ก.ย.-2021,1.02,+0.02,+2.52%,0.99,0.97,1.08,"79,656,800","99,084,205.00","2,821,836,099.00",,,,,,
17-ก.ย.-2021,0.99,+0.01,+0.85%,0.98,0.97,1.07,"96,624,200","120,166,729.00","2,722,751,894.00",,,,,,
10-ก.ย.-2021,0.98,-0.04,-4.07%,1.02,0.98,1.06,"48,189,400","59,314,153.00","2,602,585,165.00",,,,,,
03-ก.ย.-2021,1.02,+0.04,+4.24%,0.99,0.97,1.04,"27,165,700","33,026,642.00","2,661,899,318.00",,,,,,
27-ส.ค.-2021,0.98,+0.09,+10.28%,0.91,0.91,0.99,"12,337,200","14,134,647.00","2,628,872,676.00",,,,,,
20-ส.ค.-2021,0.89,0.00,0.00%,0.87,0.84,0.92,"7,302,000","7,693,822.00","2,614,738,029.00",,,,,,
13-ส.ค.-2021,0.89,-0.02,-2.73%,0.92,0.88,0.94,"5,136,000","5,644,149.00","2,622,431,851.00",,,,,,
06-ส.ค.-2021,0.92,-0.06,-5.98%,0.97,0.85,0.97,"22,664,500","24,942,301.00","2,628,076,000.00",,,,,,
30-ก.ค.-2021,0.97,-0.10,-9.30%,1.04,0.97,1.04,"33,455,300","40,208,252.00","2,653,018,301.00",,,,,,
23-ก.ค.-2021,1.07,+0.03,+3.20%,1.02,1.02,1.15,"402,456,100","528,568,465.00","2,693,226,553.00",,,,,,
16-ก.ค.-2021,1.04,+0.04,+4.17%,1.02,0.99,1.10,"148,144,800","187,382,617.00","2,164,658,088.00",,,,,,
09-ก.ค.-2021,1.00,+0.02,+2.56%,0.99,0.97,1.07,"86,293,300","106,495,709.00","1,977,275,471.00",,,,,,
02-ก.ค.-2021,0.97,-0.02,-2.50%,0.99,0.96,1.02,"20,073,300","23,934,740.00","1,870,779,762.00",,,,,,
25-มิ.ย.-2021,1.00,-0.03,-3.23%,1.03,0.99,1.05,"45,965,000","56,567,855.00","1,894,714,502.00",,,,,,
18-มิ.ย.-2021,1.03,+0.03,+3.33%,0.99,0.98,1.10,"69,799,700","87,959,604.00","1,951,282,357.00",,,,,,
11-มิ.ย.-2021,1.00,-0.02,-2.44%,1.02,0.98,1.04,"16,545,500","19,987,863.00","1,863,322,753.00",,,,,,
04-มิ.ย.-2021,1.02,-0.02,-1.60%,1.05,1.02,1.07,"33,920,300","42,622,003.00","1,883,310,616.00",,,,,,
28-พ.ค.-2021,1.04,-0.10,-8.76%,1.13,1.02,1.16,"90,416,000","117,566,966.00","1,925,932,619.00",,,,,,
21-พ.ค.-2021,1.14,+0.12,+11.38%,1.06,0.99,1.14,"127,310,200","166,678,859.00","2,043,499,585.00",,,,,,
14-พ.ค.-2021,1.02,+0.01,+0.82%,1.03,0.95,1.19,"181,234,000","241,157,677.00","1,876,820,726.00",,,,,,
07-พ.ค.-2021,1.02,+0.02,+2.52%,0.99,0.97,1.07,"52,619,900","65,216,231.00","1,635,663,049.00",,,,,,
30-เม.ย.-2021,0.99,+0.02,+2.59%,0.97,0.95,1.01,"15,311,400","18,037,082.00","1,570,446,818.00",,,,,,
23-เม.ย.-2021,0.97,+0.05,+5.45%,0.93,0.93,1.03,"35,483,600","42,244,272.00","1,552,409,736.00",,,,,,
16-เม.ย.-2021,0.92,-0.06,-5.98%,0.98,0.92,1.00,"10,142,700","11,597,317.00","1,510,165,464.00",,,,,,
09-เม.ย.-2021,0.97,-0.07,-7.14%,1.05,0.92,1.07,"32,206,100","38,808,332.00","1,521,762,781.00",,,,,,
02-เม.ย.-2021,1.05,-0.01,-0.79%,1.07,1.05,1.11,"58,320,800","74,950,071.00","1,560,571,113.00",,,,,,
26-มี.ค.-2021,1.06,+0.01,+0.79%,1.06,1.02,1.11,"70,906,800","90,524,995.00","1,635,521,184.00",,,,,,
19-มี.ค.-2021,1.05,+0.02,+2.44%,1.03,1.02,1.12,"57,171,000","72,518,342.00","1,544,996,189.00",,,,,,
12-มี.ค.-2021,1.02,0.00,0.00%,1.09,0.97,1.19,"115,746,000","149,940,395.00","1,472,477,847.00",,,,,,
05-มี.ค.-2021,1.02,+0.27,+36.67%,0.75,0.75,1.02,"70,192,500","75,763,502.00","1,322,537,452.00",,,,,,
26-ก.พ.-2021,0.75,+0.06,+8.43%,0.69,0.68,0.95,"78,737,100","78,000,166.00","1,246,773,950.00",,,,,,
19-ก.พ.-2021,0.69,+0.02,+3.75%,0.67,0.66,0.72,"15,917,900","13,064,324.00","1,168,773,784.00",,,,,,
12-ก.พ.-2021,0.67,0.00,0.00%,0.67,0.66,0.68,"8,913,800","7,189,174.00","1,155,709,460.00",,,,,,
05-ก.พ.-2021,0.67,+0.01,+1.27%,0.66,0.65,0.68,"12,548,300","10,016,043.00","1,148,520,286.00",,,,,,
29-ม.ค.-2021,0.66,+0.01,+1.28%,0.65,0.64,0.67,"7,983,600","6,310,613.00","1,138,504,243.00",,,,,,
22-ม.ค.-2021,0.65,+0.03,+5.41%,0.61,0.61,0.67,"10,840,700","8,445,241.00","1,132,193,630.00",,,,,,
15-ม.ค.-2021,0.62,+0.01,+1.37%,0.62,0.61,0.63,"6,550,000","4,864,499.00","1,123,748,389.00",,,,,,
08-ม.ค.-2021,0.61,+0.03,+5.80%,0.57,0.57,0.64,"19,033,100","14,018,797.00","1,118,883,890.00",,,,,,
01-ม.ค.-2021,0.57,-0.02,-2.82%,0.59,0.57,0.60,"7,635,500","5,365,978.00","1,104,865,093.00",,,,,,
25-ธ.ค.-2020,0.59,-0.02,-4.05%,0.61,0.57,0.62,"9,697,400","6,869,962.00","1,110,231,071.00",,,,,,
18-ธ.ค.-2020,0.62,+0.02,+4.23%,0.59,0.58,0.63,"8,704,300","6,383,724.00","1,117,101,033.00",,,,,,
11-ธ.ค.-2020,0.59,+0.02,+2.90%,0.57,0.57,0.62,"5,685,100","4,022,046.00","1,110,717,309.00",,,,,,
04-ธ.ค.-2020,0.57,+0.01,+1.47%,0.57,0.57,0.58,"5,742,200","3,943,207.00","1,106,695,263.00",,,,,,
27-พ.ย.-2020,0.57,+0.01,+1.49%,0.57,0.56,0.59,"8,619,000","5,945,761.00","1,102,752,056.00",,,,,,
20-พ.ย.-2020,0.56,+0.02,+4.69%,0.54,0.53,0.57,"9,594,100","6,334,727.00","1,096,806,295.00",,,,,,
13-พ.ย.-2020,0.53,-0.01,-1.54%,0.55,0.53,0.56,"9,502,900","6,225,750.00","1,090,471,568.00",,,,,,
06-พ.ย.-2020,0.54,+0.02,+4.84%,0.52,0.51,0.56,"9,732,100","6,214,755.00","1,096,697,318.00",,,,,,
30-ต.ค.-2020,0.52,0.00,0.00%,0.51,0.51,0.52,"5,947,600","3,703,488.00","1,090,482,563.00",,,,,,
23-ต.ค.-2020,0.52,+0.01,+1.64%,0.52,0.51,0.53,"5,724,600","3,548,706.00","1,086,779,075.00",,,,,,
16-ต.ค.-2020,0.51,-0.01,-1.61%,0.52,0.51,0.52,"6,641,500","4,121,336.00","1,083,230,369.00",,,,,,
09-ต.ค.-2020,0.52,0.00,0.00%,0.52,0.50,0.52,"8,721,800","5,376,856.00","1,087,351,705.00",,,,,,
02-ต.ค.-2020,0.52,0.00,0.00%,0.52,0.51,0.53,"6,345,400","3,969,070.00","1,092,728,561.00",,,,,,
25-ก.ย.-2020,0.52,0.00,0.00%,0.52,0.51,0.52,"2,229,100","1,384,502.00","1,096,697,631.00",,,,,,
18-ก.ย.-2020,0.52,-0.01,-1.59%,0.52,0.51,0.53,"4,137,200","2,571,335.00","1,098,082,133.00",,,,,,
11-ก.ย.-2020,0.52,+0.01,+1.61%,0.52,0.52,0.53,"4,829,700","3,018,229.00","1,100,653,468.00",,,,,,
04-ก.ย.-2020,0.52,-0.01,-1.59%,0.53,0.52,0.53,"3,261,500","2,052,035.00","1,097,635,239.00",,,,,,
28-ส.ค.-2020,0.52,-0.01,-1.56%,0.53,0.52,0.55,"10,760,200","6,924,241.00","1,099,687,274.00",,,,,,
21-ส.ค.-2020,0.53,+0.01,+1.59%,0.52,0.52,0.58,"25,990,900","17,467,351.00","1,106,611,515.00",,,,,,
14-ส.ค.-2020,0.52,0.00,0.00%,0.53,0.52,0.54,"4,400,400","2,801,376.00","1,089,144,164.00",,,,,,
07-ส.ค.-2020,0.52,-0.02,-3.08%,0.55,0.52,0.56,"4,552,900","2,992,906.00","1,091,945,540.00",,,,,,
31-ก.ค.-2020,0.54,-0.01,-1.52%,0.56,0.53,0.57,"5,848,000","3,874,209.00","1,094,938,446.00",,,,,,
24-ก.ค.-2020,0.55,-0.01,-1.49%,0.56,0.55,0.58,"12,996,500","8,784,668.00","1,098,812,655.00",,,,,,
17-ก.ค.-2020,0.56,+0.02,+4.69%,0.52,0.52,0.58,"32,989,800","22,140,716.00","1,107,597,323.00",,,,,,
10-ก.ค.-2020,0.53,0.00,0.00%,0.53,0.52,0.55,"5,423,200","3,457,966.00","1,085,456,607.00",,,,,,
03-ก.ค.-2020,0.53,+0.01,+1.59%,0.52,0.52,0.54,"6,820,900","4,304,149.00","1,081,998,641.00",,,,,,
26-มิ.ย.-2020,0.52,0.00,0.00%,0.52,0.52,0.55,"6,176,300","3,917,482.00","1,077,694,492.00",,,,,,
19-มิ.ย.-2020,0.52,0.00,0.00%,0.52,0.51,0.57,"7,627,600","4,908,085.00","1,081,611,974.00",,,,,,
12-มิ.ย.-2020,0.52,-0.02,-3.08%,0.54,0.52,0.54,"2,613,700","1,655,816.00","1,086,520,059.00",,,,,,
05-มิ.ย.-2020,0.54,+0.01,+1.56%,0.53,0.52,0.54,"2,127,500","1,349,799.00","1,088,175,875.00",,,,,,
29-พ.ค.-2020,0.53,+0.02,+3.23%,0.52,0.52,0.55,"1,660,700","1,070,292.00","1,086,826,076.00",,,,,,
22-พ.ค.-2020,0.52,-0.01,-1.59%,0.52,0.52,0.54,"928,100","589,520.00","1,085,755,784.00",,,,,,
15-พ.ค.-2020,0.52,-0.02,-3.08%,0.55,0.52,0.55,"1,351,900","873,989.00","1,086,345,304.00",,,,,,
08-พ.ค.-2020,0.54,+0.01,+1.56%,0.53,0.52,0.54,"214,200","137,767.00","1,087,219,293.00",,,,,,
01-พ.ค.-2020,0.53,-0.01,-1.54%,0.54,0.52,0.55,"934,300","605,850.00","1,087,081,526.00",,,,,,
24-เม.ย.-2020,0.54,+0.03,+6.56%,0.52,0.51,0.57,"2,720,200","1,751,355.00","1,087,687,376.00",,,,,,
17-เม.ย.-2020,0.51,-0.02,-3.17%,0.53,0.51,0.53,"855,900","531,577.00","1,085,936,021.00",,,,,,
10-เม.ย.-2020,0.52,+0.01,+1.61%,0.52,0.51,0.53,"2,197,400","1,375,793.00","1,086,467,598.00",,,,,,
03-เม.ย.-2020,0.52,-0.01,-1.59%,0.52,0.50,0.53,"1,783,900","1,109,694.00","1,085,091,805.00",,,,,,
27-มี.ค.-2020,0.52,-0.02,-4.55%,0.53,0.51,0.55,"3,514,100","2,248,242.00","1,086,201,499.00",,,,,,
20-มี.ค.-2020,0.55,-0.02,-2.94%,0.57,0.53,0.58,"4,893,300","3,289,538.00","1,088,449,741.00",,,,,,
13-มี.ค.-2020,0.57,-0.02,-4.23%,0.58,0.53,0.61,"5,381,100","3,760,599.00","1,091,739,279.00",,,,,,
06-มี.ค.-2020,0.59,+0.01,+1.43%,0.59,0.58,0.61,"4,924,500","3,485,974.00","1,095,499,878.00",,,,,,
28-ก.พ.-2020,0.58,-0.02,-4.11%,0.60,0.57,0.61,"6,308,200","4,470,183.00","1,092,013,904.00",,,,,,
21-ก.พ.-2020,0.61,0.00,0.00%,0.61,0.59,0.62,"5,434,800","3,963,541.00","1,096,484,087.00",,,,,,
14-ก.พ.-2020,0.61,+0.01,+1.39%,0.60,0.59,0.62,"3,948,400","2,858,950.00","1,092,520,546.00",,,,,,
07-ก.พ.-2020,0.60,+0.01,+1.41%,0.59,0.59,0.61,"6,021,900","4,329,642.00","1,089,661,596.00",,,,,,
31-ม.ค.-2020,0.59,+0.01,+1.43%,0.58,0.57,0.61,"4,612,200","3,273,908.00","1,085,331,954.00",,,,,,
24-ม.ค.-2020,0.58,0.00,0.00%,0.57,0.57,0.61,"6,075,900","4,294,157.00","1,082,058,046.00",,,,,,
17-ม.ค.-2020,0.58,+0.01,+1.45%,0.57,0.57,0.59,"4,578,600","3,188,728.00","1,077,763,889.00",,,,,,
10-ม.ค.-2020,0.57,-0.01,-1.43%,0.57,0.57,0.57,"3,066,500","2,097,180.00","1,074,575,161.00",,,,,,
03-ม.ค.-2020,0.58,0.00,0.00%,0.58,0.57,0.58,"1,685,000","1,171,460.00","1,076,672,341.00",,,,,,
27-ธ.ค.-2019,0.58,0.00,0.00%,0.58,0.56,0.58,"2,166,100","1,498,740.00","1,077,843,801.00",,,,,,
20-ธ.ค.-2019,0.58,-0.02,-2.78%,0.59,0.57,0.60,"2,096,300","1,479,530.00","1,079,342,541.00",,,,,,
13-ธ.ค.-2019,0.60,0.00,0.00%,0.60,0.58,0.60,"827,800","589,410.00","1,080,822,071.00",,,,,,
06-ธ.ค.-2019,0.60,+0.01,+1.41%,0.60,0.58,0.63,"7,507,900","5,480,660.00","1,080,232,661.00",,,,,,
29-พ.ย.-2019,0.59,-0.02,-2.74%,0.62,0.58,0.62,"2,243,000","1,617,690.00","1,074,752,001.00",,,,,,
22-พ.ย.-2019,0.61,-0.02,-2.67%,0.62,0.60,0.62,"3,503,800","2,592,590.00","1,076,369,691.00",,,,,,
15-พ.ย.-2019,0.62,0.00,0.00%,0.62,0.61,0.64,"7,778,900","5,826,970.00","1,078,962,281.00",,,,,,
08-พ.ย.-2019,0.62,0.00,0.00%,0.62,0.61,0.62,"4,153,200","3,090,520.00","1,084,789,251.00",,,,,,
01-พ.ย.-2019,0.62,0.00,0.00%,0.62,0.62,0.63,"5,575,500","4,190,600.00","1,087,879,771.00",,,,,,
25-ต.ค.-2019,0.62,-0.01,-1.32%,0.63,0.62,0.64,"5,047,400","3,833,120.00","1,092,070,371.00",,,,,,
18-ต.ค.-2019,0.63,0.00,0.00%,0.62,0.62,0.63,"1,607,200","1,207,700.00","1,095,903,491.00",,,,,,
11-ต.ค.-2019,0.63,0.00,0.00%,0.63,0.62,0.65,"3,989,000","3,037,230.00","1,097,111,191.00",,,,,,
04-ต.ค.-2019,0.63,0.00,0.00%,0.63,0.62,0.65,"3,311,500","2,530,480.00","1,100,148,421.00",,,,,,
27-ก.ย.-2019,0.63,0.00,0.00%,0.63,0.62,0.64,"2,580,700","1,968,050.00","1,102,678,901.00",,,,,,
20-ก.ย.-2019,0.63,0.00,0.00%,0.63,0.62,0.65,"5,475,400","4,191,530.00","1,104,646,951.00",,,,,,
13-ก.ย.-2019,0.63,-0.01,-1.30%,0.63,0.63,0.64,"2,082,900","1,592,410.00","1,108,838,481.00",,,,,,
06-ก.ย.-2019,0.64,+0.01,+1.32%,0.64,0.63,0.65,"3,632,900","2,776,280.00","1,110,430,891.00",,,,,,
30-ส.ค.-2019,0.63,-0.01,-1.30%,0.63,0.62,0.66,"7,768,800","6,008,670.00","1,107,654,611.00",,,,,,
23-ส.ค.-2019,0.64,0.00,0.00%,0.64,0.63,0.67,"6,856,300","5,323,760.00","1,113,663,281.00",,,,,,
16-ส.ค.-2019,0.64,0.00,0.00%,0.64,0.62,0.64,"2,690,400","2,049,600.00","1,108,339,521.00",,,,,,
09-ส.ค.-2019,0.64,+0.01,+1.32%,0.64,0.62,0.65,"3,643,100","2,784,830.00","1,106,289,921.00",,,,,,
02-ส.ค.-2019,0.63,-0.01,-1.30%,0.63,0.63,0.70,"12,978,500","10,267,550.00","1,103,505,091.00",,,,,,
26-ก.ค.-2019,0.64,0.00,0.00%,0.64,0.63,0.65,"2,327,700","1,791,420.00","1,113,772,641.00",,,,,,
19-ก.ค.-2019,0.64,0.00,0.00%,0.64,0.63,0.65,"1,513,400","1,168,080.00","1,115,564,061.00",,,,,,
12-ก.ค.-2019,0.64,-0.01,-1.28%,0.66,0.63,0.67,"8,153,000","6,328,140.00","1,116,732,141.00",,,,,,
05-ก.ค.-2019,0.65,0.00,0.00%,0.65,0.63,0.67,"3,974,900","3,099,900.00","1,123,060,281.00",,,,,,
28-มิ.ย.-2019,0.65,0.00,0.00%,0.65,0.64,0.67,"9,367,300","7,390,830.00","1,126,160,181.00",,,,,,
21-มิ.ย.-2019,0.65,-0.01,-1.27%,0.66,0.65,0.67,"5,633,800","4,473,350.00","1,133,551,011.00",,,,,,
14-มิ.ย.-2019,0.66,+0.01,+1.28%,0.66,0.65,0.67,"2,147,200","1,701,150.00","1,138,024,361.00",,,,,,
07-มิ.ย.-2019,0.65,-0.01,-1.27%,0.66,0.65,0.67,"3,035,800","2,397,793.00","1,136,323,211.00",,,,,,
31-พ.ค.-2019,0.66,0.00,0.00%,0.66,0.64,0.67,"2,237,100","1,763,815.00","1,138,721,004.00",,,,,,
24-พ.ค.-2019,0.66,+0.01,+1.28%,0.65,0.63,0.67,"3,624,500","2,868,902.00","1,136,957,189.00",,,,,,
17-พ.ค.-2019,0.65,0.00,0.00%,0.67,0.63,0.67,"2,221,700","1,728,504.00","1,134,088,287.00",,,,,,
10-พ.ค.-2019,0.65,-0.02,-3.70%,0.67,0.65,0.69,"3,533,100","2,841,823.00","1,135,816,791.00",,,,,,
03-พ.ค.-2019,0.67,-0.01,-1.22%,0.68,0.67,0.69,"4,165,900","3,397,100.00","1,138,658,614.00",,,,,,
26-เม.ย.-2019,0.68,+0.01,+1.23%,0.67,0.67,0.71,"6,054,600","4,985,226.00","1,142,055,714.00",,,,,,
19-เม.ย.-2019,0.67,-0.02,-3.57%,0.69,0.67,0.70,"2,909,600","2,388,162.00","1,137,070,488.00",,,,,,
12-เม.ย.-2019,0.70,+0.01,+1.20%,0.69,0.69,0.72,"3,566,400","2,993,215.00","1,139,458,650.00",,,,,,
05-เม.ย.-2019,0.69,-0.01,-1.19%,0.70,0.69,0.71,"3,725,000","3,114,410.00","1,136,465,435.00",,,,,,
29-มี.ค.-2019,0.70,-0.01,-1.18%,0.71,0.68,0.73,"11,517,700","9,786,508.00","1,139,579,845.00",,,,,,
22-มี.ค.-2019,0.71,+0.02,+2.41%,0.70,0.69,0.75,"30,606,700","26,380,916.00","1,149,366,353.00",,,,,,
15-มี.ค.-2019,0.69,+0.02,+2.47%,0.68,0.68,0.74,"22,352,000","19,114,780.00","1,122,985,437.00",,,,,,
08-มี.ค.-2019,0.67,-0.02,-2.41%,0.70,0.67,0.73,"11,903,400","9,979,038.00","1,103,870,657.00",,,,,,
01-มี.ค.-2019,0.69,-0.02,-3.49%,0.72,0.67,0.77,"33,544,800","29,118,922.00","1,113,849,695.00",,,,,,
22-ก.พ.-2019,0.72,+0.06,+8.86%,0.66,0.65,0.81,"113,161,500","101,416,113.00","1,142,968,617.00",,,,,,
15-ก.พ.-2019,0.66,-0.01,-1.25%,0.67,0.65,0.68,"4,456,000","3,552,956.00","1,041,552,504.00",,,,,,
08-ก.พ.-2019,0.67,+0.03,+5.26%,0.64,0.63,0.72,"22,642,700","18,333,975.00","1,045,105,460.00",,,,,,
01-ก.พ.-2019,0.63,0.00,0.00%,0.64,0.63,0.64,"1,676,400","1,280,577.00","1,026,771,485.00",,,,,,
25-ม.ค.-2019,0.63,-0.01,-1.30%,0.64,0.62,0.65,"2,042,800","1,563,568.00","1,028,052,062.00",,,,,,
18-ม.ค.-2019,0.64,+0.01,+1.32%,0.63,0.62,0.67,"7,390,600","5,705,097.00","1,029,615,630.00",,,,,,
11-ม.ค.-2019,0.63,0.00,0.00%,0.62,0.62,0.64,"2,228,600","1,693,006.00","1,023,910,533.00",,,,,,
04-ม.ค.-2019,0.63,+0.01,+1.33%,0.62,0.62,0.63,"1,422,600","1,066,853.00","1,022,217,527.00",,,,,,
28-ธ.ค.-2018,0.62,-0.01,-1.32%,0.63,0.61,0.64,"2,403,200","1,809,088.00","1,021,150,674.00",,,,,,
21-ธ.ค.-2018,0.63,0.00,0.00%,0.63,0.62,0.65,"1,644,700","1,252,969.00","1,022,959,762.00",,,,,,
14-ธ.ค.-2018,0.63,-0.01,-1.30%,0.64,0.62,0.65,"1,631,300","1,245,885.00","1,024,212,731.00",,,,,,
07-ธ.ค.-2018,0.64,-0.01,-1.28%,0.66,0.63,0.67,"3,115,700","2,433,406.00","1,025,458,616.00",,,,,,
30-พ.ย.-2018,0.65,0.00,0.00%,0.65,0.63,0.67,"3,254,900","2,531,393.00","1,027,892,022.00",,,,,,
23-พ.ย.-2018,0.65,-0.01,-1.27%,0.63,0.62,0.67,"2,946,400","2,306,119.00","1,030,423,415.00",,,,,,
16-พ.ย.-2018,0.66,0.00,0.00%,0.67,0.63,0.68,"5,471,000","4,383,776.00","1,032,729,534.00",,,,,,
09-พ.ย.-2018,0.66,-0.01,-1.25%,0.67,0.66,0.67,"1,228,300","977,714.00","1,037,113,310.00",,,,,,
02-พ.ย.-2018,0.67,0.00,0.00%,0.67,0.66,0.68,"2,686,700","2,168,694.00","1,038,091,024.00",,,,,,
26-ต.ค.-2018,0.67,-0.01,-1.23%,0.67,0.66,0.68,"1,795,400","1,435,812.00","1,040,259,718.00",,,,,,
19-ต.ค.-2018,0.67,-0.01,-1.22%,0.68,0.67,0.70,"2,082,600","1,713,230.00","1,041,695,530.00",,,,,,
12-ต.ค.-2018,0.68,0.00,0.00%,0.67,0.67,0.71,"6,908,800","5,679,954.00","1,043,408,760.00",,,,,,
05-ต.ค.-2018,0.68,0.00,0.00%,0.69,0.67,0.72,"3,830,900","3,200,382.00","1,049,088,714.00",,,,,,
28-ก.ย.-2018,0.68,-0.01,-1.20%,0.70,0.67,0.74,"17,285,900","14,763,089.00","1,052,289,096.00",,,,,,
21-ก.ย.-2018,0.69,+0.02,+3.75%,0.67,0.67,0.70,"3,223,700","2,645,559.00","1,067,052,185.00",,,,,,
14-ก.ย.-2018,0.67,0.00,0.00%,0.67,0.66,0.68,"2,914,300","2,335,261.00","1,064,406,626.00",,,,,,
07-ก.ย.-2018,0.67,-0.01,-1.23%,0.67,0.66,0.68,"3,087,700","2,493,254.00","1,066,741,887.00",,,,,,
31-ส.ค.-2018,0.67,+0.01,+1.25%,0.67,0.67,0.68,"2,607,700","2,111,542.00","1,069,235,141.00",,,,,,
24-ส.ค.-2018,0.67,0.00,0.00%,0.67,0.66,0.68,"1,969,800","1,590,368.00","1,067,123,599.00",,,,,,
17-ส.ค.-2018,0.67,-0.01,-1.23%,0.67,0.65,0.67,"1,050,500","837,346.00","1,068,713,967.00",,,,,,
10-ส.ค.-2018,0.67,+0.01,+1.25%,0.67,0.67,0.77,"21,597,500","18,532,379.00","1,069,551,313.00",,,,,,
03-ส.ค.-2018,0.67,-0.01,-1.23%,0.67,0.65,0.67,"1,227,200","975,858.00","1,051,018,934.00",,,,,,
27-ก.ค.-2018,0.67,+0.01,+1.25%,0.66,0.65,0.67,"684,400","544,454.00","1,051,994,792.00",,,,,,
20-ก.ค.-2018,0.67,+0.02,+2.56%,0.64,0.63,0.67,"1,191,000","923,659.00","1,051,450,338.00",,,,,,
13-ก.ค.-2018,0.65,0.00,0.00%,0.65,0.63,0.66,"616,300","475,265.00","1,050,526,679.00",,,,,,
06-ก.ค.-2018,0.65,-0.01,-1.27%,0.63,0.63,0.67,"4,977,500","3,903,009.00","1,051,001,944.00",,,,,,
29-มิ.ย.-2018,0.66,-0.01,-1.25%,0.67,0.65,0.68,"4,688,300","3,772,330.00","1,054,904,953.00",,,,,,
22-มิ.ย.-2018,0.67,-0.02,-2.44%,0.68,0.67,0.68,"2,549,600","2,077,657.00","1,058,677,283.00",,,,,,
15-มิ.ย.-2018,0.68,0.00,0.00%,0.68,0.67,0.70,"2,623,700","2,152,045.00","1,060,754,940.00",,,,,,
08-มิ.ย.-2018,0.68,-0.01,-1.20%,0.70,0.66,0.70,"2,949,900","2,422,391.00","1,062,906,985.00",,,,,,
01-มิ.ย.-2018,0.69,-0.01,-1.19%,0.69,0.68,0.70,"1,547,900","1,292,286.00","1,065,329,376.00",,,,,,
25-พ.ค.-2018,0.70,-0.01,-1.18%,0.71,0.68,0.72,"2,905,900","2,455,267.00","1,066,621,662.00",,,,,,
18-พ.ค.-2018,0.71,-0.01,-1.16%,0.72,0.70,0.73,"3,501,300","3,002,181.00","1,069,076,929.00",,,,,,
11-พ.ค.-2018,0.72,0.00,0.00%,0.72,0.70,0.76,"9,915,700","8,659,671.00","1,072,079,110.00",,,,,,
04-พ.ค.-2018,0.72,+0.01,+1.18%,0.72,0.70,0.73,"4,793,300","4,114,937.00","1,063,419,439.00",,,,,,
27-เม.ย.-2018,0.71,-0.03,-4.49%,0.74,0.71,0.77,"14,638,700","13,091,677.00","1,059,304,502.00",,,,,,
20-เม.ย.-2018,0.74,-0.01,-1.11%,0.74,0.74,0.77,"5,324,600","4,815,268.00","1,072,396,179.00",,,,,,
13-เม.ย.-2018,0.75,-0.01,-1.10%,0.76,0.74,0.79,"9,194,100","8,446,679.00","1,077,211,447.00",,,,,,
06-เม.ย.-2018,0.76,-0.02,-3.19%,0.77,0.74,0.79,"1,632,200","1,509,414.00","1,085,658,126.00",,,,,,
30-มี.ค.-2018,0.78,-0.02,-2.08%,0.80,0.77,0.81,"6,238,600","5,913,788.00","1,087,167,540.00",,,,,,
23-มี.ค.-2018,0.80,+0.02,+2.13%,0.79,0.78,0.82,"8,830,000","8,526,970.00","1,093,081,328.00",,,,,,
16-มี.ค.-2018,0.78,-0.02,-2.08%,0.80,0.78,0.83,"9,097,100","8,806,601.00","1,084,554,358.00",,,,,,
09-มี.ค.-2018,0.80,+0.01,+1.05%,0.79,0.77,0.82,"2,412,300","2,296,034.00","1,093,360,959.00",,,,,,
02-มี.ค.-2018,0.79,-0.02,-2.06%,0.80,0.79,0.82,"822,100","788,974.00","1,091,064,925.00",,,,,,
23-ก.พ.-2018,0.81,-0.02,-3.00%,0.83,0.78,0.84,"1,971,600","1,923,120.00","1,091,853,899.00",,,,,,
16-ก.พ.-2018,0.83,0.00,0.00%,0.85,0.82,0.86,"2,035,600","2,034,459.00","1,093,777,019.00",,,,,,
09-ก.พ.-2018,0.83,-0.02,-1.96%,0.85,0.82,0.89,"10,224,100","10,511,791.00","1,095,811,478.00",,,,,,
02-ก.พ.-2018,0.85,+0.02,+2.00%,0.85,0.82,0.95,"27,649,700","29,721,627.00","1,106,323,269.00",,,,,,
26-ม.ค.-2018,0.83,+0.03,+4.17%,0.81,0.80,0.92,"26,362,000","27,118,099.00","1,076,601,642.00",,,,,,
19-ม.ค.-2018,0.80,-0.01,-1.03%,0.81,0.78,0.82,"2,366,200","2,290,789.00","1,049,483,543.00",,,,,,
12-ม.ค.-2018,0.81,+0.01,+1.04%,0.82,0.80,0.84,"2,393,200","2,355,257.00","1,051,774,332.00",,,,,,
05-ม.ค.-2018,0.80,-0.02,-2.04%,0.82,0.80,0.82,"360,300","347,329.00","1,049,419,075.00",,,,,,
29-ธ.ค.-2017,0.82,+0.02,+2.08%,0.80,0.78,0.83,"1,413,900","1,373,388.00","1,049,766,404.00",,,,,,
22-ธ.ค.-2017,0.80,0.00,0.00%,0.80,0.79,0.82,"592,500","567,952.00","1,048,393,016.00",,,,,,
15-ธ.ค.-2017,0.80,-0.01,-1.03%,0.81,0.78,0.82,"268,900","257,556.00","1,048,960,968.00",,,,,,
08-ธ.ค.-2017,0.81,-0.02,-2.02%,0.82,0.80,0.82,"439,300","429,666.00","1,049,218,524.00",,,,,,
01-ธ.ค.-2017,0.82,0.00,0.00%,0.82,0.81,0.84,"560,300","556,439.00","1,049,648,190.00",,,,,,
24-พ.ย.-2017,0.82,+0.03,+4.21%,0.81,0.78,0.91,"9,101,900","9,341,590.00","1,049,091,751.00",,,,,,
17-พ.ย.-2017,0.79,-0.09,-10.38%,0.88,0.78,0.88,"2,206,400","2,175,667.00","1,039,750,161.00",,,,,,
10-พ.ย.-2017,0.88,-0.03,-3.64%,0.92,0.85,0.93,"1,439,800","1,575,950.00","1,041,925,828.00",,,,,,
03-พ.ย.-2017,0.92,-0.02,-1.79%,0.93,0.92,0.94,"758,300","842,359.00","1,043,501,778.00",,,,,,
27-ต.ค.-2017,0.93,-0.02,-1.75%,0.95,0.92,0.95,"773,900","871,154.00","1,044,344,137.00",,,,,,
20-ต.ค.-2017,0.95,-0.02,-1.72%,0.97,0.94,0.98,"829,900","955,294.00","1,045,215,291.00",,,,,,
13-ต.ค.-2017,0.97,-0.02,-1.69%,0.98,0.97,0.99,"1,454,300","1,698,388.00","1,046,170,585.00",,,,,,
06-ต.ค.-2017,0.98,-0.01,-0.84%,0.98,0.97,1.00,"1,797,200","2,113,325.00","1,047,868,973.00",,,,,,
29-ก.ย.-2017,0.99,0.00,0.00%,0.99,0.98,1.04,"6,942,000","8,405,039.00","1,049,982,298.00",,,,,,
22-ก.ย.-2017,0.99,+0.02,+1.71%,0.98,0.97,1.01,"4,518,100","5,387,524.00","1,041,577,259.00",,,,,,
15-ก.ย.-2017,0.97,+0.01,+0.86%,0.98,0.97,1.00,"3,184,700","3,778,113.00","1,036,189,735.00",,,,,,
08-ก.ย.-2017,0.97,0.00,0.00%,0.97,0.96,0.98,"1,293,800","1,506,430.00","1,032,411,622.00",,,,,,
01-ก.ย.-2017,0.97,0.00,0.00%,0.97,0.96,0.99,"3,139,300","3,681,444.00","1,033,918,052.00",,,,,,
25-ส.ค.-2017,0.97,-0.02,-1.69%,1.00,0.96,1.00,"1,696,400","1,986,928.00","1,037,599,496.00",,,,,,
18-ส.ค.-2017,0.98,-0.01,-0.84%,1.00,0.98,1.02,"1,092,400","1,299,966.00","1,039,586,424.00",,,,,,
11-ส.ค.-2017,0.99,-0.03,-3.25%,1.02,0.98,1.08,"17,997,400","22,647,867.00","1,040,886,390.00",,,,,,
04-ส.ค.-2017,1.02,-0.02,-1.60%,1.04,1.00,1.05,"2,629,000","3,220,421.00","1,063,534,257.00",,,,,,
28-ก.ค.-2017,1.04,-0.04,-3.85%,1.09,1.04,1.09,"2,004,200","2,539,326.00","1,066,754,678.00",,,,,,
21-ก.ค.-2017,1.08,+0.03,+3.17%,1.06,1.06,1.10,"3,719,000","4,807,163.00","1,069,294,004.00",,,,,,
14-ก.ค.-2017,1.05,+0.01,+0.80%,1.04,1.04,1.10,"5,847,100","7,474,808.00","1,064,486,841.00",,,,,,
07-ก.ค.-2017,1.04,-0.04,-3.85%,1.08,1.04,1.09,"3,677,200","4,671,123.00","1,057,012,033.00",,,,,,
30-มิ.ย.-2017,1.08,-0.02,-2.26%,1.10,1.07,1.13,"10,599,500","13,999,489.00","1,061,683,156.00",,,,,,
23-มิ.ย.-2017,1.11,-0.02,-2.21%,1.12,1.09,1.17,"27,533,100","37,633,015.00","1,075,682,645.00",,,,,,
16-มิ.ย.-2017,1.13,+0.05,+4.62%,1.07,1.05,1.13,"43,418,500","57,477,426.00","1,113,315,660.00",,,,,,
09-มิ.ย.-2017,1.08,+0.06,+5.69%,1.03,1.02,1.12,"18,979,000","24,561,224.00","1,055,838,234.00",,,,,,
02-มิ.ย.-2017,1.02,-0.02,-2.38%,1.06,1.02,1.07,"2,533,100","3,164,870.00","1,031,277,010.00",,,,,,
26-พ.ค.-2017,1.05,+0.02,+2.44%,1.02,1.02,1.08,"7,000,700","8,797,447.00","1,034,441,880.00",,,,,,
19-พ.ค.-2017,1.02,+0.02,+1.65%,1.01,1.00,1.06,"2,065,400","2,543,978.00","1,025,644,433.00",,,,,,
12-พ.ค.-2017,1.01,-0.07,-6.20%,1.08,1.01,1.08,"4,768,300","6,000,778.00","1,023,100,455.00",,,,,,
05-พ.ค.-2017,1.07,-0.01,-0.77%,1.10,1.07,1.11,"3,420,000","4,475,258.00","1,029,101,233.00",,,,,,
28-เม.ย.-2017,1.08,-0.04,-3.70%,1.13,1.07,1.14,"25,276,100","33,396,762.00","1,033,576,491.00",,,,,,
21-เม.ย.-2017,1.12,+0.02,+1.50%,1.11,1.10,1.17,"17,622,800","23,983,995.00","1,066,973,253.00",,,,,,
14-เม.ย.-2017,1.11,+0.01,+0.76%,1.12,1.10,1.16,"16,170,800","21,896,881.00","1,042,989,258.00",,,,,,
07-เม.ย.-2017,1.10,0.00,0.00%,1.10,1.09,1.13,"4,260,800","5,652,582.00","1,021,092,377.00",,,,,,
31-มี.ค.-2017,1.10,+0.03,+3.13%,1.08,1.04,1.21,"23,612,600","32,168,717.00","1,015,439,795.00",,,,,,
24-มี.ค.-2017,1.07,+0.01,+0.79%,1.07,1.06,1.10,"3,323,500","4,275,464.00","983,271,078.00",,,,,,
17-มี.ค.-2017,1.06,-0.02,-2.31%,1.08,1.04,1.08,"2,383,200","3,037,689.00","978,995,614.00",,,,,,
10-มี.ค.-2017,1.08,-0.04,-3.70%,1.13,1.07,1.13,"2,160,300","2,838,391.00","982,033,303.00",,,,,,
03-มี.ค.-2017,1.12,-0.02,-2.17%,1.15,1.11,1.16,"2,485,600","3,369,776.00","984,871,694.00",,,,,,
24-ก.พ.-2017,1.15,+0.03,+2.99%,1.12,1.11,1.22,"18,162,800","25,632,599.00","988,241,470.00",,,,,,
17-ก.พ.-2017,1.12,+0.02,+1.52%,1.12,1.09,1.12,"753,200","999,957.00","962,608,871.00",,,,,,
10-ก.พ.-2017,1.10,-0.01,-0.75%,1.12,1.09,1.13,"1,273,900","1,699,509.00","961,608,914.00",,,,,,
03-ก.พ.-2017,1.11,-0.08,-6.99%,1.18,1.10,1.18,"5,202,600","7,085,420.00","963,308,423.00",,,,,,
27-ม.ค.-2017,1.19,0.00,0.00%,1.20,1.15,1.22,"5,626,000","8,048,326.00","970,393,843.00",,,,,,
20-ม.ค.-2017,1.19,-0.02,-2.05%,1.22,1.17,1.22,"3,050,100","4,364,286.00","978,442,169.00",,,,,,
13-ม.ค.-2017,1.22,+0.04,+3.55%,1.18,1.18,1.24,"21,075,200","30,719,704.00","982,806,455.00",,,,,,
06-ม.ค.-2017,1.17,0.00,0.00%,1.18,1.16,1.22,"16,324,200","23,443,571.00","952,086,751.00",,,,,,
30-ธ.ค.-2016,1.17,+0.06,+5.22%,1.12,1.12,1.26,"42,532,600","60,332,534.00","928,643,180.00",,,,,,
23-ธ.ค.-2016,1.12,+0.04,+3.88%,1.07,1.07,1.35,"92,948,300","136,417,055.00","868,310,646.00",,,,,,
16-ธ.ค.-2016,1.07,-0.01,-0.77%,1.12,1.07,1.12,"695,400","900,106.00","731,893,591.00",,,,,,
09-ธ.ค.-2016,1.08,+0.03,+3.17%,1.04,1.02,1.17,"3,458,900","4,616,003.00","732,793,697.00",,,,,,
02-ธ.ค.-2016,1.05,-0.02,-1.56%,1.07,1.02,1.07,"716,600","900,645.00","728,177,694.00",,,,,,
25-พ.ย.-2016,1.07,+0.02,+1.59%,1.07,1.06,1.12,"462,800","596,285.00","729,078,339.00",,,,,,
18-พ.ย.-2016,1.05,-0.06,-5.26%,1.10,1.04,1.10,"779,500","1,004,977.00","728,482,054.00",,,,,,
11-พ.ย.-2016,1.11,-0.02,-1.48%,1.12,1.10,1.15,"1,439,300","1,932,950.00","729,487,031.00",,,,,,
04-พ.ย.-2016,1.12,+0.01,+0.75%,1.13,1.12,1.15,"1,326,100","1,798,682.00","731,419,981.00",,,,,,
28-ต.ค.-2016,1.12,+0.06,+5.51%,1.08,1.07,1.13,"1,528,700","2,043,504.00","729,621,299.00",,,,,,
21-ต.ค.-2016,1.06,+0.07,+7.63%,0.99,0.99,1.12,"2,947,300","3,831,827.00","727,577,795.00",,,,,,
14-ต.ค.-2016,0.98,-0.20,-16.90%,1.12,0.77,1.12,"5,373,000","6,154,210.00","723,745,968.00",,,,,,
07-ต.ค.-2016,1.18,+0.01,+0.71%,1.22,1.17,1.22,"638,100","907,628.00","729,900,178.00",,,,,,
30-ก.ย.-2016,1.17,-0.01,-0.70%,1.18,1.17,1.22,"488,500","692,736.00","728,992,550.00",,,,,,
23-ก.ย.-2016,1.18,+0.02,+1.43%,1.17,1.15,1.20,"529,500","747,170.00","729,685,286.00",,,,,,
16-ก.ย.-2016,1.17,-0.01,-0.71%,1.12,1.11,1.18,"1,274,400","1,740,423.00","728,938,116.00",,,,,,
09-ก.ย.-2016,1.17,-0.07,-6.00%,1.24,1.16,1.27,"4,253,800","6,218,729.00","730,678,539.00",,,,,,
02-ก.ย.-2016,1.25,-0.02,-1.96%,1.29,1.23,1.36,"19,105,900","29,865,515.00","736,897,268.00",,,,,,
26-ส.ค.-2016,1.27,-0.05,-3.77%,1.33,1.27,1.33,"5,878,900","9,218,289.00","766,762,783.00",,,,,,
19-ส.ค.-2016,1.32,+0.08,+6.71%,1.24,1.21,1.34,"22,234,000","34,940,794.00","775,981,072.00",,,,,,
12-ส.ค.-2016,1.24,0.00,0.00%,1.25,1.23,1.28,"1,662,000","2,496,559.00","741,040,278.00",,,,,,
05-ส.ค.-2016,1.24,-0.02,-1.97%,1.27,1.22,1.27,"2,940,200","4,400,133.00","743,536,837.00",,,,,,
29-ก.ค.-2016,1.27,-0.06,-4.40%,1.32,1.22,1.35,"24,694,800","38,172,283.00","747,936,970.00",,,,,,
22-ก.ค.-2016,1.32,+0.02,+1.27%,1.32,1.30,1.37,"14,965,200","24,032,748.00","786,109,253.00",,,,,,
15-ก.ค.-2016,1.31,-0.02,-1.26%,1.33,1.30,1.49,"103,831,400","173,810,012.00","762,076,505.00",,,,,,
08-ก.ค.-2016,1.32,+0.10,+8.16%,1.22,1.20,1.41,"40,164,800","64,851,128.00","935,886,517.00",,,,,,
01-ก.ค.-2016,1.22,-0.04,-3.29%,1.33,1.20,1.37,"12,901,000","19,980,043.00","871,035,389.00",,,,,,
24-มิ.ย.-2016,1.27,-0.11,-7.88%,1.37,1.25,1.37,"6,638,700","10,458,089.00","891,015,432.00",,,,,,
17-มิ.ย.-2016,1.37,+0.07,+5.77%,1.28,1.27,1.42,"8,747,900","14,440,375.00","901,473,521.00",,,,,,
10-มิ.ย.-2016,1.30,-0.02,-1.89%,1.32,1.25,1.32,"2,707,500","4,239,672.00","887,033,146.00",,,,,,
03-มิ.ย.-2016,1.32,+0.12,+9.66%,1.20,1.19,1.37,"5,442,800","8,586,605.00","891,272,818.00",,,,,,
27-พ.ค.-2016,1.21,-0.01,-0.68%,1.17,1.15,1.25,"4,517,000","6,423,613.00","882,686,213.00",,,,,,
20-พ.ค.-2016,1.22,-0.16,-11.52%,1.40,1.17,1.40,"4,509,200","6,835,524.00","889,109,826.00",,,,,,
13-พ.ค.-2016,1.37,+0.11,+8.55%,1.27,1.27,1.40,"11,955,800","19,438,528.00","895,945,350.00",,,,,,
06-พ.ค.-2016,1.27,-0.09,-6.75%,1.33,1.23,1.37,"3,850,400","5,898,405.00","876,506,822.00",,,,,,
29-เม.ย.-2016,1.36,+0.18,+15.60%,1.07,1.05,1.50,"87,472,600","135,857,701.00","882,405,227.00",,,,,,
22-เม.ย.-2016,1.17,+0.28,+31.78%,0.89,0.88,1.17,"137,198,500","177,276,220.00","746,547,526.00",,,,,,
15-เม.ย.-2016,0.89,0.00,0.00%,0.90,0.87,0.93,"11,138,400","12,127,416.00","569,271,306.00",,,,,,
08-เม.ย.-2016,0.89,+0.04,+4.90%,0.85,0.85,0.97,"32,364,700","35,212,011.00","557,143,890.00",,,,,,
01-เม.ย.-2016,0.85,+0.02,+2.00%,0.84,0.83,0.87,"7,188,700","7,356,702.00","521,931,879.00",,,,,,
25-มี.ค.-2016,0.83,0.00,0.00%,0.83,0.82,0.86,"2,603,200","2,619,771.00","514,575,177.00",,,,,,
18-มี.ค.-2016,0.83,-0.01,-0.99%,0.83,0.82,0.90,"4,625,300","4,753,923.00","517,194,948.00",,,,,,
11-มี.ค.-2016,0.84,0.00,0.00%,0.85,0.82,0.85,"1,770,600","1,768,901.00","521,948,871.00",,,,,,
04-มี.ค.-2016,0.84,-0.01,-0.98%,0.85,0.83,0.94,"21,969,700","23,522,136.00","523,717,772.00",,,,,,
26-ก.พ.-2016,0.85,+0.03,+4.08%,0.82,0.82,0.87,"2,342,500","2,379,925.00","547,239,908.00",,,,,,
19-ก.พ.-2016,0.82,-0.03,-3.92%,0.86,0.81,0.87,"4,649,500","4,694,702.00","544,859,983.00",,,,,,
12-ก.พ.-2016,0.85,-0.02,-1.92%,0.87,0.82,0.92,"15,155,400","15,779,583.00","549,554,685.00",,,,,,
05-ก.พ.-2016,0.87,-0.04,-4.59%,0.91,0.86,1.00,"46,323,800","52,821,601.00","565,334,268.00",,,,,,
29-ม.ค.-2016,0.91,+0.17,+22.47%,0.74,0.74,0.98,"108,245,900","120,380,147.00","618,155,869.00",,,,,,
22-ม.ค.-2016,0.74,+0.04,+5.95%,0.70,0.69,0.83,"8,633,400","7,932,835.00","497,775,722.00",,,,,,
15-ม.ค.-2016,0.70,-0.01,-1.18%,0.70,0.67,0.73,"3,047,400","2,566,474.00","489,842,887.00",,,,,,
08-ม.ค.-2016,0.71,-0.06,-7.61%,0.77,0.68,0.77,"2,198,300","1,890,122.00","492,409,361.00",,,,,,
01-ม.ค.-2016,0.77,0.00,0.00%,0.78,0.73,0.87,"4,654,500","4,490,020.00","494,299,483.00",,,,,,
25-ธ.ค.-2015,0.77,+0.04,+5.75%,0.71,0.69,0.89,"6,910,700","6,853,796.00","489,809,463.00",,,,,,
18-ธ.ค.-2015,0.72,-0.02,-3.33%,0.72,0.70,0.74,"594,000","511,925.00","482,955,667.00",,,,,,
11-ธ.ค.-2015,0.75,-0.01,-1.10%,0.75,0.72,0.76,"416,700","370,656.00","483,467,592.00",,,,,,
04-ธ.ค.-2015,0.76,-0.03,-4.21%,0.79,0.74,0.80,"954,700","883,377.00","483,838,248.00",,,,,,
27-พ.ย.-2015,0.79,-0.12,-13.64%,0.90,0.78,0.90,"2,593,100","2,568,948.00","484,721,625.00",,,,,,
20-พ.ย.-2015,0.92,-0.01,-0.90%,0.92,0.90,0.93,"596,800","652,788.00","487,290,573.00",,,,,,
13-พ.ย.-2015,0.92,-0.04,-4.31%,0.97,0.92,0.97,"1,024,200","1,150,771.00","487,943,361.00",,,,,,
06-พ.ย.-2015,0.97,+0.01,+0.87%,0.96,0.94,0.97,"672,000","774,372.00","489,094,132.00",,,,,,
30-ต.ค.-2015,0.96,-0.04,-4.17%,1.02,0.93,1.02,"4,668,200","5,490,382.00","488,319,760.00",,,,,,
23-ต.ค.-2015,1.00,-0.02,-2.44%,1.00,0.98,1.05,"9,123,600","11,013,136.00","493,810,142.00",,,,,,
16-ต.ค.-2015,1.02,-0.02,-2.38%,1.05,1.01,1.05,"1,118,500","1,373,324.00","504,823,278.00",,,,,,
09-ต.ค.-2015,1.05,+0.06,+5.88%,1.02,0.99,1.07,"1,523,200","1,899,250.00","506,196,602.00",,,,,,
02-ต.ค.-2015,0.99,-0.05,-4.80%,1.05,0.98,1.05,"722,900","871,083.00","504,297,352.00",,,,,,
25-ก.ย.-2015,1.04,-0.01,-0.79%,1.04,1.02,1.06,"1,681,000","2,085,924.00","505,168,435.00",,,,,,
18-ก.ย.-2015,1.05,-0.01,-0.79%,1.07,1.02,1.09,"1,973,700","2,526,475.00","507,254,359.00",,,,,,
11-ก.ย.-2015,1.06,+0.02,+1.60%,1.04,1.02,1.08,"1,392,100","1,762,283.00","509,780,834.00",,,,,,
04-ก.ย.-2015,1.04,0.00,0.00%,1.04,1.02,1.12,"1,575,200","1,999,214.00","508,018,551.00",,,,,,
28-ส.ค.-2015,1.04,-0.10,-8.76%,1.11,1.01,1.12,"1,234,700","1,551,424.00","510,017,765.00",,,,,,
21-ส.ค.-2015,1.14,-0.02,-2.14%,1.17,1.08,1.20,"1,083,300","1,480,198.00","511,569,189.00",,,,,,
14-ส.ค.-2015,1.17,-0.02,-2.10%,1.18,1.15,1.25,"1,486,200","2,126,143.00","513,049,387.00",,,,,,
07-ส.ค.-2015,1.19,+0.01,+0.70%,1.17,1.17,1.22,"880,400","1,259,070.00","515,175,530.00",,,,,,
31-ก.ค.-2015,1.18,-0.05,-4.05%,1.23,1.16,1.23,"1,075,200","1,534,259.00","513,916,460.00",,,,,,
24-ก.ค.-2015,1.23,-0.12,-8.64%,1.36,1.21,1.36,"2,687,900","4,086,374.00","515,450,719.00",,,,,,
17-ก.ค.-2015,1.35,-0.02,-1.22%,1.37,1.33,1.39,"2,714,500","4,439,851.00","519,537,093.00",,,,,,
10-ก.ค.-2015,1.37,-0.02,-1.20%,1.36,1.34,1.46,"10,330,300","17,398,362.00","523,976,944.00",,,,,,
03-ก.ค.-2015,1.38,+0.05,+3.75%,1.33,1.27,1.42,"8,621,700","14,214,650.00","541,375,306.00",,,,,,
26-มิ.ย.-2015,1.33,+0.04,+3.23%,1.32,1.30,1.35,"1,357,400","2,151,736.00","527,160,656.00",,,,,,
19-มิ.ย.-2015,1.29,-0.05,-3.73%,1.33,1.29,1.35,"2,827,900","4,502,520.00","525,008,920.00",,,,,,
12-มิ.ย.-2015,1.34,-0.04,-3.01%,1.39,1.33,1.39,"3,038,300","4,920,956.00","529,511,440.00",,,,,,
05-มิ.ย.-2015,1.38,+0.02,+1.84%,1.35,1.32,1.50,"4,608,000","7,854,959.00","534,432,396.00",,,,,,
29-พ.ค.-2015,1.36,-0.17,-11.41%,1.50,1.34,1.51,"3,679,800","6,214,822.00","526,577,437.00",,,,,,
22-พ.ค.-2015,1.53,+0.07,+4.55%,1.48,1.47,1.72,"3,724,200","7,184,397.00","532,792,259.00",,,,,,
15-พ.ค.-2015,1.47,+0.02,+1.15%,1.51,1.42,1.51,"457,000","803,078.00","525,607,862.00",,,,,,
08-พ.ค.-2015,1.45,-0.02,-1.14%,1.47,1.42,1.52,"618,800","1,074,067.00","524,804,784.00",,,,,,
01-พ.ค.-2015,1.47,+0.01,+0.65%,1.46,1.39,1.48,"1,616,416","2,765,258.00","525,878,851.00",,,,,,
24-เม.ย.-2015,1.46,0.00,0.00%,1.46,1.41,1.53,"5,319,649","9,359,604.00","523,113,593.00",,,,,,
17-เม.ย.-2015,1.46,+0.07,+5.15%,1.40,1.39,1.49,"3,570,466","6,261,538.00","513,753,989.00",,,,,,
10-เม.ย.-2015,1.39,-0.01,-0.51%,1.41,1.36,1.41,"2,009,816","3,341,762.00","507,492,451.00",,,,,,
03-เม.ย.-2015,1.39,0.00,0.00%,1.38,1.36,1.41,"3,848,833","6,398,389.00","510,834,213.00",,,,,,
27-มี.ค.-2015,1.39,-0.16,-10.55%,1.51,1.39,1.59,"23,108,629","41,297,603.00","517,232,602.00",,,,,,
20-มี.ค.-2015,1.56,+0.10,+6.86%,1.46,1.43,1.59,"32,532,961","60,195,618.00","558,530,205.00",,,,,,
13-มี.ค.-2015,1.46,-0.01,-0.97%,1.46,1.43,1.50,"2,045,283","3,602,796.00","498,334,587.00",,,,,,
06-มี.ค.-2015,1.47,-0.03,-1.90%,1.53,1.43,1.56,"6,397,649","11,383,310.00","501,937,383.00",,,,,,
27-ก.พ.-2015,1.50,0.00,0.00%,1.54,1.46,1.57,"7,199,265","13,121,354.00","513,320,693.00",,,,,,
20-ก.พ.-2015,1.50,-0.07,-4.55%,1.57,1.46,1.59,"11,131,281","20,414,972.00","526,442,047.00",,,,,,
13-ก.พ.-2015,1.57,0.00,0.00%,1.59,1.51,1.63,"39,455,843","74,428,724.00","546,857,019.00",,,,,,
06-ก.พ.-2015,1.57,+0.14,+10.00%,1.43,1.41,1.73,"127,009,612","246,383,267.00","472,428,295.00",,,,,,
30-ม.ค.-2015,1.43,0.00,0.00%,1.43,1.42,1.47,"1,785,116","3,077,318.00","226,045,028.00",,,,,,
23-ม.ค.-2015,1.43,-0.10,-6.54%,1.54,1.43,1.54,"4,021,033","7,073,484.00","229,122,346.00",,,,,,
16-ม.ค.-2015,1.53,+0.07,+4.90%,1.49,1.44,1.56,"21,272,763","38,748,256.00","236,195,830.00",,,,,,
09-ม.ค.-2015,1.46,+0.15,+11.48%,1.34,1.30,1.47,"7,905,332","13,443,672.00","197,447,574.00",,,,,,
02-ม.ค.-2015,1.31,-0.01,-1.08%,1.33,1.29,1.33,"378,000","588,132.00","184,003,902.00",,,,,,
26-ธ.ค.-2014,1.32,-0.03,-2.12%,1.36,1.30,1.39,"2,956,800","4,767,460.00","184,592,034.00",,,,,,
19-ธ.ค.-2014,1.35,-0.09,-6.44%,1.43,1.24,1.43,"6,456,799","10,327,990.00","189,359,494.00",,,,,,
12-ธ.ค.-2014,1.44,-0.09,-5.61%,1.56,1.42,1.56,"6,171,316","10,958,122.00","199,687,484.00",,,,,,
05-ธ.ค.-2014,1.53,+0.01,+0.94%,1.53,1.50,1.61,"34,142,378","64,044,348.00","210,645,606.00",,,,,,
28-พ.ย.-2014,1.51,-0.04,-2.75%,1.57,1.46,1.69,"66,647,222","127,200,822.00","146,601,258.00",,,,,,
21-พ.ย.-2014,1.56,+0.09,+5.83%,1.50,1.47,1.61,"23,577,279","44,022,628.00","273,802,080.00",,,,,,
14-พ.ย.-2014,1.47,-0.04,-2.83%,1.50,1.43,1.60,"12,248,831","22,313,216.00","229,779,452.00",,,,,,
07-พ.ย.-2014,1.51,-0.03,-1.85%,1.54,1.43,1.54,"5,721,099","10,184,200.00","252,092,668.00",,,,,,
31-ต.ค.-2014,1.54,+0.10,+6.93%,1.46,1.41,1.57,"10,476,315","18,971,413.00","262,276,868.00",,,,,,
24-ต.ค.-2014,1.44,0.00,0.00%,1.47,1.41,1.49,"3,294,433","5,650,424.00","243,305,455.00",,,,,,
17-ต.ค.-2014,1.44,-0.11,-7.34%,1.56,1.39,1.56,"10,121,065","18,099,477.00","248,955,879.00",,,,,,
10-ต.ค.-2014,1.56,-0.16,-9.17%,1.74,1.50,1.81,"108,900,849","216,314,672.00","267,055,356.00",,,,,,
03-ต.ค.-2014,1.71,+0.06,+3.45%,1.67,1.57,1.90,"229,754,078","483,370,028.00","483,370,028.00",,,,,,
26-ก.ย.-2014,1.66,,,1.60,1.54,1.79,"116,758,114","235,902,980.00",0.00,,,,,,
