Tirathai PCL | Balance Sheet                                25-Sep-2024 17:12,,,,,,,,,,,,,,,,,,,,,,,,,,,,,,,,,,,,,,,,,,,,,,,,,,,,,,,,,,,,,,,,,,,,,,,,,,,
,,,,,,,,,,,,,,,,,,,,,,,,,,,,,,,,,,,,,,,,,,,,,,,,,,,,,,,,,,,,,,,,,,,,,,,,,,,
Balance Sheet,,,,,,,,,,,,,,,,,,,,,,,,,,,,,,,,,,,,,,,,,,,,,,,,,,,,,,,,,,,,,,,,,,,,,,,,,,,
Quarterly Standardised in Thousands of Thai Baht,,,,,,,,,,,,,,,,,,,,,,,,,,,,,,,,,,,,,,,,,,,,,,,,,,,,,,,,,,,,,,,,,,,,,,,,,,,
,2005,,2006,,,,2007,,,,2008,,,,2009,,,,2010,,,,2011,,,,2012,,,,2013,,,,2014,,,,2015,,,,2016,,,,2017,,,,2018,,,,2019,,,,2020,,,,2021,,,,2022,,,,2023,,,,2024
, Sep-2005, Dec-2005, Mar-2006, Jun-2006, Sep-2006, Dec-2006, Mar-2007, Jun-2007, Sep-2007, Dec-2007, Mar-2008, Jun-2008, Sep-2008, Dec-2008, Mar-2009, Jun-2009, Sep-2009, Dec-2009, Mar-2010, Jun-2010, Sep-2010, Dec-2010, Mar-2011, Jun-2011, Sep-2011, Dec-2011, Mar-2012, Jun-2012, Sep-2012, Dec-2012, Mar-2013, Jun-2013, Sep-2013, Dec-2013, Mar-2014, Jun-2014, Sep-2014, Dec-2014, Mar-2015, Jun-2015, Sep-2015, Dec-2015, Mar-2016, Jun-2016, Sep-2016, Dec-2016, Mar-2017, Jun-2017, Sep-2017, Dec-2017, Mar-2018, Jun-2018, Sep-2018, Dec-2018, Mar-2019, Jun-2019, Sep-2019, Dec-2019, Mar-2020, Jun-2020, Sep-2020, Dec-2020, Mar-2021, Jun-2021, Sep-2021, Dec-2021, Mar-2022, Jun-2022, Sep-2022, Dec-2022, Mar-2023, Jun-2023, Sep-2023, Dec-2023, Mar-2024
Earnings Quality Score,N/A ,N/A ,N/A ,N/A ,N/A ,N/A ,N/A ,N/A ,N/A ,N/A ,N/A ,N/A ,N/A ,N/A ,N/A ,N/A ,N/A ,N/A ,N/A ,N/A ,N/A ,N/A ,N/A ,N/A ,N/A ,N/A ,N/A ,N/A ,N/A ,N/A ,N/A ,N/A ,N/A ,N/A ,N/A ,90 ,77 ,43 ,4 ,6 ,9 ,2 ,1 ,3 ,4 ,3 ,11 ,31 ,41 ,56 ,44 ,51 ,57 ,38 ,60 ,50 ,20 ,57 ,9 ,7 ,11 ,27 ,73 ,89 ,93 ,49 ,N/A ,26 ,N/A ,4 ,N/A ,2 ,N/A ,12 ,19 
Period End Date,30-Sep-2005 ,31-Dec-2005 ,31-Mar-2006 ,30-Jun-2006 ,30-Sep-2006 ,31-Dec-2006 ,31-Mar-2007 ,30-Jun-2007 ,30-Sep-2007 ,31-Dec-2007 ,31-Mar-2008 ,30-Jun-2008 ,30-Sep-2008 ,31-Dec-2008 ,31-Mar-2009 ,30-Jun-2009 ,30-Sep-2009 ,31-Dec-2009 ,31-Mar-2010 ,30-Jun-2010 ,30-Sep-2010 ,31-Dec-2010 ,31-Mar-2011 ,30-Jun-2011 ,30-Sep-2011 ,31-Dec-2011 ,31-Mar-2012 ,30-Jun-2012 ,30-Sep-2012 ,31-Dec-2012 ,31-Mar-2013 ,30-Jun-2013 ,30-Sep-2013 ,31-Dec-2013 ,31-Mar-2014 ,30-Jun-2014 ,30-Sep-2014 ,31-Dec-2014 ,31-Mar-2015 ,30-Jun-2015 ,30-Sep-2015 ,31-Dec-2015 ,31-Mar-2016 ,30-Jun-2016 ,30-Sep-2016 ,31-Dec-2016 ,31-Mar-2017 ,30-Jun-2017 ,30-Sep-2017 ,31-Dec-2017 ,31-Mar-2018 ,30-Jun-2018 ,30-Sep-2018 ,31-Dec-2018 ,31-Mar-2019 ,30-Jun-2019 ,30-Sep-2019 ,31-Dec-2019 ,31-Mar-2020 ,30-Jun-2020 ,30-Sep-2020 ,31-Dec-2020 ,31-Mar-2021 ,30-Jun-2021 ,30-Sep-2021 ,31-Dec-2021 ,31-Mar-2022 ,30-Jun-2022 ,30-Sep-2022 ,31-Dec-2022 ,31-Mar-2023 ,30-Jun-2023 ,30-Sep-2023 ,31-Dec-2023 ,31-Mar-2024 
Assets (THB Thousands),,,,,,,,,,,,,,,,,,,,,,,,,,,,,,,,,,,,,,,,,,,,,,,,,,,,,,,,,,,,,,,,,,,,,,,,,,,
Cash and Short Term Investments,"96,615 ","73,115 ","41,948 ","70,954 ","115,971 ","102,056 ","37,592 ","80,453 ","127,562 ","102,118 ","62,196 ","73,242 ","20,509 ","188,139 ","53,032 ","38,319 ","184,875 ","262,568 ","162,922 ","125,809 ","98,678 ","236,675 ","179,419 ","159,049 ","215,332 ","264,765 ","132,716 ","657,341 ","353,204 ","284,248 ","184,266 ","167,576 ","184,944 ","561,904 ","631,011 ","433,061 ","388,420 ","571,216 ","751,542 ","243,906 ","294,705 ","372,294 ","275,095 ","201,573 ","283,734 ","318,650 ","232,106 ","137,653 ","112,785 ","314,217 ","153,306 ","184,258 ","246,091 ","249,108 ","178,686 ","171,093 ","176,940 ","584,036 ","334,346 ","223,859 ","135,471 ","344,254 ","225,305 ","228,556 ","465,822 ","316,739 ","299,796 ","276,749 ","191,529 ","323,266 ","230,324 ","200,142 ","118,345 ","180,894 ","163,375 "
Cash & Equivalents,"96,072 ","72,572 ","41,433 ","70,439 ","115,480 ","101,564 ","37,100 ","79,879 ","126,923 ","101,458 ","61,550 ","72,617 ","20,025 ","187,758 ","52,668 ","37,825 ","184,291 ","255,453 ","162,361 ","125,248 ","97,982 ","229,352 ","172,206 ","158,431 ","214,764 ","264,137 ","132,051 ","656,678 ","352,472 ","283,452 ","183,489 ","166,861 ","184,266 ","561,252 ","630,344 ","432,328 ","387,627 ","570,464 ","750,859 ","243,212 ","294,071 ","371,682 ","274,448 ","200,921 ","283,058 ","317,949 ","231,397 ","136,939 ","112,020 ","313,415 ","152,536 ","183,557 ","245,315 ","248,417 ","177,963 ","170,317 ","176,207 ","583,335 ","333,836 ","223,261 ","134,933 ","343,638 ","224,623 ","227,883 ","465,142 ","316,036 ","299,087 ","276,079 ","190,846 ","322,545 ","229,663 ","199,521 ","117,724 ","180,299 ","162,789 "
Short Term Investments,543 ,543 ,515 ,515 ,491 ,492 ,492 ,574 ,639 ,660 ,646 ,625 ,484 ,381 ,364 ,494 ,584 ,"7,114 ",561 ,561 ,696 ,"7,323 ","7,213 ",618 ,568 ,628 ,665 ,663 ,732 ,796 ,777 ,715 ,678 ,652 ,667 ,734 ,793 ,752 ,682 ,694 ,634 ,612 ,646 ,652 ,675 ,701 ,709 ,713 ,765 ,802 ,770 ,701 ,775 ,691 ,723 ,776 ,733 ,701 ,511 ,598 ,537 ,616 ,681 ,672 ,680 ,703 ,708 ,670 ,683 ,720 ,661 ,621 ,620 ,595 ,587 
"Accounts Receivable - Trade, Net","152,056 ","156,332 ","277,033 ","433,832 ","410,723 ","342,635 ","201,155 ","428,262 ","369,926 ","267,429 ","450,348 ","461,345 ","244,336 ","334,457 ","716,391 ","800,211 ","350,028 ","514,917 ","347,947 ","321,548 ","435,018 ","296,664 ","418,653 ","534,856 ","500,058 ","369,645 ","242,945 ","493,409 ","513,370 ","476,260 ","542,274 ","799,084 ","783,561 ","585,688 ","382,122 ","447,064 ","404,199 ","467,414 ","605,435 ","739,597 ","896,536 ","793,151 ","772,820 ","678,681 ","731,314 ","803,479 ","800,387 ","688,613 ","658,159 ","654,017 ","635,158 ","689,467 ","619,247 ","774,930 ","750,292 ","683,811 ","673,562 ","522,652 ","607,222 ","482,898 ","614,704 ","981,131 ","636,875 ","730,994 ","574,921 ","690,070 ","572,840 ","522,599 ","610,641 ","485,094 ","535,511 ","565,158 ","605,509 ","535,876 ","934,376 "
"Accounts Receivable - Trade, Gross","165,000 ","169,694 ","290,395 ","447,066 ","423,957 ","343,053 ","201,573 ","428,680 ","370,344 ","281,541 ","464,460 ","475,457 ","258,448 ","348,489 ","730,383 ","814,203 ","364,020 ","528,908 ","361,081 ","334,681 ","448,152 ","311,402 ","431,786 ","547,989 ","513,191 ","369,645 ","257,378 ","507,842 ","527,802 ","490,377 ","556,391 ","813,428 ","800,270 ","595,960 ","392,394 ","458,837 ","425,973 ","489,394 ","626,876 ","759,479 ","913,302 ","808,677 ","787,096 ","692,207 ","743,922 ","817,473 ","819,180 ","707,106 ","676,452 ","672,210 ","652,951 ","707,060 ","636,640 ","774,930 ","750,292 ","683,811 ","673,562 ","522,652 ","607,222 ","482,898 ","614,704 ","981,131 ","636,875 ","730,994 ","574,921 ","690,070 ","572,840 ","522,599 ","610,641 ","485,094 ","535,511 ","565,158 ","605,509 ","535,876 ","934,376 "
Provision for Doubtful Accounts,"(12,944)","(13,362)","(13,362)","(13,234)","(13,234)",(418),(418),(418),(418),"(14,112)","(14,112)","(14,112)","(14,112)","(14,032)","(13,992)","(13,992)","(13,992)","(13,992)","(13,133)","(13,133)","(13,133)","(14,738)","(13,133)","(13,133)","(13,133)",--,"(14,432)","(14,432)","(14,432)","(14,117)","(14,117)","(14,345)","(16,708)","(10,272)","(10,272)","(11,773)","(21,773)","(21,980)","(21,440)","(19,881)","(16,766)","(15,526)","(14,276)","(13,526)","(12,608)","(13,993)","(18,793)","(18,493)","(18,293)","(18,193)","(17,793)","(17,593)","(17,393)",--,--,--,--,--,--,--,--,--,--,--,--,--,--,--,--,--,--,--,--,--,--
"Total Receivables, Net","152,056 ","156,332 ","277,033 ","433,832 ","410,723 ","342,635 ","201,155 ","428,262 ","369,926 ","267,429 ","450,348 ","461,345 ","304,117 ","334,457 ","716,391 ","800,211 ","350,028 ","514,917 ","347,947 ","321,548 ","435,018 ","301,245 ","418,653 ","534,856 ","500,058 ","377,085 ","242,945 ","493,409 ","513,370 ","476,260 ","542,274 ","799,084 ","783,561 ","585,688 ","382,122 ","452,593 ","409,729 ","467,414 ","606,935 ","753,597 ","914,536 ","793,151 ","772,820 ","678,681 ","731,314 ","861,328 ","800,387 ","688,613 ","658,159 ","685,587 ","669,050 ","719,587 ","655,555 ","851,064 ","806,179 ","754,236 ","735,575 ","597,434 ","680,164 ","571,763 ","715,671 ","1,049,092 ","684,423 ","781,892 ","618,901 ","725,313 ","610,757 ","571,798 ","662,702 ","535,199 ","581,206 ","609,714 ","660,764 ","593,486 ","981,977 "
Notes Receivable - Short Term,--,--,--,--,--,--,--,--,--,--,--,--,--,--,--,--,--,--,--,--,--,--,--,--,--,--,--,--,--,--,--,--,--,--,--,--,--,0 ,"1,500 ","14,000 ","18,000 ",--,--,--,--,--,--,--,--,--,--,--,--,--,--,--,--,--,--,--,--,--,--,--,0 ,0 ,0 ,0 ,--,0 ,0 ,0 ,0 ,0 ,0 
Receivables - Other,--,--,--,--,--,--,--,--,--,--,--,--,"59,781 ",--,--,--,--,--,--,--,--,"4,581 ",--,--,--,"7,440 ",--,--,--,--,--,--,--,0 ,--,"5,530 ","5,530 ",0 ,0 ,--,0 ,--,--,--,0 ,"57,848 ",--,--,0 ,"31,570 ","33,893 ","30,121 ","36,308 ","76,134 ","55,886 ","70,425 ","62,013 ","74,782 ","72,942 ","88,865 ","100,968 ","67,961 ","47,548 ","50,898 ","43,980 ","35,243 ","37,917 ","49,199 ","52,061 ","50,105 ","45,695 ","44,557 ","55,254 ","57,609 ","47,601 "
Total Inventory,"366,847 ","413,928 ","459,153 ","448,502 ","521,181 ","412,414 ","581,751 ","426,187 ","558,576 ","570,484 ","595,352 ","775,638 ","1,044,386 ","959,969 ","912,544 ","908,407 ","1,015,802 ","756,729 ","710,831 ","710,210 ","648,685 ","665,443 ","676,867 ","646,523 ","759,184 ","726,451 ","905,729 ","938,078 ","806,442 ","934,364 ","1,064,843 ","847,256 ","884,635 ","782,386 ","814,062 ","882,944 ","1,028,227 ","822,401 ","732,103 ","772,549 ","873,950 ","747,376 ","884,012 ","1,006,341 ","900,449 ","835,343 ","813,243 ","865,041 ","867,917 ","801,547 ","908,605 ","953,622 ","1,040,940 ","821,937 ","751,092 ","796,376 ","890,674 ","1,034,399 ","1,121,481 ","1,335,269 ","1,299,711 ","812,028 ","764,378 ","691,281 ","803,485 ","725,216 ","759,996 ","901,382 ","859,637 ","876,483 ","923,070 ","1,007,363 ","1,365,040 ","1,428,057 ","1,378,711 "
Inventories - Finished Goods,"32,433 ","34,136 ","59,021 ","81,020 ","67,590 ","45,669 ","83,864 ","55,889 ","48,498 ","129,564 ","69,257 ","44,720 ","167,752 ","36,270 ","30,471 ","41,944 ","258,887 ","175,539 ","74,985 ","71,147 ","69,295 ","61,596 ","83,566 ","75,696 ","66,319 ",--,"62,202 ","76,966 ","78,475 ","103,866 ","101,757 ","93,969 ","91,256 ","125,873 ","122,010 ","111,677 ","158,331 ","123,747 ","140,125 ","133,259 ","120,290 ","110,195 ","122,183 ","134,190 ","106,957 ","117,547 ","119,540 ","162,073 ","106,202 ","202,553 ","193,566 ","203,345 ","208,690 ",--,--,--,--,--,--,--,--,--,--,--,--,--,--,--,--,--,--,--,--,--,--
Inventories - Work In Progress,"106,644 ","161,376 ","182,881 ","125,599 ","212,800 ","119,054 ","213,508 ","100,867 ","200,187 ","167,330 ","131,425 ","134,167 ","280,840 ","242,906 ","327,554 ","212,390 ","250,858 ","70,535 ","184,770 ","222,858 ","164,886 ","199,447 ","193,774 ","140,153 ","210,503 ",--,"322,525 ","360,881 ","239,589 ","200,987 ","341,766 ","265,011 ","266,821 ","229,988 ","270,720 ","276,375 ","317,713 ","292,864 ","212,130 ","207,773 ","278,725 ","202,908 ","246,712 ","293,644 ","306,409 ","219,103 ","186,846 ","224,468 ","266,706 ","185,904 ","247,340 ","273,507 ","333,111 ",--,--,--,--,--,--,--,--,--,--,--,--,--,--,--,--,--,--,--,--,--,--
Inventories - Raw Materials,"229,675 ","222,959 ","221,902 ","246,451 ","244,613 ","251,558 ","288,390 ","273,586 ","314,123 ","277,960 ","399,274 ","601,492 ","600,785 ","686,033 ","558,018 ","657,746 ","509,990 ","514,797 ","455,495 ","420,900 ","419,295 ","382,771 ","404,544 ","435,919 ","487,833 ",--,"520,147 ","502,535 ","479,730 ","634,029 ","614,338 ","485,808 ","525,294 ","430,293 ","373,899 ","440,935 ","518,602 ","378,329 ","401,812 ","433,025 ","479,440 ","440,949 ","524,996 ","594,297 ","500,360 ","510,256 ","512,971 ","498,315 ","512,530 ","432,672 ","484,312 ","495,168 ","519,446 ",--,--,--,--,--,--,--,--,--,--,--,--,--,--,--,--,--,--,--,--,--,--
Inventories - Other,"(1,905)","(4,543)","(4,651)","(4,568)","(3,822)","(3,867)","(4,011)","(4,155)","(4,232)","(4,370)","(4,604)","(4,741)","(4,991)","(5,240)","(3,499)","(3,673)","(3,933)","(4,142)","(4,419)","(4,696)","(4,790)","21,629 ","(5,017)","(5,244)","(5,472)","726,451 ",855 ,"(2,304)","8,648 ","(4,518)","6,982 ","2,468 ","1,264 ","(3,769)","47,434 ","53,957 ","33,581 ","27,460 ","(21,964)","(1,507)","(4,505)","(6,676)","(9,879)","(15,790)","(13,276)","(11,563)","(6,115)","(19,815)","(17,521)","(19,581)","(16,614)","(18,398)","(20,307)","821,937 ","751,092 ","796,376 ","890,674 ","1,034,399 ","1,121,481 ","1,335,269 ","1,299,711 ","812,028 ","764,378 ","691,281 ","803,485 ","725,216 ","759,996 ","901,382 ","859,637 ","876,483 ","923,070 ","1,007,363 ","1,365,040 ","1,428,057 ",--
Prepaid Expenses,--,--,--,--,--,--,--,--,--,--,--,--,--,--,--,--,--,--,--,--,--,--,--,--,--,--,"5,378 ","5,254 ","6,870 ","3,847 ","3,228 ","4,475 ","3,558 ","6,938 ","19,965 ","24,248 ","24,917 ","15,084 ","23,630 ","25,607 ","32,470 ","33,624 ","33,820 ","33,621 ","29,550 ","22,109 ","22,854 ","25,115 ","21,429 ","21,290 ","20,162 ","22,701 ","21,708 ",--,--,--,--,--,--,--,--,--,--,--,--,--,--,--,--,--,--,--,--,--,--
"Other Current Assets, Total","9,565 ","11,792 ","20,543 ","25,390 ","139,538 ","173,752 ","141,782 ","72,025 ","163,167 ","37,125 ","51,396 ","65,773 ","43,136 ","22,478 ","20,972 ","27,840 ","41,827 ","10,296 ","20,553 ","23,036 ","15,184 ","3,894 ","31,158 ","25,620 ","22,613 ","2,329 ","14,672 ","8,190 ","5,700 ","13,061 ","9,376 ","6,900 ","8,787 ","7,179 ","13,132 ","13,507 ","29,391 ","8,463 ","17,200 ","25,262 ","49,127 ","63,386 ","82,403 ","96,994 ","81,029 ","4,336 ","76,521 ","45,590 ","51,508 ","17,305 ","16,608 ","17,384 ","5,850 ","1,730 ","2,006 ","2,165 ","2,810 ","1,877 ","1,897 ","1,077 ",716 ,248 ,246 ,86 ,65 ,--,--,--,--,--,--,--,18 ,--,--
Restricted Cash - Current,--,--,--,--,"110,270 ","141,502 ","95,897 ","39,751 ","123,733 ",0 ,--,--,--,--,--,--,--,--,--,--,--,--,--,--,--,--,--,--,--,--,--,--,--,--,--,--,293 ,--,--,--,--,--,--,--,--,--,--,--,--,--,--,--,--,--,--,--,--,--,--,--,--,--,--,--,--,--,--,--,--,--,--,--,--,--,--
Other Current Assets,"9,565 ","11,792 ","20,543 ","25,390 ","29,268 ","32,250 ","45,885 ","32,274 ","39,434 ","37,125 ","51,396 ","65,773 ","43,136 ","22,478 ","20,972 ","27,840 ","41,827 ","10,296 ","20,553 ","23,036 ","15,184 ","3,894 ","31,158 ","25,620 ","22,613 ","2,329 ","14,672 ","8,190 ","5,700 ","13,061 ","9,376 ","6,900 ","8,787 ","7,179 ","13,132 ","13,507 ","29,098 ","8,463 ","17,200 ","25,262 ","49,127 ","63,386 ","82,403 ","96,994 ","81,029 ","4,336 ","76,521 ","45,590 ","51,508 ","17,305 ","16,608 ","17,384 ","5,850 ","1,730 ","2,006 ","2,165 ","2,810 ","1,877 ","1,897 ","1,077 ",716 ,248 ,246 ,86 ,65 ,--,--,--,--,--,--,--,18 ,--,--
Total Current Assets,"625,083 ","655,167 ","798,677 ","978,678 ","1,187,413 ","1,030,857 ","962,280 ","1,006,927 ","1,219,231 ","977,156 ","1,159,292 ","1,375,998 ","1,412,148 ","1,505,043 ","1,702,939 ","1,774,777 ","1,592,532 ","1,544,509 ","1,242,253 ","1,180,603 ","1,197,566 ","1,207,257 ","1,306,098 ","1,366,048 ","1,497,188 ","1,370,630 ","1,301,440 ","2,102,272 ","1,685,585 ","1,711,779 ","1,803,987 ","1,825,291 ","1,865,485 ","1,944,095 ","1,860,292 ","1,806,354 ","1,880,684 ","1,884,578 ","2,131,410 ","1,820,922 ","2,164,788 ","2,009,831 ","2,048,149 ","2,017,211 ","2,026,076 ","2,041,765 ","1,945,110 ","1,762,012 ","1,711,798 ","1,839,945 ","1,767,730 ","1,897,552 ","1,970,144 ","1,923,839 ","1,737,962 ","1,723,870 ","1,805,999 ","2,217,746 ","2,137,889 ","2,131,968 ","2,151,568 ","2,205,621 ","1,674,352 ","1,701,815 ","1,888,273 ","1,767,268 ","1,670,549 ","1,749,929 ","1,713,868 ","1,734,948 ","1,734,601 ","1,817,220 ","2,144,166 ","2,202,437 ","2,524,064 "
,,,,,,,,,,,,,,,,,,,,,,,,,,,,,,,,,,,,,,,,,,,,,,,,,,,,,,,,,,,,,,,,,,,,,,,,,,,
"Property/Plant/Equipment, Total - Net","243,289 ","235,796 ","229,583 ","224,338 ","218,219 ","210,301 ","204,077 ","201,754 ","193,502 ","186,480 ","199,217 ","199,915 ","203,929 ","202,015 ","197,551 ","193,433 ","191,774 ","189,079 ","188,183 ","245,208 ","243,878 ","239,740 ","233,530 ","237,361 ","237,063 ","253,864 ","368,581 ","368,922 ","397,952 ","432,716 ","430,698 ","441,329 ","435,604 ","441,728 ","441,858 ","483,998 ","492,306 ","552,089 ","551,760 ","696,289 ","771,714 ","820,284 ","925,824 ","1,015,995 ","1,067,859 ","1,092,872 ","1,116,697 ","1,124,737 ","1,122,277 ","1,109,211 ","1,098,396 ","1,084,629 ","1,073,865 ","1,056,850 ","1,038,915 ","1,030,380 ","1,034,985 ","994,862 ","1,029,779 ","1,006,894 ","992,275 ","972,701 ","953,209 ","935,134 ","917,760 ","885,233 ","887,519 ","894,213 ","901,617 ","915,908 ","942,042 ","935,899 ","923,618 ","916,349 ","905,990 "
"Goodwill, Net",--,--,--,--,--,--,--,--,--,--,--,--,--,--,--,--,--,--,--,--,--,--,--,--,--,0 ,--,--,--,"19,772 ","19,772 ","19,772 ","19,772 ","19,772 ","19,772 ","19,772 ","19,772 ","19,772 ","19,772 ","19,772 ","19,772 ","19,772 ","19,772 ","19,772 ","19,772 ","19,772 ","19,772 ","19,772 ","19,772 ","19,772 ","19,772 ","19,772 ","19,772 ","19,772 ","19,772 ","19,772 ","19,772 ","19,772 ","19,772 ","19,772 ","19,772 ","19,772 ","19,772 ","19,772 ","19,772 ","19,772 ","19,772 ","19,772 ","19,772 ","19,772 ","19,772 ","19,772 ","19,772 ","19,772 ","19,772 "
"Intangibles, Net","14,917 ","13,789 ","12,680 ","11,613 ","10,535 ","9,457 ","8,402 ","7,336 ","6,258 ","11,721 ","4,125 ","3,059 ","1,980 ","9,876 ","9,570 ","10,130 ","10,597 ","17,619 ","11,064 ","11,316 ","28,625 ","28,801 ","28,870 ","28,677 ","25,970 ","27,067 ","25,762 ","21,821 ","20,828 ","27,439 ","23,414 ","22,468 ","24,841 ","26,496 ","24,298 ","24,368 ","22,304 ","21,077 ","20,277 ","19,381 ","17,093 ","14,281 ","20,283 ","19,433 ","27,278 ","10,711 ","10,320 ","9,287 ","9,236 ","8,151 ","13,314 ","11,873 ","10,699 ","9,101 ","9,399 ","8,038 ","6,802 ","5,511 ","4,516 ","36,648 ","35,201 ","34,264 ","33,034 ","31,074 ","32,739 ","34,018 ","42,339 ","41,489 ","40,518 ","39,551 ","39,391 ","38,596 ","37,731 ","37,163 ","36,391 "
Long Term Investments,"33,913 ","34,587 ","34,587 ","71,847 ","33,850 ","64,914 ","37,016 ","37,384 ","38,248 ","127,236 ","141,015 ","171,467 ","182,408 ","195,914 ","209,010 ","220,141 ","217,822 ","212,799 ","215,050 ","204,457 ","200,968 ","206,724 ","211,294 ","223,630 ","251,820 ","264,498 ","285,365 ","292,568 ","294,185 ","303,924 ","259,661 ","162,317 ","123,436 ","104,118 ","102,748 ","103,271 ","103,495 ","103,901 ","104,380 ","67,313 ","67,407 ","68,204 ","68,277 ","68,369 ","51,863 ","40,445 ","37,229 ","37,245 ","37,281 ","37,430 ","37,452 ","37,469 ","37,650 ","37,788 ","37,811 ","37,827 ","37,863 ","38,002 ","33,657 ","33,668 ","33,690 ","33,817 ","33,823 ","33,825 ","33,833 ","33,874 ","33,878 ","33,880 ","33,888 ","33,921 ","33,927 ","33,933 ","33,946 ","28,000 ","28,011 "
LT Investment - Affiliate Companies,0 ,--,--,--,--,--,--,--,--,--,--,--,--,--,--,--,--,--,--,--,--,--,--,--,--,--,--,--,--,--,--,--,--,--,--,--,--,--,--,--,--,--,--,--,--,--,--,--,--,--,--,--,--,--,--,--,--,--,--,--,--,--,--,--,0 ,0 ,0 ,0 ,0 ,0 ,0 ,0 ,0 ,0 ,0 
LT Investments - Other,"33,913 ","34,587 ","34,587 ","71,847 ","33,850 ","64,914 ","37,016 ","37,384 ","38,248 ","127,236 ","141,015 ","171,467 ","182,408 ","195,914 ","209,010 ","220,141 ","217,822 ","212,799 ","215,050 ","204,457 ","200,968 ","206,724 ","211,294 ","223,630 ","251,820 ","264,498 ","285,365 ","292,568 ","294,185 ","303,924 ","259,661 ","162,317 ","123,436 ","104,118 ","102,748 ","103,271 ","103,495 ","103,901 ","104,380 ","67,313 ","67,407 ","68,204 ","68,277 ","68,369 ","51,863 ","40,445 ","37,229 ","37,245 ","37,281 ","37,430 ","37,452 ","37,469 ","37,650 ","37,788 ","37,811 ","37,827 ","37,863 ","38,002 ","33,657 ","33,668 ","33,690 ","33,817 ","33,823 ","33,825 ","33,833 ","33,874 ","33,878 ","33,880 ","33,888 ","33,921 ","33,927 ","33,933 ","33,946 ","28,000 ","28,011 "
Note Receivable - Long Term,"1,093 ",195 ,150 ,80 ,65 ,--,--,--,--,--,--,--,--,--,--,--,--,--,--,--,--,--,--,--,--,--,--,--,--,--,--,--,--,"6,064 ","12,181 ","3,493 ","8,186 ","1,368 ","3,851 ","6,431 ","8,363 ","7,528 ","9,582 ","9,963 ","22,564 ","17,923 ","13,946 ","23,005 ","26,861 ","30,686 ","33,931 ","36,781 ","41,029 ","30,441 ","44,899 ","44,883 ","44,643 ","44,552 ","50,925 ","50,917 ","50,045 ","25,177 ","29,308 ","29,308 ","29,308 ","18,746 ","15,270 ","15,022 ","14,956 ","8,441 ","18,655 ","18,655 ","18,655 ","18,655 ","21,422 "
"Other Long Term Assets, Total","12,568 ","12,906 ","10,100 ","11,476 ","9,553 ","9,533 ","10,149 ","8,770 ","9,620 ","4,581 ","10,365 ","11,203 ","12,755 ","3,516 ","4,185 ","4,784 ","3,341 ","3,067 ","3,117 ","2,825 ","2,890 ","2,936 ","2,971 ","3,065 ","3,137 ","37,211 ","3,194 ","3,272 ","6,617 ","32,503 ","40,754 ","31,656 ","41,079 ","33,704 ","54,894 ","33,182 ","63,738 ","70,412 ","84,546 ","71,948 ","79,032 ","84,939 ","78,374 ","73,962 ","60,373 ","80,137 ","89,038 ","103,464 ","121,241 ","102,096 ","102,385 ","105,074 ","111,121 ","74,086 ","80,005 ","77,257 ","75,956 ","57,147 ","66,525 ","53,234 ","57,735 ","46,832 ","52,713 ","47,479 ","48,909 ","52,318 ","56,573 ","68,874 ","77,030 ","73,411 ","69,078 ","73,252 ","48,057 ","43,204 ","45,436 "
Deferred Charges,--,--,--,--,--,--,--,--,--,--,--,--,--,--,--,--,--,--,--,--,--,--,--,--,--,--,--,--,--,--,--,--,--,--,--,--,--,--,--,--,--,"27,694 ","18,793 ","12,437 ",0 ,"16,691 ","16,355 ","16,179 ","15,756 ","15,756 ","15,756 ","15,756 ","15,756 ","15,756 ","15,756 ","15,756 ","15,756 ","15,756 ","15,756 ",0 ,841 ,841 ,"1,679 ","1,402 ","1,402 ","1,402 ","1,963 ","3,612 ","6,618 ","11,396 ","1,963 ","1,963 ","1,963 ","1,963 ","2,999 "
Defered Income Tax - Long Term Asset,--,--,--,--,--,--,--,--,--,--,--,--,--,--,--,--,--,--,--,--,--,--,--,--,--,"18,725 ",--,--,--,"18,556 ","17,947 ","18,488 ","20,405 ","18,863 ","20,375 ","23,462 ","31,588 ","26,152 ","36,997 ","54,588 ","56,590 ","49,960 ","51,067 ","54,273 ","52,642 ","56,073 ","65,139 ","80,246 ","97,234 ","78,946 ","79,787 ","82,334 ","88,539 ","51,361 ","57,185 ","54,367 ","52,762 ","35,032 ","43,957 ","45,278 ","49,994 ","38,868 ","44,009 ","39,333 ","40,765 ","44,156 ","47,898 ","58,732 ","63,967 ","58,914 ","64,025 ","68,280 ","43,197 ","38,377 ","39,585 "
Other Long Term Assets,"12,568 ","12,906 ","10,100 ","11,476 ","9,553 ","9,533 ","10,149 ","8,770 ","9,620 ","4,581 ","10,365 ","11,203 ","12,755 ","3,516 ","4,185 ","4,784 ","3,341 ","3,067 ","3,117 ","2,825 ","2,890 ","2,936 ","2,971 ","3,065 ","3,137 ","18,486 ","3,194 ","3,272 ","6,617 ","13,947 ","22,807 ","13,168 ","20,674 ","14,841 ","34,519 ","9,719 ","32,150 ","44,261 ","47,549 ","17,360 ","22,442 ","7,286 ","8,515 ","7,252 ","7,731 ","7,373 ","7,545 ","7,039 ","8,252 ","7,393 ","6,842 ","6,984 ","6,826 ","6,969 ","7,064 ","7,134 ","7,438 ","6,359 ","6,812 ","7,956 ","6,900 ","7,122 ","7,024 ","6,743 ","6,742 ","6,760 ","6,713 ","6,530 ","6,446 ","3,101 ","3,090 ","3,010 ","2,898 ","2,865 ","2,851 "
Total Assets,"930,863 ","952,440 ","1,085,777 ","1,298,032 ","1,459,635 ","1,325,062 ","1,221,924 ","1,262,171 ","1,466,859 ","1,307,174 ","1,514,014 ","1,761,642 ","1,813,220 ","1,916,364 ","2,123,255 ","2,203,265 ","2,016,066 ","1,967,073 ","1,659,667 ","1,644,408 ","1,673,927 ","1,685,458 ","1,782,763 ","1,858,781 ","2,015,178 ","1,953,270 ","1,984,341 ","2,788,853 ","2,405,167 ","2,528,134 ","2,578,287 ","2,502,834 ","2,510,217 ","2,575,976 ","2,516,043 ","2,474,437 ","2,590,486 ","2,653,196 ","2,915,996 ","2,702,057 ","3,128,170 ","3,024,839 ","3,170,261 ","3,224,704 ","3,275,785 ","3,303,624 ","3,232,112 ","3,079,522 ","3,048,466 ","3,147,290 ","3,072,982 ","3,193,151 ","3,264,281 ","3,151,877 ","2,968,763 ","2,942,027 ","3,026,020 ","3,377,591 ","3,343,064 ","3,333,102 ","3,340,286 ","3,338,183 ","2,796,211 ","2,798,407 ","2,970,596 ","2,811,230 ","2,725,900 ","2,823,179 ","2,801,650 ","2,825,952 ","2,857,466 ","2,937,326 ","3,225,945 ","3,265,580 ","3,581,086 "
,,,,,,,,,,,,,,,,,,,,,,,,,,,,,,,,,,,,,,,,,,,,,,,,,,,,,,,,,,,,,,,,,,,,,,,,,,,
Liabilities (THB Thousands),,,,,,,,,,,,,,,,,,,,,,,,,,,,,,,,,,,,,,,,,,,,,,,,,,,,,,,,,,,,,,,,,,,,,,,,,,,
Accounts Payable,"156,157 ","170,944 ","240,470 ","286,586 ","352,891 ","222,263 ","247,876 ","294,853 ","297,830 ","266,072 ","356,714 ","498,477 ","540,818 ","454,315 ","470,804 ","479,667 ","433,108 ","256,940 ","193,619 ","203,947 ","192,397 ","240,996 ","299,912 ","320,764 ","336,983 ","210,495 ","271,900 ","328,883 ","309,199 ","350,615 ","349,076 ","291,368 ","285,795 ","303,350 ","214,333 ","232,612 ","287,979 ","289,628 ","228,426 ","288,451 ","382,316 ","287,392 ","286,831 ","308,187 ","260,829 ","230,594 ","242,429 ","261,458 ","363,322 ","361,375 ","286,107 ","372,347 ","434,310 ","365,107 ","269,555 ","302,722 ","354,960 ","397,834 ","284,020 ","310,399 ","311,584 ","248,866 ","173,482 ","199,760 ","316,104 ","284,879 ","233,781 ","301,364 ","251,866 ","220,273 ","239,409 ","227,396 ","283,706 ","334,542 ","279,845 "
Accrued Expenses,--,--,--,--,--,--,--,--,--,"17,669 ",--,--,"58,692 ","79,130 ","73,171 ","97,888 ","64,567 ","48,311 ","38,197 ","37,884 ","65,574 ","34,230 ","40,597 ","56,304 ","72,511 ","34,510 ","50,787 ","53,424 ","68,704 ","56,853 ","74,305 ","83,947 ","95,793 ","58,942 ","73,911 ","92,112 ","89,425 ","55,761 ","58,697 ","80,745 ","104,040 ","83,897 ","78,751 ","101,287 ","123,463 ","129,890 ","108,128 ","132,432 ","135,928 ",--,"114,437 ","135,908 ","132,860 ",--,--,--,--,--,--,--,--,--,--,--,--,--,--,--,--,--,--,--,--,--,--
Notes Payable/Short Term Debt,"56,372 ","58,211 ","104,172 ","150,598 ","234,488 ","251,097 ","145,292 ","137,129 ","280,041 ","104,348 ","201,003 ","269,892 ","299,295 ","239,676 ","394,315 ","468,224 ","472,658 ","495,493 ","207,179 ","271,833 ","265,914 ","247,298 ","230,222 ","321,469 ","386,176 ","454,371 ","406,887 ","638,586 ","251,733 ","345,755 ","329,106 ","239,991 ","306,760 ","267,973 ","220,555 ","240,421 ","362,513 ","359,552 ","491,477 ","637,318 ","865,534 ","851,053 ","1,002,052 ","1,027,430 ","829,416 ","788,828 ","940,849 ","637,102 ","567,347 ","601,930 ","581,535 ","554,485 ","771,652 ","833,637 ","775,476 ","642,065 ","728,633 ","885,349 ","1,031,863 ","1,010,748 ","1,011,517 ","945,409 ","656,713 ","665,429 ","699,005 ","621,805 ","642,942 ","750,943 ","824,459 ","884,197 ","916,085 ","1,046,022 ","1,175,255 ","1,126,295 ","1,377,266 "
Current Port. of LT Debt/Capital Leases,"36,454 ","54,614 ","47,199 ","58,103 ","57,965 ","68,839 ","71,830 ","71,103 ","74,158 ","73,505 ","73,505 ","89,501 ","91,558 ","93,852 ","90,130 ","85,659 ","85,809 ","99,746 ","83,248 ","86,391 ","83,066 ","57,716 ","57,585 ","49,592 ","49,601 ","49,745 ","49,930 ","31,055 ","31,262 ","15,235 ","15,268 ","13,905 ","14,080 ","11,628 ","9,902 ","606,454 ","603,921 ","601,089 ","600,431 ",342 ,55 ,0 ,"199,826 ","399,645 ","399,745 ","399,844 ","199,944 ","59,932 ","259,790 ","259,859 ","259,927 ","497,957 ","498,348 ","399,643 ","399,834 ","442,539 ","267,375 ","268,052 ","283,925 ","113,041 ","117,220 ","115,758 ","116,153 ","116,379 ","117,508 ","113,542 ","109,359 ","108,862 ","113,777 ","116,967 ","123,094 ","124,888 ","124,894 ","125,200 ","125,117 "
"Other Current liabilities, Total","86,819 ","130,946 ","158,004 ","125,681 ","102,624 ","79,549 ","95,081 ","81,803 ","94,705 ","119,842 ","132,321 ","143,548 ","100,643 ","205,492 ","182,481 ","210,143 ","143,051 ","192,820 ","75,132 ","93,457 ","64,931 ","100,369 ","76,653 ","44,112 ","56,567 ","49,764 ","107,241 ","60,079 ","46,593 ","42,691 ","57,865 ","93,883 ","69,151 ","84,134 ","144,189 ","125,041 ","110,740 ","98,328 ","97,298 ","152,806 ","141,685 ","129,517 ","109,282 ","81,904 ","63,552 ","59,497 ","72,733 ","70,813 ","76,857 ","191,509 ","94,076 ","97,793 ","123,815 ","253,110 ","239,067 ","208,004 ","165,221 ","230,979 ","188,683 ","248,819 ","283,513 ","345,628 ","232,718 ","199,430 ","186,708 ","170,565 ","167,391 ","160,990 ","156,429 ","160,451 ","163,684 ","155,214 ","189,797 ","167,960 ","219,995 "
Dividends Payable,--,--,--,--,--,0 ,--,--,--,"25,330 ",375 ,260 ,37 ,37 ,37 ,53 ,42 ,42 ,42 ,"1,280 ",116 ,112 ,56 ,61 ,450 ,68 ,64 ,69 ,67 ,67 ,67 ,338 ,659 ,609 ,601 ,"1,298 ",497 ,497 ,497 ,858 ,239 ,238 ,227 ,234 ,216 ,216 ,216 ,417 ,232 ,227 ,226 ,226 ,226 ,211 ,211 ,211 ,211 ,211 ,211 ,927 ,300 ,233 ,233 ,306 ,253 ,--,--,--,--,--,--,--,--,--,--
Customer Advances,--,"89,598 ","103,421 ","91,890 ","62,767 ","11,015 ","25,555 ","29,091 ","34,264 ","57,713 ","63,417 ","75,856 ","70,820 ","119,665 ","94,287 ","118,174 ","98,937 ","55,134 ","28,614 ","25,252 ","30,414 ","35,779 ","39,460 ","14,604 ","11,563 ","9,023 ","73,434 ","39,467 ","30,572 ","32,222 ","42,385 ","58,319 ","50,581 ","38,067 ","116,683 ","107,189 ","101,607 ","56,234 ","64,226 ","69,089 ","86,267 ","72,132 ","52,013 ","32,882 ","31,394 ","34,537 ","31,211 ","35,338 ","49,023 ","51,996 ","53,000 ","75,422 ","106,306 ","54,324 ","60,239 ","58,624 ","44,053 ","56,331 ","49,194 ","130,270 ","146,086 ","128,351 ","69,103 ","41,066 ","55,370 ",--,--,--,--,--,--,--,--,--,--
Income Taxes Payable,--,--,--,--,--,--,--,--,--,"27,257 ","33,841 ","24,282 ",--,"42,162 ","64,244 ","52,483 ","16,435 ","12,569 ","29,765 ","22,827 ","11,610 ","9,732 ","18,035 ","11,299 ","22,891 ","27,861 ","27,861 ","14,510 ","2,854 ",0 ,"8,329 ","13,809 ","3,685 ","21,127 ","21,158 ",0 ,441 ,"11,198 ","12,242 ",0 ,0 ,"3,017 ","9,047 ","14,058 ","2,422 ","5,814 ","7,167 ","5,563 ",0 ,"4,920 ","6,910 ","8,014 ","1,751 ","6,478 ","7,615 ","9,994 ","6,980 ","35,391 ","35,336 ","28,442 ","17,119 ","18,283 ","18,303 ","8,800 ","23,644 ","22,289 ","22,299 ","17,421 ","12,335 ",428 ,85 ,"1,431 ",975 ,"21,607 ","53,296 "
Other Payables,--,--,--,--,--,--,--,--,--,--,--,--,--,--,--,--,--,--,--,--,--,--,--,--,--,--,--,--,--,--,--,--,--,"6,919 ",--,"11,696 ",0 ,"5,650 ","6,539 ","64,621 ","31,900 ","28,697 ","30,872 ","15,352 ","12,606 ","5,362 ","16,270 ","10,810 ","11,391 ","122,071 ","8,827 ",--,--,"182,093 ","166,065 ","135,544 ","110,650 ","135,907 ","100,799 ","86,080 ","116,318 ","190,188 ","142,447 ","146,547 ","104,674 ","148,276 ","145,093 ","143,569 ","144,094 ","158,858 ","163,163 ","153,477 ","188,822 ","146,253 ","166,699 "
Other Current Liabilities,"86,819 ","41,348 ","54,583 ","33,791 ","39,857 ","68,534 ","69,526 ","52,712 ","60,441 ","9,542 ","34,688 ","43,150 ","29,786 ","43,628 ","23,913 ","39,433 ","27,637 ","125,075 ","16,710 ","44,098 ","22,791 ","54,746 ","19,102 ","18,149 ","21,663 ","12,812 ","5,882 ","6,033 ","13,100 ","10,402 ","7,085 ","21,418 ","14,227 ","17,411 ","5,747 ","4,858 ","8,195 ","24,749 ","13,794 ","18,239 ","23,279 ","25,432 ","17,123 ","19,379 ","16,914 ","13,567 ","17,869 ","18,685 ","16,211 ","12,295 ","25,113 ","14,131 ","15,532 ","10,004 ","4,937 ","3,630 ","3,326 ","3,139 ","3,142 ","3,100 ","3,691 ","8,573 ","2,633 ","2,711 ","2,767 ",0 ,--,--,--,"1,164 ",437 ,306 ,0 ,101 ,0 
Total Current Liabilities,"335,802 ","414,715 ","549,845 ","620,968 ","747,968 ","621,748 ","560,079 ","584,888 ","746,734 ","581,436 ","763,543 ","1,001,418 ","1,091,006 ","1,072,465 ","1,210,901 ","1,341,581 ","1,199,193 ","1,093,310 ","597,375 ","693,511 ","671,882 ","680,608 ","704,968 ","792,241 ","901,837 ","798,886 ","886,745 ","1,112,026 ","707,491 ","811,149 ","825,620 ","723,093 ","771,579 ","726,027 ","662,891 ","1,296,639 ","1,454,578 ","1,404,359 ","1,476,329 ","1,159,663 ","1,493,629 ","1,351,859 ","1,676,743 ","1,918,454 ","1,677,005 ","1,608,653 ","1,564,084 ","1,161,738 ","1,403,244 ","1,414,673 ","1,336,081 ","1,658,490 ","1,960,985 ","1,851,496 ","1,683,932 ","1,595,330 ","1,516,189 ","1,782,214 ","1,788,491 ","1,683,007 ","1,723,834 ","1,655,662 ","1,179,067 ","1,180,999 ","1,319,326 ","1,190,791 ","1,153,473 ","1,322,159 ","1,346,531 ","1,381,888 ","1,442,273 ","1,553,519 ","1,773,652 ","1,753,997 ","2,002,222 "
,,,,,,,,,,,,,,,,,,,,,,,,,,,,,,,,,,,,,,,,,,,,,,,,,,,,,,,,,,,,,,,,,,,,,,,,,,,
Total Long Term Debt,"396,784 ","370,337 ","369,523 ","335,848 ","335,098 ","301,497 ","297,693 ","264,745 ","260,940 ","227,993 ","224,188 ","232,909 ","207,341 ","178,685 ","158,441 ","160,333 ","136,459 ","90,135 ","94,389 ","98,569 ","95,829 ","73,119 ","70,972 ","48,448 ","46,167 ","23,481 ","20,952 ","614,958 ","612,510 ","616,824 ","613,473 ","610,062 ","606,610 ","600,742 ","599,753 ",427 ,136 ,0 ,"199,690 ","399,227 ","499,131 ","499,248 ","299,539 ","99,838 ","399,043 ","459,025 ","459,150 ","797,184 ","597,682 ","597,969 ","598,250 ","399,066 ","199,372 ","199,464 ","199,553 ","257,100 ","419,749 ","403,066 ","422,709 ","570,758 ","543,533 ","515,108 ","483,842 ","454,947 ","426,154 ","389,157 ","363,726 ","378,506 ","356,734 ","342,237 ","347,116 ","339,758 ","309,568 ","280,256 ","248,936 "
Long Term Debt,"396,784 ","370,337 ","369,523 ","335,848 ","335,098 ","301,497 ","297,693 ","264,745 ","260,940 ","227,993 ","224,188 ","232,909 ","207,341 ","178,685 ","158,441 ","160,333 ","136,459 ","90,135 ","94,389 ","98,569 ","95,829 ","73,119 ","70,972 ","48,448 ","46,167 ","23,481 ","20,952 ","614,958 ","612,510 ","611,862 ","609,212 ","606,517 ","603,795 ","600,742 ","599,753 ",427 ,136 ,0 ,"199,690 ","399,227 ","499,131 ","499,248 ","299,539 ","99,838 ","399,043 ","459,025 ","459,150 ","797,184 ","597,682 ","597,969 ","598,250 ","399,066 ","199,372 ","199,464 ","199,553 ","257,100 ","243,524 ","233,122 ","220,462 ","378,568 ","359,725 ","342,382 ","322,028 ","304,679 ","287,336 ","269,993 ","252,638 ","275,660 ","261,498 ","255,117 ","264,507 ","265,868 ","243,324 ","220,780 ","198,223 "
Capital Lease Obligations,--,--,--,--,--,--,--,--,--,--,--,--,--,--,--,--,--,--,--,--,--,--,--,--,--,0 ,--,--,--,"4,961 ","4,261 ","3,546 ","2,815 ",--,--,--,--,--,--,--,--,--,--,--,--,--,--,--,--,--,--,--,--,--,--,--,"176,225 ","169,944 ","202,247 ","192,190 ","183,808 ","172,725 ","161,814 ","150,268 ","138,818 ","119,164 ","111,087 ","102,846 ","95,236 ","87,119 ","82,610 ","73,890 ","66,244 ","59,476 ","50,713 "
Total Debt,"489,610 ","483,162 ","520,894 ","544,549 ","627,551 ","621,433 ","514,815 ","472,977 ","615,139 ","405,846 ","498,696 ","592,302 ","598,194 ","512,213 ","642,886 ","714,216 ","694,926 ","685,374 ","384,816 ","456,793 ","444,809 ","378,133 ","358,778 ","419,509 ","481,944 ","527,597 ","477,770 ","1,284,598 ","895,505 ","977,814 ","957,846 ","863,958 ","927,450 ","880,342 ","830,211 ","847,302 ","966,569 ","960,641 ","1,291,599 ","1,036,887 ","1,364,719 ","1,350,301 ","1,501,418 ","1,526,914 ","1,628,203 ","1,647,697 ","1,599,943 ","1,494,218 ","1,424,819 ","1,459,758 ","1,439,711 ","1,451,508 ","1,469,373 ","1,432,744 ","1,374,863 ","1,341,704 ","1,415,758 ","1,556,467 ","1,738,497 ","1,694,546 ","1,672,270 ","1,576,275 ","1,256,708 ","1,236,755 ","1,242,667 ","1,124,504 ","1,116,027 ","1,238,311 ","1,294,970 ","1,343,400 ","1,386,296 ","1,510,668 ","1,609,718 ","1,531,751 ","1,751,319 "
Minority Interest,1 ,1 ,0 ,0 ,1 ,1 ,1 ,1 ,1 ,1 ,1 ,1 ,1 ,1 ,1 ,2 ,2 ,2 ,1 ,1 ,1 ,1 ,1 ,1 ,1 ,1 ,0 ,0 ,0 ,"1,480 ","2,109 ","1,424 ",645 ,"1,023 ",692 ,(587),(247),"1,305 ","3,461 ","8,198 ","8,889 ","(11,370)","(10,333)","(12,141)","(7,839)","(7,540)","(7,099)","(6,841)","(10,264)","(10,002)","(11,054)","(11,966)","(13,234)","(14,132)","(14,061)","(16,213)","(17,071)","(20,005)","(21,600)","(22,781)","(23,024)","(23,301)","(24,553)","(24,944)","(25,667)","(26,429)","(27,248)","(28,144)","(28,870)","(29,258)","(30,123)","(31,144)","(31,566)","(32,092)","(32,071)"
"Other Liabilities, Total",--,--,--,--,--,--,--,--,--,--,--,--,--,--,--,--,--,--,--,--,--,0 ,"43,173 ","44,913 ","46,653 ","48,046 ","50,966 ","51,066 ","54,118 ","55,889 ","58,226 ","60,562 ","62,899 ","64,852 ","67,248 ","69,734 ","72,175 ","74,616 ","88,750 ","92,236 ","95,723 ","96,588 ","100,366 ","103,837 ","107,615 ","109,153 ","113,203 ","117,095 ","120,703 ","99,867 ","99,131 ","102,031 ","104,931 ","85,989 ","87,908 ","112,474 ","114,662 ","105,311 ","105,822 ","108,007 ","110,192 ","107,513 ","109,703 ","111,900 ","114,093 ","112,592 ","114,884 ","117,176 ","119,468 ","115,010 ","117,289 ","119,568 ","121,856 ","117,765 ","120,057 "
Pension Benefits - Underfunded,--,--,--,--,--,--,--,--,--,--,--,--,--,--,--,--,--,--,--,--,--,0 ,"43,173 ","44,913 ","46,653 ","48,046 ","50,966 ","51,066 ","54,118 ","55,889 ","58,226 ","60,562 ","62,899 ","64,852 ","67,248 ","69,734 ","72,175 ","74,616 ","88,750 ","92,236 ","95,723 ","96,588 ","100,366 ","103,837 ","107,615 ","109,153 ","113,203 ","117,095 ","120,703 ","99,867 ","99,131 ","102,031 ","104,931 ","85,989 ","87,908 ","112,474 ","114,662 ","105,311 ","105,822 ","108,007 ","110,192 ","107,513 ","109,703 ","111,900 ","114,093 ","112,592 ","114,884 ","117,176 ","119,468 ","115,010 ","117,289 ","119,568 ","121,856 ","117,765 ","120,057 "
Total Liabilities,"732,587 ","785,053 ","919,368 ","956,816 ","1,083,067 ","923,246 ","857,773 ","849,634 ","1,007,675 ","809,430 ","987,732 ","1,234,328 ","1,298,348 ","1,251,151 ","1,369,343 ","1,501,916 ","1,335,654 ","1,183,446 ","691,765 ","792,082 ","767,712 ","753,728 ","819,114 ","885,603 ","994,659 ","870,414 ","958,664 ","1,778,050 ","1,374,119 ","1,485,342 ","1,499,426 ","1,395,142 ","1,441,733 ","1,392,643 ","1,330,585 ","1,366,213 ","1,526,641 ","1,480,279 ","1,768,230 ","1,659,324 ","2,097,371 ","1,936,325 ","2,066,315 ","2,109,987 ","2,175,823 ","2,169,291 ","2,129,339 ","2,069,175 ","2,111,365 ","2,102,508 ","2,022,408 ","2,147,622 ","2,252,055 ","2,122,818 ","1,957,331 ","1,948,691 ","2,033,529 ","2,270,586 ","2,295,421 ","2,338,991 ","2,354,535 ","2,254,982 ","1,748,058 ","1,722,902 ","1,833,906 ","1,666,110 ","1,604,834 ","1,789,697 ","1,793,863 ","1,809,877 ","1,876,555 ","1,981,702 ","2,173,510 ","2,119,926 ","2,339,145 "
,,,,,,,,,,,,,,,,,,,,,,,,,,,,,,,,,,,,,,,,,,,,,,,,,,,,,,,,,,,,,,,,,,,,,,,,,,,
Shareholders Equity (THB Thousands),,,,,,,,,,,,,,,,,,,,,,,,,,,,,,,,,,,,,,,,,,,,,,,,,,,,,,,,,,,,,,,,,,,,,,,,,,,
"Common Stock, Total","142,643 ","142,643 ","142,643 ","202,643 ","202,643 ","202,643 ","202,643 ","202,643 ","202,643 ","202,643 ","202,643 ","202,643 ","202,643 ","202,643 ","202,643 ","202,643 ","202,643 ","202,643 ","238,436 ","238,436 ","248,146 ","248,146 ","262,964 ","277,323 ","279,697 ","279,898 ","279,898 ","279,898 ","279,898 ","279,898 ","279,898 ","307,888 ","307,888 ","307,888 ","307,888 ","307,888 ","307,888 ","307,889 ","307,889 ","307,889 ","307,889 ","308,008 ","308,008 ","308,008 ","308,008 ","308,008 ","308,008 ","308,008 ","308,008 ","308,008 ","308,008 ","308,008 ","308,008 ","308,008 ","308,008 ","308,008 ","308,008 ","308,008 ","308,008 ","308,008 ","308,008 ","308,008 ","308,008 ","308,008 ","308,008 ","308,008 ","308,008 ","308,008 ","308,008 ","308,008 ","308,008 ","308,008 ","308,008 ","308,008 ","308,008 "
Common Stock,"142,643 ","142,643 ","142,643 ","202,643 ","202,643 ","202,643 ","202,643 ","202,643 ","202,643 ","202,643 ","202,643 ","202,643 ","202,643 ","202,643 ","202,643 ","202,643 ","202,643 ","202,643 ","238,436 ","238,436 ","248,146 ","248,146 ","262,964 ","277,323 ","279,697 ","279,898 ","279,898 ","279,898 ","279,898 ","279,898 ","279,898 ","307,888 ","307,888 ","307,888 ","307,888 ","307,888 ","307,888 ","307,889 ","307,889 ","307,889 ","307,889 ","308,008 ","308,008 ","308,008 ","308,008 ","308,008 ","308,008 ","308,008 ","308,008 ","308,008 ","308,008 ","308,008 ","308,008 ","308,008 ","308,008 ","308,008 ","308,008 ","308,008 ","308,008 ","308,008 ","308,008 ","308,008 ","308,008 ","308,008 ","308,008 ","308,008 ","308,008 ","308,008 ","308,008 ","308,008 ","308,008 ","308,008 ","308,008 ","308,008 ","308,008 "
Additional Paid-In Capital,0 ,0 ,--,"105,093 ","105,093 ","105,093 ","105,093 ","105,093 ","105,093 ","105,093 ","105,093 ","105,093 ","105,093 ","105,093 ","105,093 ","105,093 ","105,093 ","105,093 ","176,680 ","176,680 ","196,099 ","196,099 ","225,736 ","254,453 ","259,203 ","259,605 ","259,605 ","259,605 ","259,605 ","259,605 ","259,605 ","259,605 ","259,605 ","259,605 ","259,605 ","259,605 ","259,605 ","259,609 ","259,609 ","259,609 ","259,609 ","260,145 ","260,145 ","260,145 ","260,145 ","260,145 ","260,145 ","260,145 ","260,145 ","260,145 ","260,145 ","260,145 ","260,145 ","260,145 ","260,145 ","260,145 ","260,145 ","260,145 ","260,145 ","260,145 ","260,145 ","260,145 ","260,145 ","260,145 ","260,145 ","260,145 ","260,145 ","260,145 ","260,145 ","260,145 ","260,145 ","260,145 ","260,145 ","260,145 ","260,145 "
Retained Earnings (Accumulated Deficit),"55,635 ","24,747 ","23,768 ","33,480 ","68,834 ","94,080 ","56,416 ","104,803 ","151,448 ","190,007 ","218,544 ","219,578 ","207,137 ","357,476 ","446,176 ","393,613 ","372,675 ","475,891 ","552,785 ","437,210 ","461,970 ","487,485 ","474,949 ","441,401 ","481,620 ","543,353 ","486,174 ","471,301 ","491,545 ","503,288 ","538,910 ","539,751 ","500,544 ","615,840 ","617,966 ","540,732 ","496,352 ","605,419 ","580,268 ","475,234 ","463,301 ","520,361 ","535,793 ","546,564 ","531,809 ","566,180 ","534,620 ","442,194 ","368,947 ","476,629 ","482,421 ","477,376 ","444,072 ","460,906 ","443,279 ","425,182 ","424,337 ","538,852 ","479,489 ","425,958 ","417,598 ","515,048 ","479,999 ","507,351 ","568,536 ","576,966 ","552,913 ","465,329 ","439,633 ","447,922 ","412,758 ","387,471 ","484,282 ","577,500 ","673,787 "
"Other Equity, Total",--,--,--,--,--,--,--,--,--,--,--,--,--,--,--,--,--,--,--,--,--,--,--,--,--,--,--,--,--,--,447 ,447 ,447 ,0 ,--,--,--,--,--,--,--,--,--,--,--,--,--,--,--,--,--,--,--,--,--,--,--,--,--,--,--,--,--,--,--,--,--,--,--,--,--,--,--,--,--
Other Equity,--,--,--,--,--,--,--,--,--,--,--,--,--,--,--,--,--,--,--,--,--,--,--,--,--,--,--,--,--,--,447 ,447 ,447 ,0 ,--,--,--,--,--,--,--,--,--,--,--,--,--,--,--,--,--,--,--,--,--,--,--,--,--,--,--,--,--,--,--,--,--,--,--,--,--,--,--,--,--
Total Equity,"198,278 ","167,390 ","166,411 ","341,216 ","376,570 ","401,816 ","364,152 ","412,539 ","459,184 ","497,743 ","526,280 ","527,314 ","514,873 ","665,212 ","753,912 ","701,349 ","680,411 ","783,627 ","967,901 ","852,327 ","906,215 ","931,729 ","963,649 ","973,178 ","1,020,520 ","1,082,856 ","1,025,677 ","1,010,804 ","1,031,048 ","1,042,792 ","1,078,860 ","1,107,691 ","1,068,484 ","1,183,333 ","1,185,459 ","1,108,224 ","1,063,844 ","1,172,917 ","1,147,767 ","1,042,733 ","1,030,799 ","1,088,514 ","1,103,946 ","1,114,717 ","1,099,962 ","1,134,333 ","1,102,774 ","1,010,347 ","937,101 ","1,044,782 ","1,050,575 ","1,045,530 ","1,012,225 ","1,029,060 ","1,011,432 ","993,336 ","992,490 ","1,107,005 ","1,047,643 ","994,111 ","985,751 ","1,083,202 ","1,048,153 ","1,075,504 ","1,136,689 ","1,145,119 ","1,121,066 ","1,033,483 ","1,007,787 ","1,016,075 ","980,911 ","955,625 ","1,052,435 ","1,145,654 ","1,241,941 "
,,,,,,,,,,,,,,,,,,,,,,,,,,,,,,,,,,,,,,,,,,,,,,,,,,,,,,,,,,,,,,,,,,,,,,,,,,,
Total Liabilities & Shareholders' Equity,"930,865 ","952,443 ","1,085,779 ","1,298,032 ","1,459,637 ","1,325,062 ","1,221,925 ","1,262,173 ","1,466,859 ","1,307,173 ","1,514,012 ","1,761,642 ","1,813,221 ","1,916,363 ","2,123,255 ","2,203,265 ","2,016,065 ","1,967,073 ","1,659,667 ","1,644,408 ","1,673,927 ","1,685,458 ","1,782,763 ","1,858,781 ","2,015,178 ","1,953,270 ","1,984,341 ","2,788,853 ","2,405,167 ","2,528,134 ","2,578,287 ","2,502,834 ","2,510,217 ","2,575,976 ","2,516,043 ","2,474,437 ","2,590,486 ","2,653,196 ","2,915,996 ","2,702,057 ","3,128,170 ","3,024,839 ","3,170,261 ","3,224,704 ","3,275,785 ","3,303,624 ","3,232,112 ","3,079,522 ","3,048,466 ","3,147,290 ","3,072,982 ","3,193,151 ","3,264,281 ","3,151,877 ","2,968,763 ","2,942,027 ","3,026,020 ","3,377,591 ","3,343,064 ","3,333,102 ","3,340,286 ","3,338,183 ","2,796,211 ","2,798,407 ","2,970,596 ","2,811,230 ","2,725,900 ","2,823,179 ","2,801,650 ","2,825,952 ","2,857,466 ","2,937,326 ","3,225,945 ","3,265,580 ","3,581,086 "
,,,,,,,,,,,,,,,,,,,,,,,,,,,,,,,,,,,,,,,,,,,,,,,,,,,,,,,,,,,,,,,,,,,,,,,,,,,
Supplemental (THB Thousands),,,,,,,,,,,,,,,,,,,,,,,,,,,,,,,,,,,,,,,,,,,,,,,,,,,,,,,,,,,,,,,,,,,,,,,,,,,
Total Common Shares Outstanding,"111,453 ","111,453 ","111,453 ","111,453 ","111,453 ","111,453 ","111,453 ","111,453 ","111,453 ","111,453 ","111,453 ","111,453 ","111,453 ","111,453 ","111,453 ","222,907 ","222,907 ","222,907 ","262,280 ","262,280 ","272,960 ","272,960 ","289,260 ","305,055 ","307,667 ","307,989 ","307,888 ","307,888 ","307,989 ","307,989 ","307,888 ","307,888 ","307,888 ","307,888 ","307,888 ","307,888 ","307,888 ","307,889 ","307,889 ","307,889 ","307,889 ","308,008 ","308,008 ","308,008 ","308,008 ","308,008 ","308,008 ","308,008 ","308,008 ","308,008 ","308,008 ","308,008 ","308,008 ","308,008 ","308,008 ","308,008 ","308,008 ","308,008 ","308,008 ","308,008 ","308,008 ","308,008 ","308,008 ","308,008 ","308,008 ","308,008 ","308,008 ","308,008 ","308,008 ","308,008 ","308,008 ","308,008 ","308,008 ","308,008 ","308,008 "
Shares Outs - Common Stock Primary Issue,"111,453 ","111,453 ","111,453 ","111,453 ","111,453 ","111,453 ","111,453 ","111,453 ","111,453 ","111,453 ","111,453 ","111,453 ","111,453 ","111,453 ","111,453 ","222,907 ","222,907 ","222,907 ","262,280 ","262,280 ","272,960 ","272,960 ","289,260 ","305,055 ","307,667 ","307,989 ","307,888 ","307,888 ","307,989 ","307,989 ","307,888 ","307,888 ","307,888 ","307,888 ","307,888 ","307,888 ","307,888 ","307,889 ","307,889 ","307,889 ","307,889 ","308,008 ","308,008 ","308,008 ","308,008 ","308,008 ","308,008 ","308,008 ","308,008 ","308,008 ","308,008 ","308,008 ","308,008 ","308,008 ","308,008 ","308,008 ","308,008 ","308,008 ","308,008 ","308,008 ","308,008 ","308,008 ","308,008 ","308,008 ","308,008 ","308,008 ","308,008 ","308,008 ","308,008 ","308,008 ","308,008 ","308,008 ","308,008 ","308,008 ","308,008 "
Treas Shares - Common Stock Prmry Issue,--,--,--,--,--,--,0 ,0 ,0 ,0 ,0 ,0 ,0 ,--,--,--,--,--,--,--,--,--,--,--,--,0 ,--,--,--,0 ,--,--,0 ,0 ,0 ,0 ,0 ,0 ,0 ,0 ,0 ,0 ,0 ,0 ,0 ,0 ,0 ,0 ,0 ,0 ,0 ,0 ,0 ,0 ,0 ,0 ,0 ,0 ,0 ,0 ,0 ,0 ,0 ,0 ,0 ,0 ,0 ,0 ,0 ,0 ,0 ,0 ,0 ,0 ,0 
Minority Interest - Non Redeemable,1 ,1 ,0 ,0 ,1 ,1 ,1 ,1 ,1 ,1 ,1 ,1 ,1 ,1 ,1 ,2 ,2 ,2 ,1 ,1 ,1 ,1 ,1 ,1 ,1 ,1 ,0 ,0 ,0 ,"1,480 ","2,109 ","1,424 ",645 ,"1,023 ",692 ,(587),(247),"1,305 ","3,461 ","8,198 ","8,889 ","(11,370)","(10,333)","(12,141)","(7,839)","(7,540)","(7,099)","(6,841)","(10,264)","(10,002)","(11,054)","(11,966)","(13,234)","(14,132)","(14,061)","(16,213)","(17,071)","(20,005)","(21,600)","(22,781)","(23,024)","(23,301)","(24,553)","(24,944)","(25,667)","(26,429)","(27,248)","(28,144)","(28,870)","(29,258)","(30,123)","(31,144)","(31,566)","(32,092)","(32,071)"
Total Equity & Minority Interest,"198,279 ","167,391 ","166,411 ","341,216 ","376,571 ","401,817 ","364,153 ","412,540 ","459,185 ","497,744 ","526,281 ","527,315 ","514,874 ","665,213 ","753,913 ","701,351 ","680,413 ","783,628 ","967,903 ","852,328 ","906,216 ","931,731 ","963,650 ","973,178 ","1,020,520 ","1,082,857 ","1,025,677 ","1,010,803 ","1,031,049 ","1,044,272 ","1,080,969 ","1,109,116 ","1,069,129 ","1,184,356 ","1,186,151 ","1,107,637 ","1,063,597 ","1,174,222 ","1,151,228 ","1,050,931 ","1,039,688 ","1,077,144 ","1,093,613 ","1,102,576 ","1,092,123 ","1,126,793 ","1,095,675 ","1,003,506 ","926,837 ","1,034,781 ","1,039,521 ","1,033,564 ","998,991 ","1,014,928 ","997,371 ","977,123 ","975,419 ","1,087,000 ","1,026,043 ","971,330 ","962,727 ","1,059,900 ","1,023,600 ","1,050,561 ","1,111,022 ","1,118,690 ","1,093,818 ","1,005,339 ","978,917 ","986,817 ","950,788 ","924,481 ","1,020,869 ","1,113,561 ","1,209,870 "
Full-Time Employees,--,514 ,--,--,--,563 ,--,--,--,532 ,--,--,--,--,--,--,--,512 ,--,--,--,479 ,--,--,--,497 ,--,--,--,511 ,--,--,--,552 ,--,--,--,522 ,--,--,--,--,--,--,--,--,--,--,--,--,--,--,--,--,--,--,--,--,--,--,--,--,--,--,--,--,--,--,--,--,--,--,--,--,--
Other Property/Plant/Equipment - Net,"243,289 ","235,796 ","229,583 ","224,338 ","218,219 ","210,301 ","204,077 ","201,754 ","193,502 ","186,480 ","199,217 ","199,915 ","203,929 ","202,015 ","197,551 ","193,433 ","191,774 ","189,079 ","188,183 ","245,208 ","243,878 ","239,740 ","233,530 ","237,361 ","237,063 ","253,864 ","368,581 ","368,922 ","397,952 ","432,716 ","430,698 ","441,329 ","435,604 ","441,728 ","441,858 ","483,998 ","492,306 ","552,089 ","551,760 ","696,289 ","771,714 ","820,284 ","925,824 ","1,015,995 ","1,067,859 ","1,092,872 ","1,116,697 ","1,124,737 ","1,122,277 ","1,109,211 ","1,098,396 ","1,084,629 ","1,073,865 ","1,056,850 ","1,038,915 ","1,030,380 ","1,034,985 ","994,862 ","1,029,779 ","1,006,894 ","992,275 ","972,701 ","953,209 ","935,134 ","917,760 ","885,233 ","887,519 ","894,213 ","901,617 ","915,908 ","942,042 ","935,899 ","923,618 ","916,349 ","905,990 "
Intangibles - Net,"14,917 ","13,789 ","12,680 ","11,613 ","10,535 ","9,457 ","8,402 ","7,336 ","6,258 ","11,721 ","4,125 ","3,059 ","1,980 ","9,876 ","9,570 ","10,130 ","10,597 ","17,619 ","11,064 ","11,316 ","28,625 ","28,801 ","28,870 ","28,677 ","25,970 ","27,067 ","25,762 ","21,821 ","20,828 ","27,439 ","23,414 ","22,468 ","24,841 ","26,496 ","24,298 ","24,368 ","22,304 ","21,077 ","20,277 ","19,381 ","17,093 ","14,281 ","20,283 ","19,433 ","27,278 ","10,711 ","10,320 ","9,287 ","9,236 ","8,151 ","13,314 ","11,873 ","10,699 ","9,101 ","9,399 ","8,038 ","6,802 ","5,511 ","4,516 ","36,648 ","35,201 ","34,264 ","33,034 ","31,074 ","32,739 ","34,018 ","42,339 ","41,489 ","40,518 ","39,551 ","39,391 ","38,596 ","37,731 ","37,163 ","36,391 "
Goodwill - Net,--,--,--,--,--,--,--,--,--,--,--,--,--,--,--,--,--,--,--,--,--,--,--,--,--,0 ,--,--,--,"19,772 ","19,772 ","19,772 ","19,772 ","19,772 ","19,772 ","19,772 ","19,772 ","19,772 ","19,772 ","19,772 ","19,772 ","19,772 ","19,772 ","19,772 ","19,772 ","19,772 ","19,772 ","19,772 ","19,772 ","19,772 ","19,772 ","19,772 ","19,772 ","19,772 ","19,772 ","19,772 ","19,772 ","19,772 ","19,772 ","19,772 ","19,772 ","19,772 ","19,772 ","19,772 ","19,772 ","19,772 ","19,772 ","19,772 ","19,772 ","19,772 ","19,772 ","19,772 ","19,772 ","19,772 ","19,772 "
"Right-of-Use Assets-Cap.Lease,Net-Suppl.",--,--,--,--,--,--,--,--,--,--,--,--,--,--,--,--,--,--,--,--,--,--,--,--,--,--,--,--,--,--,--,--,--,--,--,--,--,--,--,--,--,--,--,--,--,--,--,--,--,--,--,--,--,--,--,--,--,--,"299,354 ","293,834 ","289,913 ","282,852 ","276,051 ","268,552 ","260,985 ","241,311 ","235,237 ","227,844 ","222,531 ","218,759 ","220,543 ","216,391 ","213,338 ","211,545 ","207,449 "
Contract Assets - Short Term,--,--,--,--,--,--,--,--,--,--,--,--,--,--,--,--,--,--,--,--,--,--,--,--,--,--,--,--,--,--,--,--,--,--,--,--,--,--,--,--,--,--,--,--,--,--,--,--,--,--,--,--,--,--,--,--,--,--,0 ,"2,269 ",0 ,0 ,"4,353 ","3,580 ","2,789 ","11,134 ","5,731 ","1,327 ","2,024 ","1,241 ",318 ,0 ,0 ,0 ,--
Deferred Revenue - Current,--,"89,598 ","103,421 ","91,890 ","62,767 ","11,015 ","25,555 ","29,091 ","34,264 ","57,713 ","63,417 ","75,856 ","70,820 ","119,665 ","94,287 ","118,174 ","98,937 ","55,134 ","28,614 ","25,252 ","30,414 ","35,779 ","39,460 ","14,604 ","11,563 ","9,023 ","73,434 ","39,467 ","30,572 ","32,222 ","42,385 ","58,319 ","50,581 ","38,067 ","116,683 ","107,189 ","101,607 ","56,234 ","64,226 ","69,089 ","86,267 ","72,132 ","52,013 ","32,882 ","31,394 ","34,537 ","31,211 ","35,338 ","49,023 ","51,996 ","53,000 ","75,422 ","106,306 ","54,324 ","60,239 ","58,624 ","44,053 ","56,331 ","49,194 ","130,270 ","146,086 ","128,351 ","69,103 ","41,066 ","55,370 ",--,--,--,--,--,--,--,--,--,--
"Curr. Port. of LT Capital Leases, Suppl.",--,--,--,--,--,--,--,--,--,--,--,--,--,--,--,--,--,--,--,--,--,--,--,--,--,--,--,--,--,--,--,--,--,--,--,--,--,--,--,--,--,--,--,--,--,--,--,--,--,--,--,--,--,--,--,--,"26,021 ","26,607 ","42,386 ","43,651 ","47,830 ","46,369 ","46,764 ","46,990 ","48,119 ","44,153 ","39,970 ","37,782 ","35,714 ","33,677 ","34,614 ","34,699 ","34,705 ","35,011 ","34,921 "
"Curr Derivative Liab. Hedging, Suppl.",--,--,--,--,--,--,--,--,--,--,--,--,--,--,--,--,--,--,--,--,--,--,--,--,--,--,--,--,--,--,--,--,--,--,--,--,--,--,--,--,--,--,--,--,--,--,--,--,--,--,--,--,--,--,--,--,--,--,--,--,--,--,--,--,--,--,--,--,--,"1,164 ",437 ,306 ,0 ,101 ,0 
Total Current Assets less Inventory,"258,236 ","241,239 ","339,524 ","530,176 ","666,232 ","618,443 ","380,529 ","580,740 ","660,655 ","406,672 ","563,940 ","600,360 ","367,762 ","545,074 ","790,395 ","866,370 ","576,730 ","787,781 ","531,422 ","470,393 ","548,881 ","541,814 ","629,230 ","719,525 ","738,003 ","644,178 ","395,711 ","1,164,194 ","879,144 ","777,415 ","739,144 ","978,035 ","980,850 ","1,161,709 ","1,046,230 ","923,410 ","852,457 ","1,062,177 ","1,399,307 ","1,048,372 ","1,290,838 ","1,262,456 ","1,164,138 ","1,010,870 ","1,125,627 ","1,206,422 ","1,131,867 ","896,971 ","843,881 ","1,038,399 ","859,126 ","943,930 ","929,204 ","1,101,902 ","986,870 ","927,494 ","915,325 ","1,183,347 ","1,016,408 ","796,699 ","851,858 ","1,393,593 ","909,974 ","1,010,534 ","1,084,788 ","1,042,052 ","910,553 ","848,547 ","854,231 ","858,465 ","811,530 ","809,857 ","779,126 ","774,380 ","1,145,353 "
Net Debt Incl. Pref.Stock & Min.Interest,"392,996 ","410,048 ","478,946 ","473,595 ","511,581 ","519,378 ","477,224 ","392,525 ","487,578 ","303,729 ","436,501 ","519,061 ","577,686 ","324,075 ","589,855 ","675,899 ","510,053 ","422,808 ","221,896 ","330,985 ","346,133 ","141,459 ","179,360 ","260,460 ","266,612 ","262,833 ","345,054 ","627,257 ","542,301 ","695,046 ","775,689 ","697,806 ","743,151 ","319,461 ","199,892 ","413,653 ","577,902 ","390,731 ","543,518 ","801,179 ","1,078,903 ","966,637 ","1,215,990 ","1,313,199 ","1,336,630 ","1,321,508 ","1,360,739 ","1,349,724 ","1,301,770 ","1,135,539 ","1,275,351 ","1,255,284 ","1,210,048 ","1,169,504 ","1,182,116 ","1,154,398 ","1,221,747 ","952,425 ","1,382,550 ","1,447,906 ","1,513,775 ","1,208,720 ","1,006,850 ","983,256 ","751,178 ","781,336 ","788,983 ","933,418 ","1,074,571 ","990,877 ","1,125,848 ","1,279,382 ","1,459,807 ","1,318,764 ","1,555,872 "
"Tangible Book Value, Common Equity","183,361 ","153,601 ","153,731 ","329,603 ","366,035 ","392,359 ","355,750 ","405,203 ","452,926 ","486,022 ","522,155 ","524,255 ","512,893 ","655,336 ","744,342 ","691,219 ","669,814 ","766,007 ","956,837 ","841,011 ","877,590 ","902,929 ","934,779 ","944,501 ","994,549 ","1,055,790 ","999,916 ","988,983 ","1,010,220 ","995,580 ","1,035,674 ","1,065,451 ","1,023,871 ","1,137,065 ","1,141,388 ","1,064,084 ","1,021,768 ","1,132,067 ","1,107,718 ","1,003,579 ","993,933 ","1,054,461 ","1,063,891 ","1,075,512 ","1,052,912 ","1,103,851 ","1,072,681 ","981,288 ","908,093 ","1,016,859 ","1,017,488 ","1,013,884 ","981,754 ","1,000,186 ","982,261 ","965,526 ","965,916 ","1,081,722 ","1,023,354 ","937,691 ","930,778 ","1,029,165 ","995,346 ","1,024,658 ","1,084,178 ","1,091,329 ","1,058,955 ","972,222 ","947,496 ","956,752 ","921,747 ","897,257 ","994,932 ","1,088,718 ","1,185,778 "
"Debt & Lease, Pension Items (THB Thousands)",,,,,,,,,,,,,,,,,,,,,,,,,,,,,,,,,,,,,,,,,,,,,,,,,,,,,,,,,,,,,,,,,,,,,,,,,,,
"Total Operating Leases, Supplemental",--,--,--,--,--,--,--,--,--,--,--,--,--,--,--,--,--,--,--,"18,970 ",--,"15,120 ","13,670 ","19,510 ","17,680 ",--,"14,020 ","11,980 ","9,940 ",--,--,--,--,--,--,--,--,--,--,--,--,--,--,--,--,--,--,--,--,--,--,--,--,--,--,--,--,--,--,--,--,--,--,--,--,--,--,--,--,--,--,--,--,--,--
Operating Lease Payments Due in Year 1,--,--,--,--,--,--,--,--,--,--,--,--,--,--,--,--,--,--,--,"7,710 ",--,"5,850 ","5,050 ","8,020 ","8,070 ",--,"8,170 ","8,120 ","7,070 ",--,--,--,--,--,--,--,--,--,--,--,--,--,--,--,--,--,--,--,--,--,--,--,--,--,--,--,--,--,--,--,--,--,--,--,--,--,--,--,--,--,--,--,--,--,--
Operating Lease Payments Due in Year 2,--,--,--,--,--,--,--,--,--,--,--,--,--,--,--,--,--,--,--,"2,815 ",--,"2,318 ","2,155 ","2,873 ","2,403 ",--,"1,463 ",965 ,718 ,--,--,--,--,--,--,--,--,--,--,--,--,--,--,--,--,--,--,--,--,--,--,--,--,--,--,--,--,--,--,--,--,--,--,--,--,--,--,--,--,--,--,--,--,--,--
Operating Lease Payments Due in Year 3,--,--,--,--,--,--,--,--,--,--,--,--,--,--,--,--,--,--,--,"2,815 ",--,"2,318 ","2,155 ","2,873 ","2,403 ",--,"1,463 ",965 ,718 ,--,--,--,--,--,--,--,--,--,--,--,--,--,--,--,--,--,--,--,--,--,--,--,--,--,--,--,--,--,--,--,--,--,--,--,--,--,--,--,--,--,--,--,--,--,--
Operating Lease Payments Due in Year 4,--,--,--,--,--,--,--,--,--,--,--,--,--,--,--,--,--,--,--,"2,815 ",--,"2,318 ","2,155 ","2,873 ","2,403 ",--,"1,463 ",965 ,718 ,--,--,--,--,--,--,--,--,--,--,--,--,--,--,--,--,--,--,--,--,--,--,--,--,--,--,--,--,--,--,--,--,--,--,--,--,--,--,--,--,--,--,--,--,--,--
Operating Lease Payments Due in Year 5,--,--,--,--,--,--,--,--,--,--,--,--,--,--,--,--,--,--,--,"2,815 ",--,"2,318 ","2,155 ","2,873 ","2,403 ",--,"1,463 ",965 ,718 ,--,--,--,--,--,--,--,--,--,--,--,--,--,--,--,--,--,--,--,--,--,--,--,--,--,--,--,--,--,--,--,--,--,--,--,--,--,--,--,--,--,--,--,--,--,--
Operating Lease Pymts. Due in 2-3 Years,--,--,--,--,--,--,--,--,--,--,--,--,--,--,--,--,--,--,--,"5,630 ",--,"4,635 ","4,310 ","5,745 ","4,805 ",--,"2,925 ","1,930 ","1,435 ",--,--,--,--,--,--,--,--,--,--,--,--,--,--,--,--,--,--,--,--,--,--,--,--,--,--,--,--,--,--,--,--,--,--,--,--,--,--,--,--,--,--,--,--,--,--
Operating Lease Pymts. Due in 4-5 Years,--,--,--,--,--,--,--,--,--,--,--,--,--,--,--,--,--,--,--,"5,630 ",--,"4,635 ","4,310 ","5,745 ","4,805 ",--,"2,925 ","1,930 ","1,435 ",--,--,--,--,--,--,--,--,--,--,--,--,--,--,--,--,--,--,--,--,--,--,--,--,--,--,--,--,--,--,--,--,--,--,--,--,--,--,--,--,--,--,--,--,--,--
Oper. Lse. Pymts. Due in Year 6 & Beyond,--,--,--,--,--,--,--,--,--,--,--,--,--,--,--,--,--,--,--,0 ,--,0 ,0 ,0 ,0 ,--,0 ,0 ,0 ,--,--,--,--,--,--,--,--,--,--,--,--,--,--,--,--,--,--,--,--,--,--,--,--,--,--,--,--,--,--,--,--,--,--,--,--,--,--,--,--,--,--,--,--,--,--
Total Funded Status,--,--,--,--,--,--,--,--,--,--,--,--,--,--,--,--,--,--,--,--,--,--,--,--,--,--,--,--,--,--,--,--,--,--,"(67,250)","(69,730)","(72,170)","(74,610)","(88,750)","(92,240)","(95,720)","(96,590)","(100,370)","(103,840)","(107,610)","(109,150)","(113,200)","(117,090)","(120,700)","(98,180)","(99,130)","(102,030)","(104,930)","(85,990)",--,--,--,--,--,--,--,--,--,--,--,--,--,--,--,--,--,--,--,--,--
Unfunded Plan Obligations,--,--,--,--,--,--,--,--,--,--,--,--,--,--,--,--,--,--,--,--,--,--,--,--,--,--,--,--,--,--,--,--,--,--,"67,250 ","69,730 ","72,170 ","74,610 ","88,750 ","92,240 ","95,720 ","96,590 ","100,370 ","103,840 ","107,610 ","109,150 ","113,200 ","117,090 ","120,700 ","98,180 ","99,130 ","102,030 ","104,930 ","85,990 ",--,--,--,--,--,--,--,--,--,--,--,--,--,--,--,--,--,--,--,--,--
Period End Assumptions,--,--,--,--,--,--,--,--,--,--,--,--,--,--,--,--,--,--,--,--,--,--,--,--,--,--,--,--,--,--,--,--,--,--,--,--,--,--,--,--,--,--,--,--,--,--,--,--,--,--,--,--,--,--,--,--,--,--,--,--,--,--,--,--,--,--,--,--,--,--,--,--,--,--,--
Discount Rate - Domestic,--,--,--,--,--,--,--,--,--,--,--,--,--,--,--,--,--,--,--,--,--,--,--,--,--,--,3.25%,3.25%,3.33%,--,3.33%,3.33%,3.33%,--,3.33%,3.33%,3.33%,3.33%,2.49%,2.49%,2.49%,2.49%,2.49%,2.49%,2.49%,2.49%,2.49%,2.49%,2.49%,2.40%,2.13%,2.13%,2.13%,2.13%,--,--,--,--,--,--,--,--,--,--,--,--,--,--,--,--,--,--,--,--,--
Compensation Rate - Domestic,--,--,--,--,--,--,--,--,--,--,--,--,--,--,--,--,--,--,--,--,--,--,--,--,--,--,8.00%,8.00%,8.00%,--,8.00%,8.00%,5.00%,--,5.00%,5.00%,5.00%,5.00%,8.00%,8.00%,8.00%,8.00%,8.00%,8.00%,8.00%,8.00%,8.00%,8.00%,8.00%,5.00%,5.00%,5.00%,5.00%,5.00%,--,--,--,--,--,--,--,--,--,--,--,--,--,--,--,--,--,--,--,--,--
Net Assets Recognized on Balance Sheet,--,--,--,--,--,--,--,--,--,--,--,--,--,--,--,--,--,--,--,--,--,--,"(43,173)","(44,913)","(46,653)",--,"(50,966)","(51,066)","(54,118)",--,"(58,226)","(60,562)","(62,899)","(64,852)","(67,248)","(69,734)","(72,175)",--,--,--,--,--,--,--,--,--,--,--,--,--,--,--,--,--,--,--,--,--,--,--,--,--,--,--,--,--,--,--,--,--,--,--,--,--,--
Accrued Liabilities - Domestic,--,--,--,--,--,--,--,--,--,--,--,--,--,--,--,--,--,--,--,--,--,--,"(43,173)","(44,913)","(46,653)",--,"(50,966)","(51,066)","(54,118)",--,"(58,226)","(60,562)","(62,899)","(64,852)","(67,248)","(69,734)","(72,175)",--,--,--,--,--,--,--,--,--,--,--,--,--,--,--,--,--,--,--,--,--,--,--,--,--,--,--,--,--,--,--,--,--,--,--,--,--,--
Total Plan Obligations,--,--,--,--,--,--,--,--,--,--,--,--,--,--,--,--,--,--,--,--,--,--,--,--,--,--,--,--,--,--,--,--,--,--,"67,250 ","69,730 ","72,170 ","74,610 ","88,750 ","92,240 ","95,720 ","96,590 ","100,370 ","103,840 ","107,610 ","109,150 ","113,200 ","117,090 ","120,700 ","98,180 ","99,130 ","102,030 ","104,930 ","85,990 ",--,--,--,--,--,--,--,--,--,--,--,--,--,--,--,--,--,--,--,--,--
